case,true_hidden,accepted_rc,nsigma_seconds,nsigma_error,nsigma_acc@1,nsigma_acc@3,nsigma_acc@5,nsigma_top1,nsigma_top5,baro_seconds,baro_error,baro_acc@1,baro_acc@3,baro_acc@5,baro_top1,baro_top5,rcd_seconds,rcd_error,rcd_acc@1,rcd_acc@3,rcd_acc@5,rcd_top1,rcd_top5,circa_seconds,circa_error,circa_acc@1,circa_acc@3,circa_acc@5,circa_top1,circa_top5,rcg_seconds,rcg_error,rcg_acc@1,rcg_acc@3,rcg_acc@5,rcg_top1,rcg_top5,nsigma_AC@1,nsigma_Avg@1,nsigma_AC@3,nsigma_Avg@3,nsigma_AC@5,nsigma_Avg@5,nsigma_PRR,baro_AC@1,baro_Avg@1,baro_AC@3,baro_Avg@3,baro_AC@5,baro_Avg@5,baro_PRR,rcd_AC@1,rcd_Avg@1,rcd_AC@3,rcd_Avg@3,rcd_AC@5,rcd_Avg@5,rcd_PRR,circa_AC@1,circa_Avg@1,circa_AC@3,circa_Avg@3,circa_AC@5,circa_Avg@5,circa_PRR,rcg_AC@1,rcg_Avg@1,rcg_AC@3,rcg_Avg@3,rcg_AC@5,rcg_Avg@5,rcg_PRR
uniform_blue_mid.csv,blue,"current,ir_1,ir_2,ir_3,vis_1,vis_2,vis_3",3.07,,1,1,1,current,"current,vis_2,vis_1,vis_3,ir_3",3.17,,1,1,1,current,"current,vis_2,vis_3,vis_1,ir_3",6.18,,1,1,1,vis_2,"vis_2,vis_3,vis_1,ir_3,ir_1",3.49,,1,1,1,ir_3,"ir_3,vis_3,vis_2,angle_1,vis_1",4.43,,1,1,1,vis_2,"vis_2,vis_1,ir_2,ir_1,current",1.0,1.0,1.0,1.0,1.0,1.0,0.0,1.0,1.0,1.0,1.0,1.0,1.0,0.0,1.0,1.0,1.0,1.0,1.0,1.0,0.0,1.0,1.0,1.0,1.0,0.8,0.9099999999999999,0.0,1.0,1.0,1.0,1.0,1.0,1.0,0.0
uniform_blue_strong.csv,blue,"current,ir_1,ir_2,ir_3,vis_1,vis_2,vis_3",3.98,,1,1,1,vis_3,"vis_3,vis_2,vis_1,current,ir_3",3.24,,1,1,1,vis_3,"vis_3,vis_2,vis_1,current,ir_3",4.89,,1,1,1,vis_2,"vis_2,vis_3,vis_1,current,pol_1",3.37,,1,1,1,vis_3,"vis_3,vis_2,vis_1,ir_3,ir_2",3.7,,1,1,1,vis_2,"vis_2,vis_1,current,ir_2,ir_1",1.0,1.0,1.0,1.0,1.0,1.0,0.0,1.0,1.0,1.0,1.0,1.0,1.0,0.0,1.0,1.0,1.0,1.0,0.8,0.96,0.0,1.0,1.0,1.0,1.0,1.0,1.0,0.0,1.0,1.0,1.0,1.0,1.0,1.0,0.0
uniform_diode_ir_1_mid.csv,diode_ir_1,ir_1,3.07,,0,0,0,current,"current,ir_3,ir_2,vis_2,vis_3",3.12,,0,0,0,current,"current,ir_3,ir_2,vis_3,vis_2",3.62,,1,1,1,ir_1,ir_1,3.35,,1,1,1,ir_1,"ir_1,vis_2,angle_1,vis_3,ir_3",3.7,,1,1,1,ir_1,"ir_1,vis_1,vis_2,ir_2,current",0.0,0.0,0.0,0.0,0.0,0.0,0.0,0.0,0.0,0.0,0.0,0.0,0.0,0.0,1.0,1.0,1.0,1.0,1.0,1.0,1.0,1.0,1.0,1.0,1.0,1.0,1.0,1.0,1.0,1.0,1.0,1.0,1.0,1.0,1.0
uniform_diode_ir_1_strong.csv,diode_ir_1,ir_1,3.15,,0,0,0,current,"current,ir_2,ir_3,vis_3,vis_2",3.32,,0,0,0,current,"current,ir_2,ir_3,vis_3,vis_2",4.22,,1,1,1,ir_1,ir_1,3.46,,1,1,1,ir_1,"ir_1,angle_2,ir_2,vis_2,current",4.29,,1,1,1,ir_1,"ir_1,ir_2,vis_1,vis_2,current",0.0,0.0,0.0,0.0,0.0,0.0,0.0,0.0,0.0,0.0,0.0,0.0,0.0,0.0,1.0,1.0,1.0,1.0,1.0,1.0,1.0,1.0,1.0,1.0,1.0,1.0,1.0,1.0,1.0,1.0,1.0,1.0,1.0,1.0,1.0
uniform_diode_ir_2_mid.csv,diode_ir_2,ir_2,4.09,,0,0,0,current,"current,vis_1,vis_2,ir_1,vis_3",3.33,,0,0,0,current,"current,vis_1,vis_2,ir_1,vis_3",4.11,,1,1,1,ir_2,"ir_2,ir_1,angle_2,l_31",3.38,,1,1,1,ir_2,"ir_2,ir_3,vis_2,vis_3,ir_1",3.58,,1,1,1,ir_2,"ir_2,vis_2,ir_1,vis_1,current",0.0,0.0,0.0,0.0,0.0,0.0,0.0,0.0,0.0,0.0,0.0,0.0,0.0,0.0,1.0,1.0,1.0,1.0,1.0,1.0,1.0,1.0,1.0,1.0,1.0,1.0,1.0,1.0,1.0,1.0,1.0,1.0,1.0,1.0,1.0
uniform_diode_ir_2_strong.csv,diode_ir_2,ir_2,3.09,,0,0,0,current,"current,vis_2,ir_1,vis_1,vis_3",3.09,,0,0,0,current,"current,vis_2,ir_1,ir_3,vis_3",4.08,,1,1,1,ir_2,"ir_2,ir_1,vis_3",3.42,,1,1,1,ir_2,"ir_2,angle_1,ir_3,angle_2,pol_1",3.61,,1,1,1,ir_2,"ir_2,vis_1,ir_1,vis_2,current",0.0,0.0,0.0,0.0,0.0,0.0,0.0,0.0,0.0,0.0,0.0,0.0,0.0,0.0,1.0,1.0,1.0,1.0,1.0,1.0,1.0,1.0,1.0,1.0,1.0,1.0,1.0,1.0,1.0,1.0,1.0,1.0,1.0,1.0,1.0
uniform_diode_ir_3_mid.csv,diode_ir_3,ir_3,3.1,,0,0,0,current,"current,vis_1,ir_1,ir_2,vis_3",3.29,,0,0,0,current,"current,ir_1,vis_1,ir_2,vis_3",4.37,,1,1,1,ir_3,"ir_3,l_32,pol_2,l_11",3.55,,1,1,1,ir_3,"ir_3,angle_2,vis_1,vis_3,ir_2",4.32,,0,0,0,ir_2,"ir_2,ir_1,vis_1,vis_2,current",0.0,0.0,0.0,0.0,0.0,0.0,0.0,0.0,0.0,0.0,0.0,0.0,0.0,0.0,1.0,1.0,1.0,1.0,1.0,1.0,1.0,1.0,1.0,1.0,1.0,1.0,1.0,1.0,0.0,0.0,0.0,0.0,0.0,0.0,0.0
uniform_diode_ir_3_strong.csv,diode_ir_3,ir_3,3.54,,0,0,0,current,"current,vis_3,ir_2,vis_1,vis_2",3.54,,0,0,0,current,"current,vis_3,ir_2,vis_1,vis_2",3.72,,1,1,1,ir_3,"ir_3,angle_2",3.43,,1,1,1,ir_3,"ir_3,angle_1,angle_2,vis_2,ir_2",3.67,,0,0,0,ir_2,"ir_2,vis_1,vis_2,ir_1,current",0.0,0.0,0.0,0.0,0.0,0.0,0.0,0.0,0.0,0.0,0.0,0.0,0.0,0.0,1.0,1.0,1.0,1.0,1.0,1.0,1.0,1.0,1.0,1.0,1.0,1.0,1.0,1.0,0.0,0.0,0.0,0.0,0.0,0.0,0.0
uniform_diode_vis_1_mid.csv,diode_vis_1,vis_1,3.11,,0,0,0,current,"current,vis_3,ir_3,vis_2,ir_1",3.15,,0,0,0,current,"current,vis_3,ir_3,vis_2,ir_1",3.61,,1,1,1,vis_1,"vis_1,red,blue",3.37,,1,1,1,vis_1,"vis_1,angle_2,ir_2,vis_2,angle_1",3.66,,1,1,1,vis_1,"vis_1,ir_1,vis_2,ir_2,angle_2",0.0,0.0,0.0,0.0,0.0,0.0,0.0,0.0,0.0,0.0,0.0,0.0,0.0,0.0,1.0,1.0,1.0,1.0,1.0,1.0,1.0,1.0,1.0,1.0,1.0,1.0,1.0,1.0,1.0,1.0,1.0,1.0,1.0,1.0,1.0
uniform_diode_vis_2_mid.csv,diode_vis_2,vis_2,3.17,,0,0,0,current,"current,ir_1,ir_3,ir_2,vis_1",3.24,,0,0,0,current,"current,ir_1,ir_3,ir_2,vis_1",4.12,,1,1,1,vis_2,vis_2,3.49,,1,1,1,vis_2,"vis_2,angle_2,ir_1,ir_2,vis_1",4.26,,1,1,1,vis_2,"vis_2,vis_1,ir_1,ir_2,current",0.0,0.0,0.0,0.0,0.0,0.0,0.0,0.0,0.0,0.0,0.0,0.0,0.0,0.0,1.0,1.0,1.0,1.0,1.0,1.0,1.0,1.0,1.0,1.0,1.0,1.0,1.0,1.0,1.0,1.0,1.0,1.0,1.0,1.0,1.0
uniform_diode_vis_3_mid.csv,diode_vis_3,vis_3,3.69,,0,0,0,current,"current,ir_1,vis_1,ir_3,ir_2",3.18,,0,0,0,current,"current,ir_1,ir_3,vis_1,ir_2",3.6,,1,1,1,vis_3,vis_3,3.35,,1,1,1,vis_3,"vis_3,ir_2,vis_2,vis_1,ir_1",3.66,,0,0,0,ir_1,"ir_1,vis_2,ir_2,vis_1,current",0.0,0.0,0.0,0.0,0.0,0.0,0.0,0.0,0.0,0.0,0.0,0.0,0.0,0.0,1.0,1.0,1.0,1.0,1.0,1.0,1.0,1.0,1.0,1.0,1.0,1.0,1.0,1.0,0.0,0.0,0.0,0.0,0.0,0.0,0.0
uniform_green_mid.csv,green,"current,ir_1,ir_2,ir_3,vis_1,vis_2,vis_3",3.08,,1,1,1,current,"current,ir_1,vis_3,ir_3,vis_1",3.19,,1,1,1,current,"current,ir_1,ir_3,vis_3,vis_1",8.58,,1,1,1,vis_1,"vis_1,ir_1,current,ir_3,vis_3",3.56,,0,1,1,angle_1,"angle_1,ir_3,ir_2,vis_3,ir_1",3.83,,1,1,1,vis_1,"vis_1,ir_1,ir_2,vis_2,current",1.0,1.0,1.0,1.0,1.0,1.0,0.0,1.0,1.0,1.0,1.0,1.0,1.0,0.0,1.0,1.0,1.0,1.0,1.0,1.0,0.0,0.0,0.0,0.6666666666666666,0.38888888888888884,0.8,0.5433333333333333,0.0,1.0,1.0,1.0,1.0,1.0,1.0,0.0
uniform_green_strong.csv,green,"current,ir_1,ir_2,ir_3,vis_1,vis_2,vis_3",3.57,,1,1,1,current,"current,ir_3,vis_3,ir_1,vis_1",3.27,,1,1,1,current,"current,ir_3,vis_3,ir_1,vis_1",6.7,,1,1,1,current,"current,ir_1,ir_2,vis_2,vis_1",3.3,,1,1,1,ir_1,"ir_1,vis_2,vis_1,ir_2,ir_3",3.63,,1,1,1,vis_1,"vis_1,ir_1,ir_2,vis_2,current",1.0,1.0,1.0,1.0,1.0,1.0,0.0,1.0,1.0,1.0,1.0,1.0,1.0,0.0,1.0,1.0,1.0,1.0,1.0,1.0,0.0,1.0,1.0,1.0,1.0,1.0,1.0,0.0,1.0,1.0,1.0,1.0,1.0,1.0,0.0
uniform_l_11_mid.csv,l_11,"ir_1,vis_1",3.12,,0,0,1,current,"current,ir_3,vis_3,ir_2,vis_1",3.09,,0,0,1,current,"current,ir_3,vis_3,ir_2,vis_1",4.28,,1,1,1,ir_1,ir_1,3.45,,0,1,1,vis_2,"vis_2,current,vis_1,ir_1,angle_2",3.62,,0,1,1,ir_2,"ir_2,vis_2,ir_1,vis_1,current",0.0,0.0,0.0,0.0,0.5,0.1,0.0,0.0,0.0,0.0,0.0,0.5,0.1,0.0,1.0,1.0,0.5,0.6666666666666666,0.5,0.6,0.0,0.0,0.0,0.5,0.16666666666666666,1.0,0.5,0.0,0.0,0.0,0.5,0.16666666666666666,1.0,0.5,0.0
uniform_l_12_mid.csv,l_12,"ir_1,vis_1",3.61,,0,0,0,current,"current,vis_2,ir_3,vis_3,ir_2",3.5,,0,0,0,current,"current,vis_2,ir_3,vis_3,ir_2",3.79,,0,0,0,current,current,3.41,,0,1,1,ir_3,"ir_3,vis_1,vis_3,angle_1,angle_2",3.69,,0,1,1,ir_2,"ir_2,vis_2,vis_1,ir_1,current",0.0,0.0,0.0,0.0,0.0,0.0,0.0,0.0,0.0,0.0,0.0,0.0,0.0,0.0,0.0,0.0,0.0,0.0,0.0,0.0,0.0,0.0,0.0,0.5,0.3333333333333333,0.5,0.4,0.0,0.0,0.0,0.5,0.16666666666666666,1.0,0.5,0.0
uniform_l_21_mid.csv,l_21,"ir_2,vis_2",3.12,,0,1,1,current,"current,ir_3,ir_2,vis_3,vis_2",3.18,,0,1,1,current,"current,ir_3,ir_2,vis_3,vis_2",3.79,,0,0,0,l_31,l_31,3.4,,0,0,1,ir_3,"ir_3,vis_3,angle_1,vis_2,ir_2",3.88,,0,1,1,vis_1,"vis_1,ir_1,ir_2,vis_2,current",0.0,0.0,0.5,0.16666666666666666,1.0,0.4,0.0,0.0,0.0,0.5,0.16666666666666666,1.0,0.4,0.0,0.0,0.0,0.0,0.0,0.0,0.0,0.0,0.0,0.0,0.0,0.0,1.0,0.3,0.0,0.0,0.0,0.5,0.16666666666666666,1.0,0.5,0.0
uniform_l_22_mid.csv,l_22,"ir_2,vis_2",3.53,,0,1,1,vis_1,"vis_1,ir_2,current,vis_2,ir_1",3.09,,0,1,1,current,"current,ir_2,vis_1,vis_2,ir_1",3.69,,0,0,0,vis_1,vis_1,3.31,,0,1,1,angle_1,"angle_1,vis_2,vis_1,ir_2,ir_3",3.57,,0,1,1,vis_1,"vis_1,ir_1,ir_2,vis_2,current",0.0,0.0,0.5,0.3333333333333333,1.0,0.6,0.0,0.0,0.0,0.5,0.3333333333333333,1.0,0.6,0.0,0.0,0.0,0.0,0.0,0.0,0.0,0.0,0.0,0.0,0.5,0.3333333333333333,1.0,0.6,0.0,0.0,0.0,0.5,0.16666666666666666,1.0,0.5,0.0
uniform_l_31_mid.csv,l_31,"ir_3,vis_3",3.14,,0,1,1,current,"current,vis_3,ir_1,ir_3,vis_2",3.18,,0,1,1,current,"current,vis_3,ir_1,ir_3,vis_2",3.8,,0,0,0,l_12,l_12,3.48,,0,1,1,angle_1,"angle_1,ir_3,vis_2,current,ir_2",3.71,,0,0,1,ir_2,"ir_2,vis_1,vis_2,ir_1,ir_3",0.0,0.0,0.5,0.3333333333333333,1.0,0.6,0.0,0.0,0.0,0.5,0.3333333333333333,1.0,0.6,0.0,0.0,0.0,0.0,0.0,0.0,0.0,0.0,0.0,0.0,0.5,0.3333333333333333,0.5,0.4,0.0,0.0,0.0,0.0,0.0,0.5,0.1,0.0
uniform_l_32_mid.csv,l_32,"ir_3,vis_3",3.05,,0,1,1,current,"current,ir_3,vis_1,vis_3,ir_1",3.11,,0,1,1,current,"current,ir_3,vis_3,vis_1,ir_1",3.47,,0,0,0,blue,blue,3.2,,1,1,1,vis_3,"vis_3,vis_1,ir_3,ir_1,angle_2",3.7,,0,0,1,ir_1,"ir_1,vis_1,ir_2,vis_2,ir_3",0.0,0.0,0.5,0.3333333333333333,1.0,0.6,0.0,0.0,0.0,1.0,0.5,1.0,0.7,0.0,0.0,0.0,0.0,0.0,0.0,0.0,0.0,1.0,1.0,1.0,0.8333333333333334,1.0,0.9,0.0,0.0,0.0,0.0,0.0,0.5,0.1,0.0
uniform_osr_c_mid.csv,osr_c,current,3.07,,0,0,0,vis_3,"vis_3,vis_1,ir_1,ir_2,ir_3",3.06,,0,0,0,vis_3,"vis_3,ir_1,vis_1,ir_3,ir_2",3.87,,1,1,1,current,current,3.25,,0,0,0,angle_1,"angle_1,angle_2,ir_1,vis_3,vis_1",3.49,,0,0,1,ir_1,"ir_1,vis_1,ir_2,vis_2,current",0.0,0.0,0.0,0.0,0.0,0.0,0.0,0.0,0.0,0.0,0.0,0.0,0.0,0.0,1.0,1.0,1.0,1.0,1.0,1.0,1.0,0.0,0.0,0.0,0.0,0.0,0.0,0.0,0.0,0.0,0.0,0.0,1.0,0.2,0.0
uniform_osr_c_strong.csv,osr_c,current,3.01,,0,0,0,vis_2,"vis_2,vis_3,ir_1,ir_3,vis_1",2.96,,0,0,0,vis_2,"vis_2,ir_3,vis_3,ir_1,vis_1",3.76,,1,1,1,current,"current,ir_2",3.09,,0,0,0,angle_2,"angle_2,ir_1,ir_3,pol_2,angle_1",3.56,,0,0,1,ir_2,"ir_2,vis_1,vis_2,ir_1,current",0.0,0.0,0.0,0.0,0.0,0.0,0.0,0.0,0.0,0.0,0.0,0.0,0.0,0.0,1.0,1.0,1.0,1.0,1.0,1.0,1.0,0.0,0.0,0.0,0.0,0.0,0.0,0.0,0.0,0.0,0.0,0.0,1.0,0.2,0.0
uniform_osr_c_weak.csv,osr_c,current,3.03,,1,1,1,current,"current,ir_1,vis_1,vis_3,vis_2",2.93,,1,1,1,current,"current,ir_1,vis_3,ir_2,vis_1",3.42,,1,1,1,current,current,3.09,,1,1,1,current,"current,angle_1,ir_2,vis_1,pol_2",3.52,,0,0,1,vis_2,"vis_2,vis_1,ir_2,ir_1,current",1.0,1.0,1.0,1.0,1.0,1.0,1.0,1.0,1.0,1.0,1.0,1.0,1.0,1.0,1.0,1.0,1.0,1.0,1.0,1.0,1.0,1.0,1.0,1.0,1.0,1.0,1.0,1.0,0.0,0.0,0.0,0.0,1.0,0.2,0.0
uniform_pol_1_mid.csv,pol_1,"angle_1,ir_3,vis_3",3.01,,1,1,1,angle_1,"angle_1,current,vis_2,ir_2,ir_1",2.9,,0,1,1,current,"current,angle_1,vis_2,ir_2,ir_1",3.54,,1,1,1,angle_1,angle_1,3.21,,1,1,1,angle_1,"angle_1,ir_3,vis_3,angle_2,vis_1",3.4,,1,1,1,angle_1,"angle_1,vis_2,ir_3,vis_3,ir_2",1.0,1.0,0.3333333333333333,0.611111111111111,0.3333333333333333,0.5,0.0,0.0,0.0,0.3333333333333333,0.27777777777777773,0.3333333333333333,0.29999999999999993,0.0,1.0,1.0,0.3333333333333333,0.611111111111111,0.3333333333333333,0.5,0.0,1.0,1.0,1.0,1.0,1.0,1.0,1.0,1.0,1.0,0.6666666666666666,0.7222222222222222,1.0,0.8333333333333333,0.0
uniform_pol_1_strong.csv,pol_1,"angle_1,ir_3,vis_3",2.96,,1,1,1,angle_1,"angle_1,current,ir_1,vis_1,vis_2",2.96,,1,1,1,angle_1,"angle_1,current,ir_1,vis_1,ir_2",3.58,,1,1,1,angle_1,angle_1,3.14,,1,1,1,ir_3,"ir_3,angle_1,vis_3,angle_2,vis_2",3.38,,1,1,1,angle_1,"angle_1,ir_3,vis_3,vis_1,ir_2",1.0,1.0,0.3333333333333333,0.611111111111111,0.3333333333333333,0.5,0.0,1.0,1.0,0.3333333333333333,0.611111111111111,0.3333333333333333,0.5,0.0,1.0,1.0,0.3333333333333333,0.611111111111111,0.3333333333333333,0.5,0.0,1.0,1.0,1.0,1.0,1.0,1.0,1.0,1.0,1.0,1.0,1.0,1.0,1.0,1.0
uniform_pol_2_mid.csv,pol_2,"angle_2,ir_3,vis_3",3.06,,1,1,1,angle_2,"angle_2,current,ir_1,vis_2,vis_1",2.97,,0,1,1,current,"current,angle_2,ir_1,vis_2,ir_3",3.64,,1,1,1,angle_2,"angle_2,vis_3,vis_1,l_12",3.14,,1,1,1,vis_3,"vis_3,ir_3,angle_2,angle_1,ir_2",3.44,,1,1,1,angle_2,"angle_2,ir_2,ir_1,vis_1,ir_3",1.0,1.0,0.3333333333333333,0.611111111111111,0.3333333333333333,0.5,0.0,0.0,0.0,0.3333333333333333,0.27777777777777773,0.6666666666666666,0.3666666666666666,0.0,1.0,1.0,0.6666666666666666,0.8888888888888888,0.6666666666666666,0.7999999999999999,0.0,1.0,1.0,1.0,1.0,1.0,1.0,1.0,1.0,1.0,0.3333333333333333,0.611111111111111,0.6666666666666666,0.5666666666666667,0.0
uniform_pol_2_strong.csv,pol_2,"angle_2,ir_3,vis_3",3.08,,1,1,1,angle_2,"angle_2,current,ir_1,vis_2,ir_2",2.93,,1,1,1,angle_2,"angle_2,current,ir_1,vis_2,ir_2",3.53,,1,1,1,angle_2,angle_2,3.26,,1,1,1,ir_3,"ir_3,vis_3,angle_2,angle_1,current",3.37,,1,1,1,angle_2,"angle_2,ir_3,vis_3,vis_1,ir_2",1.0,1.0,0.3333333333333333,0.611111111111111,0.3333333333333333,0.5,0.0,1.0,1.0,0.3333333333333333,0.611111111111111,0.3333333333333333,0.5,0.0,1.0,1.0,0.3333333333333333,0.611111111111111,0.3333333333333333,0.5,0.0,1.0,1.0,1.0,1.0,1.0,1.0,1.0,1.0,1.0,1.0,1.0,1.0,1.0,1.0
uniform_red_mid.csv,red,"current,ir_1,ir_2,ir_3,vis_1,vis_2,vis_3",2.91,,1,1,1,ir_3,"ir_3,ir_1,ir_2,current,vis_3",2.9,,1,1,1,ir_3,"ir_3,ir_1,ir_2,current,vis_3",6.07,,1,1,1,ir_2,"ir_2,ir_1,vis_1,ir_3,vis_3",3.07,,1,1,1,ir_2,"ir_2,vis_2,ir_3,ir_1,vis_1",3.46,,1,1,1,ir_1,"ir_1,ir_2,vis_1,vis_2,current",1.0,1.0,1.0,1.0,1.0,1.0,0.0,1.0,1.0,1.0,1.0,1.0,1.0,0.0,1.0,1.0,1.0,1.0,1.0,1.0,0.0,1.0,1.0,1.0,1.0,1.0,1.0,0.0,1.0,1.0,1.0,1.0,1.0,1.0,0.0
uniform_red_strong.csv,red,"current,ir_1,ir_2,ir_3,vis_1,vis_2,vis_3",2.88,,1,1,1,ir_3,"ir_3,ir_1,ir_2,current,vis_1",2.88,,1,1,1,ir_3,"ir_3,ir_1,current,ir_2,vis_1",4.88,,1,1,1,ir_2,"ir_2,ir_3,ir_1,vis_3,vis_1",3.07,,1,1,1,ir_3,"ir_3,ir_1,ir_2,vis_1,vis_2",3.39,,1,1,1,ir_2,"ir_2,ir_1,current,vis_1,vis_2",1.0,1.0,1.0,1.0,1.0,1.0,0.0,1.0,1.0,1.0,1.0,1.0,1.0,0.0,1.0,1.0,1.0,1.0,1.0,1.0,0.0,1.0,1.0,1.0,1.0,1.0,1.0,0.0,1.0,1.0,1.0,1.0,1.0,1.0,0.0
uniform_t_ir_1_mid.csv,t_ir_1,ir_1,2.95,,0,0,0,current,"current,ir_2,vis_1,ir_3,vis_3",2.98,,0,0,0,current,"current,ir_2,vis_1,ir_3,vis_3",3.37,,1,1,1,ir_1,ir_1,3.13,,1,1,1,ir_1,"ir_1,angle_1,angle_2,vis_2,current",3.39,,1,1,1,ir_1,"ir_1,ir_2,vis_1,vis_2,current",0.0,0.0,0.0,0.0,0.0,0.0,0.0,0.0,0.0,0.0,0.0,0.0,0.0,0.0,1.0,1.0,1.0,1.0,1.0,1.0,1.0,1.0,1.0,1.0,1.0,1.0,1.0,1.0,1.0,1.0,1.0,1.0,1.0,1.0,1.0
uniform_t_ir_1_strong.csv,t_ir_1,ir_1,2.87,,0,0,0,current,"current,vis_1,ir_3,ir_2,vis_3",2.92,,0,0,0,current,"current,vis_1,ir_3,ir_2,vis_3",3.41,,1,1,1,ir_1,ir_1,3.08,,1,1,1,ir_1,"ir_1,angle_1,current,ir_3,vis_3",3.48,,1,1,1,ir_1,"ir_1,vis_1,vis_2,ir_2,current",0.0,0.0,0.0,0.0,0.0,0.0,0.0,0.0,0.0,0.0,0.0,0.0,0.0,0.0,1.0,1.0,1.0,1.0,1.0,1.0,1.0,1.0,1.0,1.0,1.0,1.0,1.0,1.0,1.0,1.0,1.0,1.0,1.0,1.0,1.0
uniform_t_ir_1_weak.csv,t_ir_1,ir_1,2.86,,0,0,0,current,"current,ir_2,vis_2,ir_3,vis_1",2.86,,0,0,0,current,"current,ir_2,vis_2,ir_3,vis_1",3.53,,1,1,1,ir_1,"ir_1,l_31,pol_2",3.08,,1,1,1,ir_1,"ir_1,ir_3,vis_3,angle_1,vis_1",3.41,,1,1,1,ir_1,"ir_1,vis_2,vis_1,ir_2,current",0.0,0.0,0.0,0.0,0.0,0.0,0.0,0.0,0.0,0.0,0.0,0.0,0.0,0.0,1.0,1.0,1.0,1.0,1.0,1.0,1.0,1.0,1.0,1.0,1.0,1.0,1.0,1.0,1.0,1.0,1.0,1.0,1.0,1.0,1.0
uniform_t_ir_2_mid.csv,t_ir_2,ir_2,3.31,,0,0,0,current,"current,ir_1,vis_3,ir_3,vis_1",2.86,,0,0,0,current,"current,ir_1,vis_3,ir_3,vis_1",3.28,,1,1,1,ir_2,ir_2,3.04,,1,1,1,ir_2,"ir_2,pol_2,ir_1,angle_2,l_22",3.31,,1,1,1,ir_2,"ir_2,vis_2,ir_1,vis_1,current",0.0,0.0,0.0,0.0,0.0,0.0,0.0,0.0,0.0,0.0,0.0,0.0,0.0,0.0,1.0,1.0,1.0,1.0,1.0,1.0,1.0,1.0,1.0,1.0,1.0,1.0,1.0,1.0,1.0,1.0,1.0,1.0,1.0,1.0,1.0
uniform_t_ir_2_strong.csv,t_ir_2,ir_2,2.84,,0,0,0,ir_1,"ir_1,vis_3,vis_1,current,ir_3",2.86,,0,0,0,current,"current,ir_1,vis_3,vis_1,ir_3",3.31,,1,1,1,ir_2,ir_2,3.02,,1,1,1,ir_2,"ir_2,angle_1,ir_3,current,pol_2",3.33,,1,1,1,ir_2,"ir_2,ir_1,vis_2,vis_1,current",0.0,0.0,0.0,0.0,0.0,0.0,0.0,0.0,0.0,0.0,0.0,0.0,0.0,0.0,1.0,1.0,1.0,1.0,1.0,1.0,1.0,1.0,1.0,1.0,1.0,1.0,1.0,1.0,1.0,1.0,1.0,1.0,1.0,1.0,1.0
uniform_t_ir_2_weak.csv,t_ir_2,ir_2,2.83,,0,0,0,current,"current,ir_3,vis_3,vis_1,ir_1",2.84,,0,0,0,current,"current,ir_3,vis_3,ir_1,vis_1",3.66,,1,1,1,ir_2,"ir_2,ir_1,l_12,vis_2,ir_3",3.04,,1,1,1,ir_2,"ir_2,angle_2,vis_2,ir_1,vis_1",3.35,,1,1,1,ir_2,"ir_2,vis_2,ir_1,vis_1,angle_2",0.0,0.0,0.0,0.0,0.0,0.0,0.0,0.0,0.0,0.0,0.0,0.0,0.0,0.0,1.0,1.0,1.0,1.0,1.0,1.0,1.0,1.0,1.0,1.0,1.0,1.0,1.0,1.0,1.0,1.0,1.0,1.0,1.0,1.0,1.0
uniform_t_ir_3_mid.csv,t_ir_3,ir_3,2.76,,0,0,0,current,"current,ir_1,ir_2,vis_1,vis_3",2.82,,0,0,0,current,"current,ir_1,ir_2,vis_3,vis_1",3.4,,1,1,1,ir_3,"ir_3,angle_1,blue",3.04,,1,1,1,ir_3,"ir_3,ir_2,angle_1,angle_2,vis_2",3.28,,0,0,0,ir_1,"ir_1,vis_1,vis_2,ir_2,current",0.0,0.0,0.0,0.0,0.0,0.0,0.0,0.0,0.0,0.0,0.0,0.0,0.0,0.0,1.0,1.0,1.0,1.0,1.0,1.0,1.0,1.0,1.0,1.0,1.0,1.0,1.0,1.0,0.0,0.0,0.0,0.0,0.0,0.0,0.0
uniform_t_ir_3_strong.csv,t_ir_3,ir_3,2.83,,0,0,0,current,"current,vis_3,ir_2,vis_2,vis_1",2.78,,0,0,0,current,"current,vis_3,ir_2,vis_2,vis_1",3.29,,1,1,1,ir_3,"ir_3,angle_1",3.04,,1,1,1,ir_3,"ir_3,angle_1,ir_1,angle_2,vis_3",3.29,,0,0,0,vis_1,"vis_1,ir_1,ir_2,vis_2,current",0.0,0.0,0.0,0.0,0.0,0.0,0.0,0.0,0.0,0.0,0.0,0.0,0.0,0.0,1.0,1.0,1.0,1.0,1.0,1.0,1.0,1.0,1.0,1.0,1.0,1.0,1.0,1.0,0.0,0.0,0.0,0.0,0.0,0.0,0.0
uniform_t_ir_3_weak.csv,t_ir_3,ir_3,2.79,,0,0,0,current,"current,ir_1,vis_1,vis_2,ir_2",2.81,,0,0,0,current,"current,ir_1,vis_1,vis_2,ir_2",3.72,,1,1,1,ir_3,"ir_3,angle_1,pol_2,vis_3,l_21",3.0,,1,1,1,ir_3,"ir_3,vis_1,ir_1,angle_1,angle_2",3.29,,0,0,0,ir_2,"ir_2,ir_1,vis_2,vis_1,current",0.0,0.0,0.0,0.0,0.0,0.0,0.0,0.0,0.0,0.0,0.0,0.0,0.0,0.0,1.0,1.0,1.0,1.0,1.0,1.0,1.0,1.0,1.0,1.0,1.0,1.0,1.0,1.0,0.0,0.0,0.0,0.0,0.0,0.0,0.0
uniform_t_vis_1_mid.csv,t_vis_1,vis_1,2.84,,0,0,0,current,"current,ir_1,vis_2,ir_3,ir_2",2.79,,0,0,0,current,"current,ir_1,ir_3,vis_2,ir_2",3.42,,1,1,1,vis_1,"vis_1,vis_3,angle_1",3.04,,1,1,1,vis_1,"vis_1,angle_1,angle_2,ir_1,vis_3",3.34,,1,1,1,vis_1,"vis_1,vis_2,ir_1,ir_2,current",0.0,0.0,0.0,0.0,0.0,0.0,0.0,0.0,0.0,0.0,0.0,0.0,0.0,0.0,1.0,1.0,1.0,1.0,1.0,1.0,1.0,1.0,1.0,1.0,1.0,1.0,1.0,1.0,1.0,1.0,1.0,1.0,1.0,1.0,1.0
uniform_t_vis_1_strong.csv,t_vis_1,vis_1,2.81,,0,0,0,current,"current,vis_3,ir_3,ir_2,ir_1",2.85,,0,0,0,current,"current,vis_3,ir_3,ir_2,ir_1",3.65,,1,1,1,vis_1,"vis_1,l_11,ir_3,current",3.04,,1,1,1,vis_1,"vis_1,vis_2,ir_2,current,vis_3",3.33,,1,1,1,vis_1,"vis_1,vis_2,ir_1,ir_2,current",0.0,0.0,0.0,0.0,0.0,0.0,0.0,0.0,0.0,0.0,0.0,0.0,0.0,0.0,1.0,1.0,1.0,1.0,1.0,1.0,1.0,1.0,1.0,1.0,1.0,1.0,1.0,1.0,1.0,1.0,1.0,1.0,1.0,1.0,1.0
uniform_t_vis_1_weak.csv,t_vis_1,vis_1,2.88,,0,0,0,current,"current,ir_3,ir_2,vis_3,vis_2",2.81,,0,0,0,current,"current,ir_3,ir_2,vis_3,ir_1",3.26,,1,1,1,vis_1,vis_1,3.04,,1,1,1,vis_1,"vis_1,vis_2,angle_1,ir_1,angle_2",3.32,,1,1,1,vis_1,"vis_1,ir_2,vis_2,ir_1,current",0.0,0.0,0.0,0.0,0.0,0.0,0.0,0.0,0.0,0.0,0.0,0.0,0.0,0.0,1.0,1.0,1.0,1.0,1.0,1.0,1.0,1.0,1.0,1.0,1.0,1.0,1.0,1.0,1.0,1.0,1.0,1.0,1.0,1.0,1.0
uniform_t_vis_2_mid.csv,t_vis_2,vis_2,2.81,,0,0,0,current,"current,ir_1,vis_1,vis_3,ir_3",2.83,,0,0,0,current,"current,ir_1,vis_3,vis_1,ir_3",3.45,,1,1,1,vis_2,"vis_2,ir_1,ir_2",3.04,,1,1,1,vis_2,"vis_2,ir_1,ir_3,vis_1,angle_2",3.35,,1,1,1,vis_2,"vis_2,ir_2,vis_1,ir_1,current",0.0,0.0,0.0,0.0,0.0,0.0,0.0,0.0,0.0,0.0,0.0,0.0,0.0,0.0,1.0,1.0,1.0,1.0,1.0,1.0,1.0,1.0,1.0,1.0,1.0,1.0,1.0,1.0,1.0,1.0,1.0,1.0,1.0,1.0,1.0
uniform_t_vis_2_strong.csv,t_vis_2,vis_2,2.84,,0,0,0,vis_3,"vis_3,vis_1,current,ir_3,ir_1",2.85,,0,0,0,current,"current,vis_3,ir_3,vis_1,ir_1",3.27,,1,1,1,vis_2,vis_2,3.09,,1,1,1,vis_2,"vis_2,current,ir_2,ir_3,angle_1",3.31,,1,1,1,vis_2,"vis_2,ir_1,ir_2,vis_1,current",0.0,0.0,0.0,0.0,0.0,0.0,0.0,0.0,0.0,0.0,0.0,0.0,0.0,0.0,1.0,1.0,1.0,1.0,1.0,1.0,1.0,1.0,1.0,1.0,1.0,1.0,1.0,1.0,1.0,1.0,1.0,1.0,1.0,1.0,1.0
uniform_t_vis_2_weak.csv,t_vis_2,vis_2,2.82,,0,0,0,vis_3,"vis_3,ir_1,current,vis_1,ir_3",2.81,,0,0,0,current,"current,ir_1,vis_3,ir_3,vis_1",4.02,,1,1,1,vis_2,"vis_2,vis_1,pol_2,ir_3,blue",3.02,,1,1,1,vis_2,"vis_2,ir_1,vis_1,ir_3,ir_2",3.31,,1,1,1,vis_2,"vis_2,ir_2,vis_1,ir_1,current",0.0,0.0,0.0,0.0,0.0,0.0,0.0,0.0,0.0,0.0,0.0,0.0,0.0,0.0,1.0,1.0,1.0,1.0,1.0,1.0,1.0,1.0,1.0,1.0,1.0,1.0,1.0,1.0,1.0,1.0,1.0,1.0,1.0,1.0,1.0
uniform_t_vis_3_mid.csv,t_vis_3,vis_3,2.82,,0,0,0,current,"current,ir_1,ir_2,ir_3,vis_1",2.84,,0,0,0,current,"current,ir_1,ir_2,ir_3,vis_1",3.7,,1,1,1,vis_3,"vis_3,green,pol_1,pol_2,angle_1",3.05,,1,1,1,vis_3,"vis_3,angle_2,angle_1,pol_2,ir_2",3.31,,0,0,0,ir_1,"ir_1,vis_1,vis_2,ir_2,current",0.0,0.0,0.0,0.0,0.0,0.0,0.0,0.0,0.0,0.0,0.0,0.0,0.0,0.0,1.0,1.0,1.0,1.0,1.0,1.0,1.0,1.0,1.0,1.0,1.0,1.0,1.0,1.0,0.0,0.0,0.0,0.0,0.0,0.0,0.0
uniform_t_vis_3_strong.csv,t_vis_3,vis_3,2.83,,0,0,0,current,"current,ir_3,vis_2,ir_2,vis_1",2.84,,0,0,0,current,"current,ir_3,vis_2,ir_2,vis_1",3.27,,1,1,1,vis_3,vis_3,3.0,,1,1,1,vis_3,"vis_3,vis_2,angle_1,pol_2,ir_3",3.33,,0,0,0,vis_1,"vis_1,vis_2,ir_2,ir_1,current",0.0,0.0,0.0,0.0,0.0,0.0,0.0,0.0,0.0,0.0,0.0,0.0,0.0,0.0,1.0,1.0,1.0,1.0,1.0,1.0,1.0,1.0,1.0,1.0,1.0,1.0,1.0,1.0,0.0,0.0,0.0,0.0,0.0,0.0,0.0
uniform_t_vis_3_weak.csv,t_vis_3,vis_3,2.87,,0,0,0,current,"current,ir_3,vis_1,ir_1,ir_2",2.83,,0,0,0,current,"current,ir_3,ir_1,vis_1,ir_2",3.29,,1,1,1,vis_3,vis_3,3.03,,1,1,1,vis_3,"vis_3,ir_3,vis_2,angle_2,angle_1",3.32,,0,0,0,vis_2,"vis_2,vis_1,ir_1,ir_2,current",0.0,0.0,0.0,0.0,0.0,0.0,0.0,0.0,0.0,0.0,0.0,0.0,0.0,0.0,1.0,1.0,1.0,1.0,1.0,1.0,1.0,1.0,1.0,1.0,1.0,1.0,1.0,1.0,0.0,0.0,0.0,0.0,0.0,0.0,0.0
uniform_v_angle_1_mid.csv,v_angle_1,angle_1,2.83,,1,1,1,angle_1,"angle_1,current,vis_3,vis_1,vis_2",2.86,,1,1,1,angle_1,"angle_1,current,vis_3,vis_1,vis_2",3.4,,1,1,1,angle_1,angle_1,3.07,,1,1,1,angle_1,"angle_1,angle_2,l_22,green,l_21",3.37,,1,1,1,angle_1,"angle_1,vis_1,ir_2,vis_2,ir_1",1.0,1.0,1.0,1.0,1.0,1.0,1.0,1.0,1.0,1.0,1.0,1.0,1.0,1.0,1.0,1.0,1.0,1.0,1.0,1.0,1.0,1.0,1.0,1.0,1.0,1.0,1.0,1.0,1.0,1.0,1.0,1.0,1.0,1.0,1.0
uniform_v_angle_1_strong.csv,v_angle_1,angle_1,2.85,,1,1,1,angle_1,"angle_1,ir_3,vis_3,vis_2,current",2.83,,1,1,1,angle_1,"angle_1,ir_3,current,vis_3,ir_2",3.35,,1,1,1,angle_1,angle_1,3.09,,1,1,1,angle_1,"angle_1,ir_2,vis_2,current,ir_1",3.35,,1,1,1,angle_1,"angle_1,vis_1,ir_1,ir_2,vis_2",1.0,1.0,1.0,1.0,1.0,1.0,1.0,1.0,1.0,1.0,1.0,1.0,1.0,1.0,1.0,1.0,1.0,1.0,1.0,1.0,1.0,1.0,1.0,1.0,1.0,1.0,1.0,1.0,1.0,1.0,1.0,1.0,1.0,1.0,1.0
uniform_v_angle_2_mid.csv,v_angle_2,angle_2,2.89,,1,1,1,angle_2,"angle_2,current,vis_2,ir_3,vis_3",2.84,,1,1,1,angle_2,"angle_2,current,vis_2,ir_3,vis_3",3.3,,1,1,1,angle_2,angle_2,3.06,,1,1,1,angle_2,"angle_2,ir_3,ir_2,angle_1,vis_1",3.36,,1,1,1,angle_2,"angle_2,ir_1,ir_2,vis_1,vis_2",1.0,1.0,1.0,1.0,1.0,1.0,1.0,1.0,1.0,1.0,1.0,1.0,1.0,1.0,1.0,1.0,1.0,1.0,1.0,1.0,1.0,1.0,1.0,1.0,1.0,1.0,1.0,1.0,1.0,1.0,1.0,1.0,1.0,1.0,1.0
uniform_v_angle_2_strong.csv,v_angle_2,angle_2,2.87,,1,1,1,angle_2,"angle_2,current,ir_3,vis_3,vis_2",2.87,,1,1,1,angle_2,"angle_2,current,ir_3,vis_3,ir_2",3.32,,1,1,1,angle_2,angle_2,3.04,,1,1,1,angle_2,"angle_2,current,angle_1,vis_3,vis_2",3.42,,1,1,1,angle_2,"angle_2,ir_1,ir_2,vis_1,vis_2",1.0,1.0,1.0,1.0,1.0,1.0,1.0,1.0,1.0,1.0,1.0,1.0,1.0,1.0,1.0,1.0,1.0,1.0,1.0,1.0,1.0,1.0,1.0,1.0,1.0,1.0,1.0,1.0,1.0,1.0,1.0,1.0,1.0,1.0,1.0
uniform_v_c_mid.csv,v_c,current,2.91,,1,1,1,current,"current,vis_3,ir_3,ir_2,vis_1",2.84,,1,1,1,current,"current,vis_3,ir_3,ir_2,vis_1",3.33,,1,1,1,current,current,3.0,,1,1,1,current,"current,angle_1,angle_2,vis_1,ir_2",3.33,,1,1,1,current,"current,vis_2,vis_1,ir_2,ir_1",1.0,1.0,1.0,1.0,1.0,1.0,1.0,1.0,1.0,1.0,1.0,1.0,1.0,1.0,1.0,1.0,1.0,1.0,1.0,1.0,1.0,1.0,1.0,1.0,1.0,1.0,1.0,1.0,1.0,1.0,1.0,1.0,1.0,1.0,1.0
uniform_v_c_strong.csv,v_c,current,2.84,,1,1,1,current,"current,vis_2,ir_2,ir_3,vis_3",2.81,,1,1,1,current,"current,vis_2,ir_3,ir_2,vis_3",3.32,,1,1,1,current,current,3.05,,1,1,1,current,"current,angle_1,angle_2,ir_1,vis_1",3.31,,1,1,1,current,"current,vis_2,ir_1,vis_1,ir_2",1.0,1.0,1.0,1.0,1.0,1.0,1.0,1.0,1.0,1.0,1.0,1.0,1.0,1.0,1.0,1.0,1.0,1.0,1.0,1.0,1.0,1.0,1.0,1.0,1.0,1.0,1.0,1.0,1.0,1.0,1.0,1.0,1.0,1.0,1.0
