case,true_hidden,accepted_rc,n_nodes,seconds,acc@1,AC@1,Avg@1,acc@3,AC@3,Avg@3,acc@5,AC@5,Avg@5,PRR,top1,top5
uniform_blue_mid.csv,blue,"current,ir_1,ir_2,ir_3,vis_1,vis_2,vis_3",37,1126.2,1,1.0,1.0,1,1.0,1.0,1,1.0,1.0,1.0,vis_2,"vis_2,vis_3,vis_1,current,ir_3"
uniform_blue_strong.csv,blue,"current,ir_1,ir_2,ir_3,vis_1,vis_2,vis_3",37,1112.8,1,1.0,1.0,1,1.0,1.0,1,1.0,1.0,1.0,vis_2,"vis_2,vis_3,vis_1,current,ir_2"
uniform_diode_ir_1_mid.csv,diode_ir_1,ir_1,37,1087.3,1,1.0,1.0,1,1.0,1.0,1,1.0,1.0,1.0,ir_1,"ir_1,current,vis_3,ir_2,vis_1"
uniform_diode_ir_1_strong.csv,diode_ir_1,ir_1,37,1089.1,1,1.0,1.0,1,1.0,1.0,1,1.0,1.0,1.0,ir_1,"ir_1,vis_2,current,angle_2,ir_2"
uniform_diode_ir_2_mid.csv,diode_ir_2,ir_2,37,1083.1,1,1.0,1.0,1,1.0,1.0,1,1.0,1.0,1.0,ir_2,"ir_2,current,ir_1,l_22,ir_3"
uniform_diode_ir_2_strong.csv,diode_ir_2,ir_2,37,1046.1,1,1.0,1.0,1,1.0,1.0,1,1.0,1.0,1.0,ir_2,"ir_2,current,l_21,vis_1,pol_1"
uniform_diode_ir_3_mid.csv,diode_ir_3,ir_3,37,1000.0,1,1.0,1.0,1,1.0,1.0,1,1.0,1.0,1.0,ir_3,"ir_3,vis_1,current,vis_2,green"
uniform_diode_ir_3_strong.csv,diode_ir_3,ir_3,37,1002.7,1,1.0,1.0,1,1.0,1.0,1,1.0,1.0,1.0,ir_3,"ir_3,ir_2,vis_3,ir_1,current"
uniform_diode_vis_1_mid.csv,diode_vis_1,vis_1,37,1010.2,1,1.0,1.0,1,1.0,1.0,1,1.0,1.0,1.0,vis_1,"vis_1,current,ir_2,vis_3,vis_2"
uniform_diode_vis_2_mid.csv,diode_vis_2,vis_2,37,1007.7,1,1.0,1.0,1,1.0,1.0,1,1.0,1.0,1.0,vis_2,"vis_2,pol_1,current,ir_2,vis_3"
uniform_diode_vis_3_mid.csv,diode_vis_3,vis_3,37,1008.4,1,1.0,1.0,1,1.0,1.0,1,1.0,1.0,1.0,vis_3,"vis_3,current,ir_1,angle_2,ir_2"
uniform_green_mid.csv,green,"current,ir_1,ir_2,ir_3,vis_1,vis_2,vis_3",37,1033.7,1,1.0,1.0,1,1.0,1.0,1,1.0,1.0,1.0,ir_3,"ir_3,ir_1,current,vis_1,ir_2"
uniform_green_strong.csv,green,"current,ir_1,ir_2,ir_3,vis_1,vis_2,vis_3",37,1021.7,1,1.0,1.0,1,1.0,1.0,1,1.0,1.0,1.0,current,"current,ir_1,ir_3,vis_1,ir_2"
uniform_l_11_mid.csv,l_11,"ir_1,vis_1",37,973.4,0,0.0,0.0,1,0.5,0.3333333333333333,1,0.5,0.4,0.0,angle_1,"angle_1,vis_1,current,ir_3,pol_1"
uniform_l_12_mid.csv,l_12,"ir_1,vis_1",37,967.3,0,0.0,0.0,1,0.5,0.16666666666666666,1,1.0,0.4,0.0,ir_3,"ir_3,current,ir_1,vis_3,vis_1"
uniform_l_21_mid.csv,l_21,"ir_2,vis_2",37,967.8,0,0.0,0.0,1,0.5,0.3333333333333333,1,0.5,0.4,0.0,current,"current,ir_2,angle_2,vis_1,red"
uniform_l_22_mid.csv,l_22,"ir_2,vis_2",37,966.4,0,0.0,0.0,0,0.0,0.0,1,1.0,0.3,0.0,current,"current,ir_1,vis_3,vis_2,ir_2"
uniform_l_31_mid.csv,l_31,"ir_3,vis_3",37,967.8,0,0.0,0.0,1,0.5,0.3333333333333333,1,0.5,0.4,0.0,current,"current,ir_3,angle_1,pol_2,ir_2"
uniform_l_32_mid.csv,l_32,"ir_3,vis_3",37,968.0,0,0.0,0.0,0,0.0,0.0,1,1.0,0.3,0.0,angle_2,"angle_2,ir_1,current,ir_3,vis_3"
uniform_osr_c_mid.csv,osr_c,current,37,1010.9,1,1.0,1.0,1,1.0,1.0,1,1.0,1.0,1.0,current,"current,ir_2,angle_1,ir_3,ir_1"
uniform_osr_c_strong.csv,osr_c,current,37,1009.7,1,1.0,1.0,1,1.0,1.0,1,1.0,1.0,1.0,current,"current,ir_2,ir_1,ir_3,vis_3"
uniform_osr_c_weak.csv,osr_c,current,37,1012.7,0,0.0,0.0,1,1.0,0.6666666666666666,1,1.0,0.8,0.0,ir_1,"ir_1,current,ir_2,vis_3,vis_1"
uniform_pol_1_mid.csv,pol_1,"angle_1,ir_3,vis_3",37,976.6,1,1.0,1.0,1,1.0,1.0,1,1.0,1.0,1.0,angle_1,"angle_1,ir_3,vis_3,current,vis_2"
uniform_pol_1_strong.csv,pol_1,"angle_1,ir_3,vis_3",37,973.6,1,1.0,1.0,1,1.0,1.0,1,1.0,1.0,1.0,angle_1,"angle_1,ir_3,vis_3,angle_2,current"
uniform_pol_2_mid.csv,pol_2,"angle_2,ir_3,vis_3",37,976.9,1,1.0,1.0,1,1.0,1.0,1,1.0,1.0,1.0,angle_2,"angle_2,ir_3,vis_3,current,pol_1"
uniform_pol_2_strong.csv,pol_2,"angle_2,ir_3,vis_3",37,981.4,1,1.0,1.0,1,1.0,1.0,1,1.0,1.0,1.0,angle_2,"angle_2,ir_3,vis_3,current,pol_1"
uniform_red_mid.csv,red,"current,ir_1,ir_2,ir_3,vis_1,vis_2,vis_3",37,1019.8,1,1.0,1.0,1,1.0,1.0,1,1.0,1.0,1.0,ir_2,"ir_2,ir_1,ir_3,current,vis_1"
uniform_red_strong.csv,red,"current,ir_1,ir_2,ir_3,vis_1,vis_2,vis_3",37,1025.0,1,1.0,1.0,1,1.0,1.0,1,1.0,1.0,1.0,ir_1,"ir_1,ir_2,ir_3,current,vis_1"
uniform_t_ir_1_mid.csv,t_ir_1,ir_1,37,1006.6,1,1.0,1.0,1,1.0,1.0,1,1.0,1.0,1.0,ir_1,"ir_1,ir_3,current,ir_2,vis_3"
uniform_t_ir_1_strong.csv,t_ir_1,ir_1,37,1006.1,1,1.0,1.0,1,1.0,1.0,1,1.0,1.0,1.0,ir_1,"ir_1,angle_1,vis_3,current,red"
uniform_t_ir_1_weak.csv,t_ir_1,ir_1,37,1013.8,1,1.0,1.0,1,1.0,1.0,1,1.0,1.0,1.0,ir_1,"ir_1,current,ir_3,pol_1,red"
uniform_t_ir_2_mid.csv,t_ir_2,ir_2,37,1012.9,1,1.0,1.0,1,1.0,1.0,1,1.0,1.0,1.0,ir_2,"ir_2,current,angle_2,l_11,ir_1"
uniform_t_ir_2_strong.csv,t_ir_2,ir_2,37,1008.6,1,1.0,1.0,1,1.0,1.0,1,1.0,1.0,1.0,ir_2,"ir_2,ir_1,ir_3,vis_3,vis_2"
uniform_t_ir_2_weak.csv,t_ir_2,ir_2,37,1014.0,1,1.0,1.0,1,1.0,1.0,1,1.0,1.0,1.0,ir_2,"ir_2,ir_3,ir_1,current,vis_3"
uniform_t_ir_3_mid.csv,t_ir_3,ir_3,37,1013.6,1,1.0,1.0,1,1.0,1.0,1,1.0,1.0,1.0,ir_3,"ir_3,ir_1,current,vis_1,l_12"
uniform_t_ir_3_strong.csv,t_ir_3,ir_3,37,1011.3,1,1.0,1.0,1,1.0,1.0,1,1.0,1.0,1.0,ir_3,"ir_3,current,vis_3,l_32,angle_2"
uniform_t_ir_3_weak.csv,t_ir_3,ir_3,37,1009.8,1,1.0,1.0,1,1.0,1.0,1,1.0,1.0,1.0,ir_3,"ir_3,current,angle_1,blue,vis_2"
uniform_t_vis_1_mid.csv,t_vis_1,vis_1,37,1005.7,1,1.0,1.0,1,1.0,1.0,1,1.0,1.0,1.0,vis_1,"vis_1,current,ir_2,angle_1,l_22"
uniform_t_vis_1_strong.csv,t_vis_1,vis_1,37,1012.0,1,1.0,1.0,1,1.0,1.0,1,1.0,1.0,1.0,vis_1,"vis_1,current,vis_3,ir_1,ir_2"
uniform_t_vis_1_weak.csv,t_vis_1,vis_1,37,1011.6,1,1.0,1.0,1,1.0,1.0,1,1.0,1.0,1.0,vis_1,"vis_1,current,ir_2,vis_2,ir_3"
uniform_t_vis_2_mid.csv,t_vis_2,vis_2,37,1002.1,1,1.0,1.0,1,1.0,1.0,1,1.0,1.0,1.0,vis_2,"vis_2,current,ir_2,ir_3,ir_1"
uniform_t_vis_2_strong.csv,t_vis_2,vis_2,37,1004.9,1,1.0,1.0,1,1.0,1.0,1,1.0,1.0,1.0,vis_2,"vis_2,current,ir_3,ir_1,angle_1"
uniform_t_vis_2_weak.csv,t_vis_2,vis_2,37,1010.1,1,1.0,1.0,1,1.0,1.0,1,1.0,1.0,1.0,vis_2,"vis_2,current,vis_1,ir_1,ir_2"
uniform_t_vis_3_mid.csv,t_vis_3,vis_3,37,1013.1,1,1.0,1.0,1,1.0,1.0,1,1.0,1.0,1.0,vis_3,"vis_3,current,ir_2,ir_1,ir_3"
uniform_t_vis_3_strong.csv,t_vis_3,vis_3,37,1009.5,1,1.0,1.0,1,1.0,1.0,1,1.0,1.0,1.0,vis_3,"vis_3,ir_3,current,vis_2,l_11"
uniform_t_vis_3_weak.csv,t_vis_3,vis_3,37,1005.5,1,1.0,1.0,1,1.0,1.0,1,1.0,1.0,1.0,vis_3,"vis_3,current,angle_2,ir_3,pol_1"
uniform_v_angle_1_mid.csv,v_angle_1,angle_1,37,1008.4,1,1.0,1.0,1,1.0,1.0,1,1.0,1.0,1.0,angle_1,"angle_1,angle_2,ir_3,current,ir_1"
uniform_v_angle_1_strong.csv,v_angle_1,angle_1,37,1013.9,1,1.0,1.0,1,1.0,1.0,1,1.0,1.0,1.0,angle_1,"angle_1,current,angle_2,l_22,ir_3"
uniform_v_angle_2_mid.csv,v_angle_2,angle_2,37,1014.5,1,1.0,1.0,1,1.0,1.0,1,1.0,1.0,1.0,angle_2,"angle_2,ir_3,ir_2,current,ir_1"
uniform_v_angle_2_strong.csv,v_angle_2,angle_2,37,1009.4,1,1.0,1.0,1,1.0,1.0,1,1.0,1.0,1.0,angle_2,"angle_2,current,ir_2,ir_3,l_32"
uniform_v_c_mid.csv,v_c,current,37,1006.3,1,1.0,1.0,1,1.0,1.0,1,1.0,1.0,1.0,current,"current,angle_2,angle_1,vis_1,vis_3"
uniform_v_c_strong.csv,v_c,current,37,998.9,1,1.0,1.0,1,1.0,1.0,1,1.0,1.0,1.0,current,"current,angle_2,ir_1,l_21,ir_2"
