dataset,fault,case,replicate,true,n_nodes,nsigma_seconds,nsigma_error,nsigma_acc@1,nsigma_acc@3,nsigma_acc@5,nsigma_prr,nsigma_top1,nsigma_top5,baro_seconds,baro_error,baro_acc@1,baro_acc@3,baro_acc@5,baro_prr,baro_top1,baro_top5,rcd_seconds,rcd_error,rcd_acc@1,rcd_acc@3,rcd_acc@5,rcd_prr,rcd_top1,rcd_top5,circa_seconds,circa_error,circa_acc@1,circa_acc@3,circa_acc@5,circa_prr,circa_top1,circa_top5,rcg_seconds,rcg_error,rcg_acc@1,rcg_acc@3,rcg_acc@5,rcg_prr,rcg_top1,rcg_top5
onlineboutique,cpu,adservice_cpu,1,adservice,11,2.95,,1,1,1,1.0,adservice,"adservice,paymentservice,checkoutservice,emailservice,shippingservice",2.9,,1,1,1,1.0,adservice,"adservice,paymentservice,checkoutservice,recommendationservice,emailservice",7.51,,1,1,1,1.0,adservice,"adservice,emailservice,cartservice,checkoutservice,shippingservice",3.02,,1,1,1,1.0,adservice,"adservice,frontend,redis,currencyservice,shippingservice",3.18,,1,1,1,1.0,adservice,"adservice,checkoutservice,recommendationservice,cartservice,productcatalogservice"
onlineboutique,cpu,adservice_cpu,2,adservice,11,2.92,,1,1,1,1.0,adservice,"adservice,checkoutservice,redis,emailservice,shippingservice",2.87,,1,1,1,1.0,adservice,"adservice,recommendationservice,checkoutservice,redis,shippingservice",6.21,,1,1,1,1.0,adservice,"adservice,shippingservice,frontend,redis,paymentservice",2.99,,1,1,1,1.0,adservice,"adservice,frontend,recommendationservice,currencyservice,shippingservice",3.13,,1,1,1,1.0,adservice,"adservice,productcatalogservice,redis,shippingservice,checkoutservice"
onlineboutique,cpu,adservice_cpu,3,adservice,11,3.02,,1,1,1,1.0,adservice,"adservice,paymentservice,recommendationservice,currencyservice,checkoutservice",2.97,,1,1,1,1.0,adservice,"adservice,recommendationservice,currencyservice,paymentservice,checkoutservice",6.43,,1,1,1,1.0,adservice,"adservice,cartservice,paymentservice,currencyservice,emailservice",2.97,,1,1,1,1.0,adservice,"adservice,frontend,checkoutservice,emailservice,productcatalogservice",3.17,,1,1,1,1.0,adservice,"adservice,checkoutservice,redis,emailservice,currencyservice"
onlineboutique,cpu,adservice_cpu,4,adservice,11,2.91,,1,1,1,1.0,adservice,"adservice,shippingservice,redis,paymentservice,checkoutservice",2.9,,1,1,1,1.0,adservice,"adservice,checkoutservice,emailservice,shippingservice,redis",8.24,,1,1,1,1.0,adservice,"adservice,recommendationservice,checkoutservice,cartservice,emailservice",2.99,,1,1,1,1.0,adservice,"adservice,frontend,emailservice,cartservice,checkoutservice",3.19,,1,1,1,1.0,adservice,"adservice,redis,recommendationservice,checkoutservice,productcatalogservice"
onlineboutique,cpu,adservice_cpu,5,adservice,11,2.97,,1,1,1,1.0,adservice,"adservice,paymentservice,checkoutservice,shippingservice,redis",2.94,,1,1,1,1.0,adservice,"adservice,emailservice,checkoutservice,paymentservice,shippingservice",4.75,,1,1,1,1.0,adservice,"adservice,paymentservice,recommendationservice,checkoutservice,shippingservice",2.99,,1,1,1,1.0,adservice,"adservice,frontend,paymentservice,redis,shippingservice",3.09,,1,1,1,1.0,adservice,"adservice,cartservice,recommendationservice,productcatalogservice,checkoutservice"
onlineboutique,cpu,cartservice_cpu,1,cartservice,11,2.86,,1,1,1,1.0,cartservice,"cartservice,checkoutservice,shippingservice,paymentservice,redis",2.95,,1,1,1,1.0,cartservice,"cartservice,checkoutservice,emailservice,shippingservice,redis",5.11,,1,1,1,1.0,cartservice,"cartservice,adservice,recommendationservice,currencyservice,frontend",2.93,,1,1,1,1.0,cartservice,"cartservice,frontend,checkoutservice,shippingservice,redis",3.18,,1,1,1,1.0,cartservice,"cartservice,redis,recommendationservice,shippingservice,productcatalogservice"
onlineboutique,cpu,cartservice_cpu,2,cartservice,11,2.94,,1,1,1,1.0,cartservice,"cartservice,shippingservice,redis,emailservice,checkoutservice",2.84,,1,1,1,1.0,cartservice,"cartservice,emailservice,shippingservice,frontend,redis",4.39,,1,1,1,1.0,cartservice,"cartservice,redis,recommendationservice,adservice,checkoutservice",2.87,,1,1,1,1.0,cartservice,"cartservice,checkoutservice,frontend,productcatalogservice,paymentservice",3.11,,1,1,1,1.0,cartservice,"cartservice,redis,shippingservice,recommendationservice,adservice"
onlineboutique,cpu,cartservice_cpu,3,cartservice,11,2.85,,1,1,1,1.0,cartservice,"cartservice,emailservice,checkoutservice,shippingservice,redis",2.96,,1,1,1,1.0,cartservice,"cartservice,emailservice,checkoutservice,shippingservice,redis",6.06,,1,1,1,1.0,cartservice,"cartservice,redis,checkoutservice,paymentservice,shippingservice",3.0,,1,1,1,1.0,cartservice,"cartservice,checkoutservice,frontend,emailservice,recommendationservice",3.06,,1,1,1,1.0,cartservice,"cartservice,redis,shippingservice,productcatalogservice,recommendationservice"
onlineboutique,cpu,cartservice_cpu,4,cartservice,11,2.96,,1,1,1,1.0,cartservice,"cartservice,checkoutservice,emailservice,shippingservice,adservice",2.99,,1,1,1,1.0,cartservice,"cartservice,checkoutservice,emailservice,shippingservice,redis",5.75,,1,1,1,1.0,cartservice,"cartservice,recommendationservice,productcatalogservice,checkoutservice,adservice",3.01,,1,1,1,1.0,cartservice,"cartservice,checkoutservice,frontend,currencyservice,recommendationservice",3.08,,1,1,1,1.0,cartservice,"cartservice,redis,recommendationservice,productcatalogservice,adservice"
onlineboutique,cpu,cartservice_cpu,5,cartservice,11,2.83,,1,1,1,1.0,cartservice,"cartservice,checkoutservice,productcatalogservice,paymentservice,shippingservice",2.86,,1,1,1,1.0,cartservice,"cartservice,checkoutservice,shippingservice,emailservice,redis",5.23,,1,1,1,1.0,cartservice,"cartservice,adservice,paymentservice,shippingservice,recommendationservice",3.04,,1,1,1,1.0,cartservice,"cartservice,checkoutservice,frontend,productcatalogservice,recommendationservice",3.18,,1,1,1,1.0,cartservice,"cartservice,redis,recommendationservice,shippingservice,productcatalogservice"
onlineboutique,cpu,checkoutservice_cpu,1,checkoutservice,11,2.92,,1,1,1,1.0,checkoutservice,"checkoutservice,cartservice,adservice,paymentservice,shippingservice",2.89,,1,1,1,1.0,checkoutservice,"checkoutservice,frontend,cartservice,emailservice,shippingservice",5.12,,1,1,1,1.0,checkoutservice,"checkoutservice,currencyservice,productcatalogservice,cartservice,shippingservice",3.0,,1,1,1,1.0,checkoutservice,"checkoutservice,frontend,emailservice,currencyservice,recommendationservice",3.04,,1,1,1,1.0,checkoutservice,"checkoutservice,cartservice,currencyservice,redis,recommendationservice"
onlineboutique,cpu,checkoutservice_cpu,2,checkoutservice,11,2.94,,1,1,1,1.0,checkoutservice,"checkoutservice,redis,adservice,cartservice,productcatalogservice",2.94,,1,1,1,1.0,checkoutservice,"checkoutservice,redis,frontend,cartservice,productcatalogservice",7.12,,1,1,1,1.0,checkoutservice,"checkoutservice,adservice,currencyservice,productcatalogservice,recommendationservice",2.99,,1,1,1,1.0,checkoutservice,"checkoutservice,frontend,cartservice,recommendationservice,emailservice",3.1,,0,1,1,0.9091,emailservice,"emailservice,checkoutservice,paymentservice,shippingservice,currencyservice"
onlineboutique,cpu,checkoutservice_cpu,3,checkoutservice,11,2.89,,1,1,1,1.0,checkoutservice,"checkoutservice,productcatalogservice,paymentservice,cartservice,shippingservice",2.92,,1,1,1,1.0,checkoutservice,"checkoutservice,productcatalogservice,frontend,shippingservice,cartservice",9.41,,1,1,1,1.0,checkoutservice,"checkoutservice,productcatalogservice,cartservice,adservice,paymentservice",3.09,,1,1,1,1.0,checkoutservice,"checkoutservice,frontend,shippingservice,emailservice,cartservice",3.14,,1,1,1,1.0,checkoutservice,"checkoutservice,redis,cartservice,recommendationservice,emailservice"
onlineboutique,cpu,checkoutservice_cpu,4,checkoutservice,11,2.87,,1,1,1,1.0,checkoutservice,"checkoutservice,paymentservice,redis,emailservice,shippingservice",2.89,,1,1,1,1.0,checkoutservice,"checkoutservice,redis,paymentservice,emailservice,currencyservice",4.89,,1,1,1,1.0,checkoutservice,"checkoutservice,cartservice,emailservice,redis,productcatalogservice",2.92,,1,1,1,1.0,checkoutservice,"checkoutservice,frontend,productcatalogservice,adservice,recommendationservice",3.12,,1,1,1,1.0,checkoutservice,"checkoutservice,recommendationservice,cartservice,shippingservice,redis"
onlineboutique,cpu,checkoutservice_cpu,5,checkoutservice,11,2.97,,1,1,1,1.0,checkoutservice,"checkoutservice,emailservice,paymentservice,shippingservice,currencyservice",2.98,,1,1,1,1.0,checkoutservice,"checkoutservice,emailservice,paymentservice,shippingservice,currencyservice",3.76,,1,1,1,1.0,checkoutservice,"checkoutservice,shippingservice",2.89,,1,1,1,1.0,checkoutservice,"checkoutservice,frontend,cartservice,shippingservice,currencyservice",3.17,,1,1,1,1.0,checkoutservice,"checkoutservice,paymentservice,emailservice,shippingservice,currencyservice"
onlineboutique,cpu,currencyservice_cpu,1,currencyservice,11,2.84,,1,1,1,1.0,currencyservice,"currencyservice,adservice,recommendationservice,redis,checkoutservice",2.91,,1,1,1,1.0,currencyservice,"currencyservice,adservice,recommendationservice,shippingservice,emailservice",5.06,,1,1,1,1.0,currencyservice,"currencyservice,productcatalogservice,checkoutservice,shippingservice,adservice",2.97,,0,1,1,0.9091,checkoutservice,"checkoutservice,currencyservice,frontend,adservice,cartservice",3.13,,1,1,1,1.0,currencyservice,"currencyservice,adservice,emailservice,redis,recommendationservice"
onlineboutique,cpu,currencyservice_cpu,2,currencyservice,11,2.94,,1,1,1,1.0,currencyservice,"currencyservice,adservice,redis,checkoutservice,shippingservice",2.93,,1,1,1,1.0,currencyservice,"currencyservice,adservice,redis,checkoutservice,shippingservice",4.57,,1,1,1,1.0,currencyservice,"currencyservice,paymentservice,checkoutservice",3.01,,0,1,1,0.9091,checkoutservice,"checkoutservice,currencyservice,frontend,adservice,shippingservice",3.14,,1,1,1,1.0,currencyservice,"currencyservice,cartservice,recommendationservice,productcatalogservice,redis"
onlineboutique,cpu,currencyservice_cpu,3,currencyservice,11,2.9,,1,1,1,1.0,currencyservice,"currencyservice,productcatalogservice,paymentservice,checkoutservice,redis",2.96,,1,1,1,1.0,currencyservice,"currencyservice,checkoutservice,productcatalogservice,frontend,adservice",4.29,,1,1,1,1.0,currencyservice,"currencyservice,paymentservice,emailservice,adservice,redis",2.87,,1,1,1,1.0,currencyservice,"currencyservice,frontend,checkoutservice,shippingservice,paymentservice",3.15,,1,1,1,1.0,currencyservice,"currencyservice,emailservice,cartservice,recommendationservice,redis"
onlineboutique,cpu,currencyservice_cpu,4,currencyservice,11,2.88,,1,1,1,1.0,currencyservice,"currencyservice,adservice,checkoutservice,redis,shippingservice",2.84,,1,1,1,1.0,currencyservice,"currencyservice,emailservice,paymentservice,checkoutservice,shippingservice",4.53,,1,1,1,1.0,currencyservice,"currencyservice,redis,productcatalogservice,adservice,cartservice",2.99,,1,1,1,1.0,currencyservice,"currencyservice,frontend,checkoutservice,emailservice,cartservice",3.11,,1,1,1,1.0,currencyservice,"currencyservice,emailservice,paymentservice,cartservice,shippingservice"
onlineboutique,cpu,currencyservice_cpu,5,currencyservice,11,2.91,,1,1,1,1.0,currencyservice,"currencyservice,emailservice,paymentservice,redis,checkoutservice",2.9,,1,1,1,1.0,currencyservice,"currencyservice,emailservice,redis,paymentservice,checkoutservice",6.18,,1,1,1,1.0,currencyservice,"currencyservice,cartservice,checkoutservice,emailservice,productcatalogservice",2.96,,0,1,1,0.9091,checkoutservice,"checkoutservice,currencyservice,frontend,cartservice,recommendationservice",3.12,,1,1,1,1.0,currencyservice,"currencyservice,cartservice,emailservice,recommendationservice,adservice"
onlineboutique,cpu,productcatalogservice_cpu,1,productcatalogservice,11,2.92,,1,1,1,1.0,productcatalogservice,"productcatalogservice,adservice,recommendationservice,checkoutservice,paymentservice",2.93,,1,1,1,1.0,productcatalogservice,"productcatalogservice,adservice,recommendationservice,redis,cartservice",4.8,,1,1,1,1.0,productcatalogservice,"productcatalogservice,cartservice,paymentservice,shippingservice,adservice",2.96,,1,1,1,1.0,productcatalogservice,"productcatalogservice,recommendationservice,frontend,paymentservice,cartservice",3.17,,1,1,1,1.0,productcatalogservice,"productcatalogservice,redis,cartservice,adservice,emailservice"
onlineboutique,cpu,productcatalogservice_cpu,2,productcatalogservice,11,2.83,,1,1,1,1.0,productcatalogservice,"productcatalogservice,paymentservice,cartservice,checkoutservice,recommendationservice",2.92,,1,1,1,1.0,productcatalogservice,"productcatalogservice,paymentservice,adservice,recommendationservice,currencyservice",7.18,,1,1,1,1.0,productcatalogservice,"productcatalogservice,recommendationservice,emailservice,adservice,shippingservice",2.9,,1,1,1,1.0,productcatalogservice,"productcatalogservice,frontend,checkoutservice,recommendationservice,paymentservice",3.16,,1,1,1,1.0,productcatalogservice,"productcatalogservice,redis,currencyservice,cartservice,recommendationservice"
onlineboutique,cpu,productcatalogservice_cpu,3,productcatalogservice,11,2.89,,1,1,1,1.0,productcatalogservice,"productcatalogservice,emailservice,adservice,checkoutservice,paymentservice",2.88,,1,1,1,1.0,productcatalogservice,"productcatalogservice,emailservice,adservice,checkoutservice,paymentservice",4.87,,1,1,1,1.0,productcatalogservice,"productcatalogservice,checkoutservice,shippingservice,redis,paymentservice",3.05,,1,1,1,1.0,productcatalogservice,"productcatalogservice,frontend,checkoutservice,recommendationservice,adservice",3.14,,1,1,1,1.0,productcatalogservice,"productcatalogservice,adservice,emailservice,currencyservice,redis"
onlineboutique,cpu,productcatalogservice_cpu,4,productcatalogservice,11,2.85,,1,1,1,1.0,productcatalogservice,"productcatalogservice,cartservice,checkoutservice,paymentservice,emailservice",2.88,,1,1,1,1.0,productcatalogservice,"productcatalogservice,cartservice,emailservice,checkoutservice,paymentservice",5.05,,1,1,1,1.0,productcatalogservice,"productcatalogservice,currencyservice,paymentservice,recommendationservice,checkoutservice",2.86,,1,1,1,1.0,productcatalogservice,"productcatalogservice,checkoutservice,recommendationservice,frontend,redis",3.09,,1,1,1,1.0,productcatalogservice,"productcatalogservice,currencyservice,shippingservice,adservice,paymentservice"
onlineboutique,cpu,productcatalogservice_cpu,5,productcatalogservice,11,2.87,,1,1,1,1.0,productcatalogservice,"productcatalogservice,cartservice,redis,paymentservice,checkoutservice",2.91,,1,1,1,1.0,productcatalogservice,"productcatalogservice,cartservice,redis,checkoutservice,paymentservice",7.97,,1,1,1,1.0,productcatalogservice,"productcatalogservice,currencyservice,paymentservice,shippingservice,adservice",3.01,,1,1,1,1.0,productcatalogservice,"productcatalogservice,frontend,recommendationservice,checkoutservice,cartservice",3.15,,1,1,1,1.0,productcatalogservice,"productcatalogservice,currencyservice,cartservice,shippingservice,adservice"
onlineboutique,mem,adservice_mem,1,adservice,11,2.93,,1,1,1,1.0,adservice,"adservice,productcatalogservice,cartservice,recommendationservice,emailservice",2.98,,1,1,1,1.0,adservice,"adservice,emailservice,cartservice,recommendationservice,productcatalogservice",5.47,,1,1,1,1.0,adservice,"adservice,frontend,redis,productcatalogservice,shippingservice",2.95,,1,1,1,1.0,adservice,"adservice,frontend,emailservice,checkoutservice,recommendationservice",3.18,,1,1,1,1.0,adservice,"adservice,currencyservice,paymentservice,redis,recommendationservice"
onlineboutique,mem,adservice_mem,2,adservice,11,2.81,,1,1,1,1.0,adservice,"adservice,recommendationservice,cartservice,productcatalogservice,emailservice",2.86,,0,1,1,0.9091,emailservice,"emailservice,adservice,recommendationservice,cartservice,productcatalogservice",5.03,,1,1,1,1.0,adservice,"adservice,redis,productcatalogservice,frontend,shippingservice",2.97,,1,1,1,1.0,adservice,"adservice,frontend,paymentservice,checkoutservice,shippingservice",3.06,,1,1,1,1.0,adservice,"adservice,checkoutservice,paymentservice,recommendationservice,currencyservice"
onlineboutique,mem,adservice_mem,3,adservice,11,2.93,,1,1,1,1.0,adservice,"adservice,recommendationservice,cartservice,productcatalogservice,currencyservice",2.92,,0,1,1,0.9091,emailservice,"emailservice,adservice,cartservice,recommendationservice,currencyservice",4.89,,1,1,1,1.0,adservice,"adservice,paymentservice,currencyservice,productcatalogservice,checkoutservice",3.05,,1,1,1,1.0,adservice,"adservice,frontend,checkoutservice,productcatalogservice,cartservice",3.16,,1,1,1,1.0,adservice,"adservice,emailservice,recommendationservice,paymentservice,currencyservice"
onlineboutique,mem,adservice_mem,4,adservice,11,2.9,,1,1,1,1.0,adservice,"adservice,emailservice,cartservice,paymentservice,recommendationservice",2.86,,0,1,1,0.8182,recommendationservice,"recommendationservice,emailservice,adservice,cartservice,paymentservice",5.54,,1,1,1,1.0,adservice,"adservice,paymentservice,redis,checkoutservice,shippingservice",3.0,,1,1,1,1.0,adservice,"adservice,frontend,paymentservice,productcatalogservice,cartservice",3.16,,1,1,1,1.0,adservice,"adservice,paymentservice,checkoutservice,redis,recommendationservice"
onlineboutique,mem,adservice_mem,5,adservice,11,2.92,,1,1,1,1.0,adservice,"adservice,productcatalogservice,recommendationservice,cartservice,currencyservice",2.92,,0,1,1,0.9091,emailservice,"emailservice,adservice,recommendationservice,cartservice,currencyservice",4.84,,1,1,1,1.0,adservice,"adservice,paymentservice,currencyservice,redis",2.94,,0,1,1,0.9091,frontend,"frontend,adservice,recommendationservice,paymentservice,checkoutservice",3.19,,1,1,1,1.0,adservice,"adservice,recommendationservice,paymentservice,checkoutservice,currencyservice"
onlineboutique,mem,cartservice_mem,1,cartservice,11,2.88,,1,1,1,1.0,cartservice,"cartservice,recommendationservice,paymentservice,emailservice,productcatalogservice",2.83,,0,1,1,0.8182,recommendationservice,"recommendationservice,emailservice,cartservice,adservice,currencyservice",4.45,,1,1,1,1.0,cartservice,"cartservice,paymentservice,frontend,productcatalogservice,redis",2.97,,0,1,1,0.9091,frontend,"frontend,cartservice,checkoutservice,adservice,currencyservice",3.1,,1,1,1,1.0,cartservice,"cartservice,adservice,emailservice,paymentservice,recommendationservice"
onlineboutique,mem,cartservice_mem,2,cartservice,11,2.84,,1,1,1,1.0,cartservice,"cartservice,checkoutservice,recommendationservice,adservice,productcatalogservice",2.92,,0,1,1,0.9091,recommendationservice,"recommendationservice,cartservice,emailservice,checkoutservice,productcatalogservice",4.98,,1,1,1,1.0,cartservice,"cartservice,frontend,adservice,redis,productcatalogservice",2.94,,0,1,1,0.9091,recommendationservice,"recommendationservice,cartservice,frontend,checkoutservice,adservice",3.14,,1,1,1,1.0,cartservice,"cartservice,paymentservice,adservice,redis,currencyservice"
onlineboutique,mem,cartservice_mem,3,cartservice,11,2.87,,1,1,1,1.0,cartservice,"cartservice,emailservice,productcatalogservice,checkoutservice,adservice",2.92,,0,1,1,0.9091,recommendationservice,"recommendationservice,cartservice,emailservice,productcatalogservice,checkoutservice",4.01,,1,1,1,1.0,cartservice,"cartservice,currencyservice,shippingservice,productcatalogservice,frontend",3.0,,1,1,1,1.0,cartservice,"cartservice,checkoutservice,frontend,emailservice,currencyservice",3.12,,1,1,1,1.0,cartservice,"cartservice,paymentservice,adservice,redis,productcatalogservice"
onlineboutique,mem,cartservice_mem,4,cartservice,11,2.87,,1,1,1,1.0,cartservice,"cartservice,adservice,recommendationservice,productcatalogservice,paymentservice",2.96,,0,1,1,0.9091,recommendationservice,"recommendationservice,cartservice,adservice,emailservice,productcatalogservice",4.73,,1,1,1,1.0,cartservice,"cartservice,shippingservice,frontend,productcatalogservice,checkoutservice",3.01,,1,1,1,1.0,cartservice,"cartservice,frontend,recommendationservice,checkoutservice,adservice",3.14,,0,1,1,0.9091,adservice,"adservice,cartservice,paymentservice,redis,emailservice"
onlineboutique,mem,cartservice_mem,5,cartservice,11,2.9,,1,1,1,1.0,cartservice,"cartservice,recommendationservice,adservice,emailservice,currencyservice",2.96,,1,1,1,1.0,cartservice,"cartservice,emailservice,recommendationservice,adservice,currencyservice",3.92,,1,1,1,1.0,cartservice,"cartservice,paymentservice,checkoutservice,emailservice,shippingservice",2.95,,0,1,1,0.9091,frontend,"frontend,cartservice,checkoutservice,recommendationservice,paymentservice",3.08,,1,1,1,1.0,cartservice,"cartservice,paymentservice,adservice,recommendationservice,productcatalogservice"
onlineboutique,mem,checkoutservice_mem,1,checkoutservice,11,2.87,,1,1,1,1.0,checkoutservice,"checkoutservice,frontend,shippingservice,recommendationservice,emailservice",2.9,,1,1,1,1.0,checkoutservice,"checkoutservice,redis,frontend,cartservice,shippingservice",3.88,,1,1,1,1.0,checkoutservice,"checkoutservice,paymentservice,emailservice,productcatalogservice,currencyservice",2.91,,1,1,1,1.0,checkoutservice,"checkoutservice,frontend,emailservice,recommendationservice,paymentservice",3.1,,0,0,0,0.1818,paymentservice,"paymentservice,emailservice,cartservice,adservice,recommendationservice"
onlineboutique,mem,checkoutservice_mem,2,checkoutservice,11,2.96,,1,1,1,1.0,checkoutservice,"checkoutservice,shippingservice,recommendationservice,adservice,redis",2.91,,1,1,1,1.0,checkoutservice,"checkoutservice,emailservice,redis,shippingservice,recommendationservice",5.33,,1,1,1,1.0,checkoutservice,"checkoutservice,recommendationservice,adservice,shippingservice,productcatalogservice",2.98,,1,1,1,1.0,checkoutservice,"checkoutservice,frontend,recommendationservice,emailservice,redis",3.07,,0,0,0,0.5455,recommendationservice,"recommendationservice,cartservice,currencyservice,adservice,redis"
onlineboutique,mem,checkoutservice_mem,3,checkoutservice,11,2.98,,1,1,1,1.0,checkoutservice,"checkoutservice,recommendationservice,shippingservice,frontend,adservice",2.96,,1,1,1,1.0,checkoutservice,"checkoutservice,recommendationservice,shippingservice,frontend,emailservice",4.49,,1,1,1,1.0,checkoutservice,"checkoutservice,adservice,cartservice,currencyservice",2.98,,1,1,1,1.0,checkoutservice,"checkoutservice,frontend,emailservice,adservice,currencyservice",3.11,,0,0,0,0.2727,adservice,"adservice,emailservice,recommendationservice,shippingservice,cartservice"
onlineboutique,mem,checkoutservice_mem,4,checkoutservice,11,2.95,,1,1,1,1.0,checkoutservice,"checkoutservice,emailservice,recommendationservice,cartservice,paymentservice",2.9,,1,1,1,1.0,checkoutservice,"checkoutservice,emailservice,recommendationservice,cartservice,adservice",3.93,,1,1,1,1.0,checkoutservice,"checkoutservice,paymentservice,redis,currencyservice,shippingservice",2.98,,1,1,1,1.0,checkoutservice,"checkoutservice,frontend,paymentservice,adservice,cartservice",3.1,,0,0,1,0.6364,adservice,"adservice,cartservice,recommendationservice,paymentservice,checkoutservice"
onlineboutique,mem,checkoutservice_mem,5,checkoutservice,11,2.91,,1,1,1,1.0,checkoutservice,"checkoutservice,cartservice,emailservice,adservice,shippingservice",2.93,,0,1,1,0.9091,emailservice,"emailservice,checkoutservice,cartservice,redis,adservice",4.96,,1,1,1,1.0,checkoutservice,"checkoutservice,paymentservice,frontend,adservice,productcatalogservice",3.05,,1,1,1,1.0,checkoutservice,"checkoutservice,frontend,shippingservice,paymentservice,redis",3.17,,0,0,1,0.6364,adservice,"adservice,recommendationservice,emailservice,paymentservice,checkoutservice"
onlineboutique,mem,currencyservice_mem,1,currencyservice,11,2.91,,1,1,1,1.0,currencyservice,"currencyservice,cartservice,adservice,frontend,checkoutservice",2.85,,0,1,1,0.9091,emailservice,"emailservice,currencyservice,recommendationservice,cartservice,redis",3.86,,1,1,1,1.0,currencyservice,"currencyservice,shippingservice,paymentservice",2.95,,1,1,1,1.0,currencyservice,"currencyservice,frontend,checkoutservice,cartservice,adservice",3.14,,1,1,1,1.0,currencyservice,"currencyservice,adservice,redis,recommendationservice,emailservice"
onlineboutique,mem,currencyservice_mem,2,currencyservice,11,2.86,,1,1,1,1.0,currencyservice,"currencyservice,emailservice,frontend,productcatalogservice,redis",2.9,,1,1,1,1.0,currencyservice,"currencyservice,emailservice,recommendationservice,cartservice,frontend",4.49,,1,1,1,1.0,currencyservice,"currencyservice,frontend,productcatalogservice,shippingservice,redis",2.96,,1,1,1,1.0,currencyservice,"currencyservice,frontend,checkoutservice,cartservice,paymentservice",3.13,,1,1,1,1.0,currencyservice,"currencyservice,recommendationservice,adservice,cartservice,redis"
onlineboutique,mem,currencyservice_mem,3,currencyservice,11,2.88,,1,1,1,1.0,currencyservice,"currencyservice,recommendationservice,adservice,frontend,cartservice",2.87,,0,1,1,0.9091,emailservice,"emailservice,currencyservice,recommendationservice,cartservice,adservice",4.77,,1,1,1,1.0,currencyservice,"currencyservice,cartservice,paymentservice,productcatalogservice,redis",3.01,,0,1,1,0.9091,recommendationservice,"recommendationservice,currencyservice,checkoutservice,frontend,adservice",3.11,,1,1,1,1.0,currencyservice,"currencyservice,adservice,recommendationservice,cartservice,redis"
onlineboutique,mem,currencyservice_mem,4,currencyservice,11,2.87,,1,1,1,1.0,currencyservice,"currencyservice,recommendationservice,productcatalogservice,shippingservice,cartservice",2.96,,0,1,1,0.9091,emailservice,"emailservice,currencyservice,cartservice,redis,recommendationservice",4.79,,1,1,1,1.0,currencyservice,"currencyservice,recommendationservice,checkoutservice,shippingservice,paymentservice",3.01,,1,1,1,1.0,currencyservice,"currencyservice,frontend,checkoutservice,adservice,cartservice",3.13,,1,1,1,1.0,currencyservice,"currencyservice,recommendationservice,paymentservice,redis,adservice"
onlineboutique,mem,currencyservice_mem,5,currencyservice,11,2.95,,1,1,1,1.0,currencyservice,"currencyservice,checkoutservice,emailservice,adservice,recommendationservice",2.89,,0,1,1,0.9091,emailservice,"emailservice,currencyservice,recommendationservice,redis,checkoutservice",3.62,,1,1,1,1.0,currencyservice,"currencyservice,paymentservice",2.89,,0,1,1,0.9,frontend,"frontend,currencyservice,checkoutservice,cartservice,adservice",3.09,,1,1,1,1.0,currencyservice,"currencyservice,cartservice,paymentservice,adservice,emailservice"
onlineboutique,mem,productcatalogservice_mem,1,productcatalogservice,11,2.89,,1,1,1,1.0,productcatalogservice,"productcatalogservice,recommendationservice,frontend,adservice,cartservice",2.84,,1,1,1,1.0,productcatalogservice,"productcatalogservice,recommendationservice,cartservice,emailservice,frontend",3.7,,1,1,1,1.0,productcatalogservice,"productcatalogservice,paymentservice,redis,currencyservice,shippingservice",2.99,,1,1,1,1.0,productcatalogservice,"productcatalogservice,recommendationservice,frontend,checkoutservice,emailservice",3.13,,1,1,1,1.0,productcatalogservice,"productcatalogservice,emailservice,adservice,currencyservice,redis"
onlineboutique,mem,productcatalogservice_mem,2,productcatalogservice,11,2.92,,1,1,1,1.0,productcatalogservice,"productcatalogservice,recommendationservice,adservice,cartservice,frontend",2.94,,1,1,1,1.0,productcatalogservice,"productcatalogservice,recommendationservice,emailservice,adservice,cartservice",5.4,,1,1,1,1.0,productcatalogservice,"productcatalogservice,cartservice,adservice,currencyservice,shippingservice",3.01,,1,1,1,1.0,productcatalogservice,"productcatalogservice,checkoutservice,frontend,recommendationservice,cartservice",3.13,,1,1,1,1.0,productcatalogservice,"productcatalogservice,cartservice,adservice,currencyservice,paymentservice"
onlineboutique,mem,productcatalogservice_mem,3,productcatalogservice,11,2.93,,1,1,1,1.0,productcatalogservice,"productcatalogservice,recommendationservice,frontend,emailservice,redis",2.86,,0,1,1,0.8182,recommendationservice,"recommendationservice,emailservice,productcatalogservice,cartservice,frontend",4.81,,1,1,1,1.0,productcatalogservice,"productcatalogservice,cartservice,paymentservice,currencyservice,checkoutservice",2.98,,1,1,1,1.0,productcatalogservice,"productcatalogservice,recommendationservice,checkoutservice,frontend,cartservice",3.09,,1,1,1,1.0,productcatalogservice,"productcatalogservice,cartservice,currencyservice,adservice,emailservice"
onlineboutique,mem,productcatalogservice_mem,4,productcatalogservice,11,2.93,,1,1,1,1.0,productcatalogservice,"productcatalogservice,recommendationservice,emailservice,adservice,shippingservice",2.93,,0,1,1,0.9091,recommendationservice,"recommendationservice,productcatalogservice,emailservice,adservice,shippingservice",4.09,,0,1,1,0.75,adservice,"adservice,productcatalogservice,checkoutservice,shippingservice",3.02,,0,1,1,0.9091,recommendationservice,"recommendationservice,productcatalogservice,checkoutservice,frontend,adservice",3.17,,1,1,1,1.0,productcatalogservice,"productcatalogservice,adservice,cartservice,currencyservice,redis"
onlineboutique,mem,productcatalogservice_mem,5,productcatalogservice,11,2.94,,1,1,1,1.0,productcatalogservice,"productcatalogservice,recommendationservice,checkoutservice,emailservice,frontend",2.94,,0,1,1,0.9091,recommendationservice,"recommendationservice,productcatalogservice,emailservice,frontend,redis",4.36,,1,1,1,1.0,productcatalogservice,"productcatalogservice,currencyservice,checkoutservice,recommendationservice",3.0,,1,1,1,1.0,productcatalogservice,"productcatalogservice,frontend,recommendationservice,checkoutservice,adservice",3.12,,1,1,1,1.0,productcatalogservice,"productcatalogservice,currencyservice,adservice,redis,paymentservice"
onlineboutique,delay,adservice_delay,1,adservice,10,2.87,,1,1,1,1.0,adservice,"adservice,checkoutservice,shippingservice,recommendationservice,emailservice",2.93,,1,1,1,1.0,adservice,"adservice,checkoutservice,shippingservice,emailservice,cartservice",3.79,,0,0,0,0.0,checkoutservice,"checkoutservice,shippingservice,paymentservice,currencyservice,recommendationservice",3.01,,1,1,1,1.0,adservice,"adservice,checkoutservice,frontend,shippingservice,currencyservice",3.1,,1,1,1,1.0,adservice,"adservice,currencyservice,productcatalogservice,paymentservice,shippingservice"
onlineboutique,delay,adservice_delay,2,adservice,10,2.92,,1,1,1,1.0,adservice,"adservice,checkoutservice,shippingservice,frontend,paymentservice",2.98,,1,1,1,1.0,adservice,"adservice,checkoutservice,frontend,paymentservice,shippingservice",3.89,,0,0,0,0.0,checkoutservice,"checkoutservice,emailservice,currencyservice,recommendationservice,paymentservice",2.9,,1,1,1,1.0,adservice,"adservice,frontend,checkoutservice,recommendationservice,paymentservice",3.09,,1,1,1,1.0,adservice,"adservice,recommendationservice,emailservice,cartservice,checkoutservice"
onlineboutique,delay,adservice_delay,3,adservice,10,2.94,,1,1,1,1.0,adservice,"adservice,checkoutservice,emailservice,paymentservice,frontend",2.83,,1,1,1,1.0,adservice,"adservice,checkoutservice,frontend,emailservice,paymentservice",3.99,,0,0,0,0.0,currencyservice,"currencyservice,shippingservice,emailservice,checkoutservice,productcatalogservice",2.95,,0,1,1,0.9,frontend,"frontend,adservice,checkoutservice,currencyservice,recommendationservice",3.05,,1,1,1,1.0,adservice,"adservice,productcatalogservice,currencyservice,emailservice,shippingservice"
onlineboutique,delay,adservice_delay,4,adservice,10,2.95,,0,1,1,0.9,checkoutservice,"checkoutservice,adservice,frontend,shippingservice,recommendationservice",2.93,,1,1,1,1.0,adservice,"adservice,checkoutservice,cartservice,frontend,shippingservice",3.81,,0,0,0,0.0,checkoutservice,"checkoutservice,productcatalogservice,currencyservice,paymentservice,recommendationservice",2.9,,1,1,1,1.0,adservice,"adservice,checkoutservice,frontend,productcatalogservice,shippingservice",3.12,,1,1,1,1.0,adservice,"adservice,emailservice,recommendationservice,paymentservice,shippingservice"
onlineboutique,delay,adservice_delay,5,adservice,10,2.88,,1,1,1,1.0,adservice,"adservice,shippingservice,checkoutservice,emailservice,currencyservice",2.97,,1,1,1,1.0,adservice,"adservice,checkoutservice,emailservice,shippingservice,frontend",3.71,,0,0,0,0.0,checkoutservice,"checkoutservice,emailservice,recommendationservice,productcatalogservice,shippingservice",2.95,,1,1,1,1.0,adservice,"adservice,frontend,checkoutservice,recommendationservice,shippingservice",3.12,,1,1,1,1.0,adservice,"adservice,productcatalogservice,paymentservice,emailservice,checkoutservice"
onlineboutique,delay,cartservice_delay,1,cartservice,10,2.91,,1,1,1,1.0,cartservice,"cartservice,checkoutservice,frontend,recommendationservice,emailservice",2.89,,1,1,1,1.0,cartservice,"cartservice,checkoutservice,frontend,emailservice,recommendationservice",3.59,,0,1,1,0.5,frontend,"frontend,emailservice,cartservice,paymentservice",2.84,,0,1,1,0.8,frontend,"frontend,checkoutservice,cartservice,shippingservice,emailservice",3.09,,1,1,1,1.0,cartservice,"cartservice,emailservice,paymentservice,recommendationservice,productcatalogservice"
onlineboutique,delay,cartservice_delay,2,cartservice,10,2.96,,1,1,1,1.0,cartservice,"cartservice,checkoutservice,frontend,emailservice,currencyservice",2.95,,1,1,1,1.0,cartservice,"cartservice,checkoutservice,frontend,emailservice,currencyservice",3.81,,0,0,0,0.0,recommendationservice,"recommendationservice,currencyservice,shippingservice",2.96,,0,1,1,0.9,frontend,"frontend,cartservice,checkoutservice,recommendationservice,paymentservice",3.15,,1,1,1,1.0,cartservice,"cartservice,emailservice,recommendationservice,paymentservice,productcatalogservice"
onlineboutique,delay,cartservice_delay,3,cartservice,10,2.93,,0,1,1,0.9,frontend,"frontend,cartservice,checkoutservice,emailservice,paymentservice",2.94,,1,1,1,1.0,cartservice,"cartservice,checkoutservice,frontend,paymentservice,emailservice",4.0,,0,0,0,0.0,frontend,"frontend,paymentservice,currencyservice,adservice,recommendationservice",2.98,,1,1,1,1.0,cartservice,"cartservice,checkoutservice,frontend,emailservice,adservice",3.09,,1,1,1,1.0,cartservice,"cartservice,paymentservice,recommendationservice,shippingservice,emailservice"
onlineboutique,delay,cartservice_delay,4,cartservice,10,2.97,,1,1,1,1.0,cartservice,"cartservice,frontend,checkoutservice,emailservice,recommendationservice",2.91,,1,1,1,1.0,cartservice,"cartservice,checkoutservice,frontend,emailservice,shippingservice",3.95,,0,1,1,0.8333,checkoutservice,"checkoutservice,cartservice,recommendationservice,paymentservice,frontend",3.01,,1,1,1,1.0,cartservice,"cartservice,checkoutservice,frontend,emailservice,recommendationservice",3.15,,1,1,1,1.0,cartservice,"cartservice,recommendationservice,adservice,productcatalogservice,emailservice"
onlineboutique,delay,cartservice_delay,5,cartservice,10,2.97,,1,1,1,1.0,cartservice,"cartservice,frontend,checkoutservice,paymentservice,emailservice",3.0,,1,1,1,1.0,cartservice,"cartservice,checkoutservice,frontend,paymentservice,recommendationservice",4.58,,1,1,1,1.0,cartservice,"cartservice,emailservice,adservice,paymentservice,currencyservice",2.96,,0,1,1,0.9,frontend,"frontend,cartservice,checkoutservice,recommendationservice,emailservice",3.07,,1,1,1,1.0,cartservice,"cartservice,emailservice,currencyservice,recommendationservice,productcatalogservice"
onlineboutique,delay,checkoutservice_delay,1,checkoutservice,10,2.91,,1,1,1,1.0,checkoutservice,"checkoutservice,cartservice,frontend,recommendationservice,paymentservice",2.88,,1,1,1,1.0,checkoutservice,"checkoutservice,cartservice,frontend,recommendationservice,paymentservice",3.67,,1,1,1,1.0,checkoutservice,"checkoutservice,emailservice,paymentservice,adservice,productcatalogservice",3.0,,1,1,1,1.0,checkoutservice,"checkoutservice,frontend,shippingservice,recommendationservice,paymentservice",3.14,,0,0,0,0.2,shippingservice,"shippingservice,adservice,paymentservice,recommendationservice,emailservice"
onlineboutique,delay,checkoutservice_delay,2,checkoutservice,10,2.9,,0,1,1,0.8,cartservice,"cartservice,frontend,checkoutservice,emailservice,currencyservice",2.95,,1,1,1,1.0,checkoutservice,"checkoutservice,cartservice,frontend,emailservice,currencyservice",3.65,,0,0,0,0.0,shippingservice,"shippingservice,productcatalogservice,paymentservice,recommendationservice,adservice",2.91,,1,1,1,1.0,checkoutservice,"checkoutservice,frontend,shippingservice,adservice,recommendationservice",3.18,,0,0,0,0.2,shippingservice,"shippingservice,paymentservice,emailservice,recommendationservice,adservice"
onlineboutique,delay,checkoutservice_delay,3,checkoutservice,10,2.94,,0,1,1,0.8,cartservice,"cartservice,frontend,checkoutservice,adservice,currencyservice",2.93,,1,1,1,1.0,checkoutservice,"checkoutservice,cartservice,frontend,adservice,currencyservice",3.89,,0,0,0,0.0,currencyservice,"currencyservice,productcatalogservice,paymentservice,cartservice,recommendationservice",2.89,,1,1,1,1.0,checkoutservice,"checkoutservice,frontend,shippingservice,adservice,recommendationservice",3.1,,0,0,0,0.2,shippingservice,"shippingservice,adservice,currencyservice,productcatalogservice,recommendationservice"
onlineboutique,delay,checkoutservice_delay,4,checkoutservice,10,2.87,,0,1,1,0.8,cartservice,"cartservice,frontend,checkoutservice,recommendationservice,currencyservice",2.95,,0,1,1,0.9,cartservice,"cartservice,checkoutservice,frontend,currencyservice,recommendationservice",3.7,,1,1,1,1.0,checkoutservice,"checkoutservice,productcatalogservice,adservice,recommendationservice,currencyservice",2.95,,0,1,1,0.9,frontend,"frontend,checkoutservice,cartservice,recommendationservice,shippingservice",3.06,,0,0,0,0.3,shippingservice,"shippingservice,productcatalogservice,adservice,currencyservice,recommendationservice"
onlineboutique,delay,checkoutservice_delay,5,checkoutservice,10,2.85,,1,1,1,1.0,checkoutservice,"checkoutservice,frontend,emailservice,recommendationservice,currencyservice",2.87,,1,1,1,1.0,checkoutservice,"checkoutservice,frontend,cartservice,emailservice,recommendationservice",3.91,,1,1,1,1.0,checkoutservice,"checkoutservice,productcatalogservice,emailservice,paymentservice,currencyservice",2.93,,1,1,1,1.0,checkoutservice,"checkoutservice,frontend,shippingservice,paymentservice,recommendationservice",3.13,,0,0,0,0.2,shippingservice,"shippingservice,productcatalogservice,emailservice,paymentservice,recommendationservice"
onlineboutique,delay,currencyservice_delay,1,currencyservice,10,2.94,,1,1,1,1.0,currencyservice,"currencyservice,frontend,checkoutservice,paymentservice,emailservice",2.94,,0,1,1,0.9,checkoutservice,"checkoutservice,currencyservice,frontend,emailservice,paymentservice",3.98,,0,0,0,0.0,frontend,"frontend,adservice,emailservice,recommendationservice,paymentservice",2.9,,0,1,1,0.9,checkoutservice,"checkoutservice,currencyservice,frontend,recommendationservice,paymentservice",3.18,,1,1,1,1.0,currencyservice,"currencyservice,productcatalogservice,adservice,emailservice,shippingservice"
onlineboutique,delay,currencyservice_delay,2,currencyservice,10,2.95,,0,1,1,0.9,frontend,"frontend,currencyservice,checkoutservice,emailservice,shippingservice",2.95,,0,1,1,0.9,checkoutservice,"checkoutservice,currencyservice,frontend,cartservice,shippingservice",3.69,,0,0,0,0.0,frontend,"frontend,shippingservice,recommendationservice,productcatalogservice,paymentservice",2.95,,0,1,1,0.8,frontend,"frontend,checkoutservice,currencyservice,cartservice,emailservice",3.11,,1,1,1,1.0,currencyservice,"currencyservice,emailservice,recommendationservice,paymentservice,adservice"
onlineboutique,delay,currencyservice_delay,3,currencyservice,10,2.92,,1,1,1,1.0,currencyservice,"currencyservice,frontend,checkoutservice,adservice,paymentservice",2.81,,1,1,1,1.0,currencyservice,"currencyservice,checkoutservice,frontend,cartservice,adservice",3.82,,0,0,0,0.0,checkoutservice,"checkoutservice,recommendationservice,emailservice,paymentservice,shippingservice",3.03,,1,1,1,1.0,currencyservice,"currencyservice,frontend,checkoutservice,productcatalogservice,recommendationservice",3.15,,1,1,1,1.0,currencyservice,"currencyservice,productcatalogservice,recommendationservice,paymentservice,shippingservice"
onlineboutique,delay,currencyservice_delay,4,currencyservice,10,2.94,,0,0,1,0.7,cartservice,"cartservice,frontend,checkoutservice,currencyservice,emailservice",2.95,,1,1,1,1.0,currencyservice,"currencyservice,checkoutservice,cartservice,frontend,emailservice",4.14,,0,0,0,0.0,frontend,"frontend,shippingservice,recommendationservice,paymentservice,productcatalogservice",2.93,,0,1,1,0.9,frontend,"frontend,currencyservice,checkoutservice,recommendationservice,cartservice",3.1,,1,1,1,1.0,currencyservice,"currencyservice,paymentservice,recommendationservice,shippingservice,cartservice"
onlineboutique,delay,currencyservice_delay,5,currencyservice,10,2.95,,0,1,1,0.8,frontend,"frontend,checkoutservice,currencyservice,shippingservice,paymentservice",2.89,,0,1,1,0.9,checkoutservice,"checkoutservice,currencyservice,frontend,emailservice,shippingservice",3.79,,1,1,1,1.0,currencyservice,"currencyservice,shippingservice,frontend,paymentservice,checkoutservice",2.93,,0,1,1,0.8,checkoutservice,"checkoutservice,frontend,currencyservice,shippingservice,recommendationservice",3.06,,1,1,1,1.0,currencyservice,"currencyservice,shippingservice,productcatalogservice,recommendationservice,emailservice"
onlineboutique,delay,productcatalogservice_delay,1,productcatalogservice,10,2.89,,0,1,1,0.9,checkoutservice,"checkoutservice,productcatalogservice,frontend,cartservice,recommendationservice",2.88,,0,1,1,0.9,checkoutservice,"checkoutservice,productcatalogservice,recommendationservice,cartservice,frontend",3.63,,0,0,0,0.0,paymentservice,"paymentservice,recommendationservice,emailservice,shippingservice,currencyservice",2.89,,0,0,1,0.7,checkoutservice,"checkoutservice,frontend,recommendationservice,productcatalogservice,cartservice",3.06,,1,1,1,1.0,productcatalogservice,"productcatalogservice,paymentservice,adservice,shippingservice,currencyservice"
onlineboutique,delay,productcatalogservice_delay,2,productcatalogservice,10,2.89,,1,1,1,1.0,productcatalogservice,"productcatalogservice,frontend,checkoutservice,recommendationservice,cartservice",2.93,,0,1,1,0.9,checkoutservice,"checkoutservice,productcatalogservice,recommendationservice,frontend,paymentservice",3.75,,0,0,0,0.0,shippingservice,"shippingservice,cartservice,emailservice,currencyservice,paymentservice",2.97,,0,0,1,0.7,recommendationservice,"recommendationservice,frontend,checkoutservice,productcatalogservice,paymentservice",3.11,,1,1,1,1.0,productcatalogservice,"productcatalogservice,emailservice,shippingservice,currencyservice,cartservice"
onlineboutique,delay,productcatalogservice_delay,3,productcatalogservice,10,2.94,,0,1,1,0.8,checkoutservice,"checkoutservice,cartservice,productcatalogservice,recommendationservice,frontend",2.91,,0,1,1,0.9,checkoutservice,"checkoutservice,productcatalogservice,recommendationservice,frontend,cartservice",3.56,,0,0,0,0.0,recommendationservice,"recommendationservice,paymentservice,frontend,shippingservice,adservice",3.01,,0,1,1,0.8,recommendationservice,"recommendationservice,frontend,productcatalogservice,checkoutservice,paymentservice",3.12,,1,1,1,1.0,productcatalogservice,"productcatalogservice,shippingservice,paymentservice,currencyservice,emailservice"
onlineboutique,delay,productcatalogservice_delay,4,productcatalogservice,10,2.93,,0,1,1,0.9,checkoutservice,"checkoutservice,productcatalogservice,cartservice,recommendationservice,frontend",2.92,,0,1,1,0.9,checkoutservice,"checkoutservice,productcatalogservice,cartservice,recommendationservice,frontend",3.73,,0,0,0,0.0,recommendationservice,"recommendationservice,shippingservice,adservice,emailservice",2.97,,0,1,1,0.8,recommendationservice,"recommendationservice,checkoutservice,productcatalogservice,frontend,emailservice",3.1,,1,1,1,1.0,productcatalogservice,"productcatalogservice,adservice,emailservice,paymentservice,shippingservice"
onlineboutique,delay,productcatalogservice_delay,5,productcatalogservice,10,2.89,,0,1,1,0.8,checkoutservice,"checkoutservice,cartservice,productcatalogservice,recommendationservice,frontend",2.93,,0,1,1,0.8,cartservice,"cartservice,checkoutservice,productcatalogservice,recommendationservice,frontend",4.03,,0,0,0,0.0,recommendationservice,"recommendationservice,currencyservice,shippingservice,emailservice,adservice",2.92,,0,1,1,0.8,checkoutservice,"checkoutservice,frontend,productcatalogservice,recommendationservice,cartservice",3.12,,1,1,1,1.0,productcatalogservice,"productcatalogservice,shippingservice,paymentservice,emailservice,currencyservice"
onlineboutique,disk,adservice_disk,1,adservice,10,2.87,,0,1,1,0.9,cartservice,"cartservice,adservice,productcatalogservice,recommendationservice,shippingservice",2.93,,0,1,1,0.8,cartservice,"cartservice,emailservice,adservice,productcatalogservice,recommendationservice",3.55,,0,1,1,0.5,currencyservice,"currencyservice,checkoutservice,adservice,paymentservice",2.91,,0,0,1,0.6,cartservice,"cartservice,frontend,checkoutservice,emailservice,adservice",3.13,,1,1,1,1.0,adservice,"adservice,emailservice,recommendationservice,currencyservice,productcatalogservice"
onlineboutique,disk,adservice_disk,2,adservice,10,2.93,,0,1,1,0.9,emailservice,"emailservice,adservice,productcatalogservice,shippingservice,paymentservice",2.91,,1,1,1,1.0,adservice,"adservice,emailservice,productcatalogservice,paymentservice,shippingservice",3.91,,1,1,1,1.0,adservice,"adservice,recommendationservice,checkoutservice,cartservice",3.01,,0,0,1,0.6,recommendationservice,"recommendationservice,checkoutservice,emailservice,productcatalogservice,adservice",3.05,,1,1,1,1.0,adservice,"adservice,emailservice,productcatalogservice,shippingservice,paymentservice"
onlineboutique,disk,adservice_disk,3,adservice,10,2.92,,0,1,1,0.9,emailservice,"emailservice,adservice,cartservice,productcatalogservice,recommendationservice",2.84,,0,0,1,0.7,emailservice,"emailservice,cartservice,productcatalogservice,adservice,recommendationservice",3.91,,1,1,1,1.0,adservice,"adservice,checkoutservice,productcatalogservice,currencyservice,paymentservice",3.0,,0,1,1,0.8,emailservice,"emailservice,checkoutservice,adservice,frontend,currencyservice",3.1,,1,1,1,1.0,adservice,"adservice,emailservice,productcatalogservice,recommendationservice,shippingservice"
onlineboutique,disk,adservice_disk,4,adservice,10,2.92,,1,1,1,1.0,adservice,"adservice,emailservice,productcatalogservice,paymentservice,shippingservice",2.94,,1,1,1,1.0,adservice,"adservice,emailservice,productcatalogservice,paymentservice,shippingservice",3.59,,0,1,1,0.8,frontend,"frontend,adservice,recommendationservice,cartservice,paymentservice",2.96,,0,1,1,0.8,frontend,"frontend,emailservice,adservice,recommendationservice,checkoutservice",3.2,,1,1,1,1.0,adservice,"adservice,emailservice,productcatalogservice,shippingservice,recommendationservice"
onlineboutique,disk,adservice_disk,5,adservice,10,2.89,,0,1,1,0.9,emailservice,"emailservice,adservice,paymentservice,productcatalogservice,shippingservice",2.89,,0,1,1,0.9,emailservice,"emailservice,adservice,productcatalogservice,cartservice,paymentservice",3.43,,0,0,0,0.0,checkoutservice,"checkoutservice,recommendationservice,paymentservice",2.93,,1,1,1,1.0,adservice,"adservice,frontend,checkoutservice,emailservice,recommendationservice",3.17,,1,1,1,1.0,adservice,"adservice,emailservice,productcatalogservice,shippingservice,paymentservice"
onlineboutique,disk,cartservice_disk,1,cartservice,10,3.0,,1,1,1,1.0,cartservice,"cartservice,paymentservice,checkoutservice,emailservice,currencyservice",2.94,,1,1,1,1.0,cartservice,"cartservice,paymentservice,checkoutservice,emailservice,productcatalogservice",4.07,,1,1,1,1.0,cartservice,"cartservice,adservice,productcatalogservice,frontend,shippingservice",2.91,,0,1,1,0.9,checkoutservice,"checkoutservice,cartservice,frontend,paymentservice,emailservice",3.14,,1,1,1,1.0,cartservice,"cartservice,recommendationservice,currencyservice,shippingservice,paymentservice"
onlineboutique,disk,cartservice_disk,2,cartservice,10,2.9,,0,1,1,0.8,emailservice,"emailservice,checkoutservice,cartservice,shippingservice,productcatalogservice",2.87,,1,1,1,1.0,cartservice,"cartservice,checkoutservice,emailservice,productcatalogservice,shippingservice",3.96,,0,0,0,0.0,checkoutservice,"checkoutservice,paymentservice,productcatalogservice,shippingservice",2.96,,1,1,1,1.0,cartservice,"cartservice,checkoutservice,recommendationservice,adservice,frontend",3.12,,1,1,1,1.0,cartservice,"cartservice,shippingservice,currencyservice,recommendationservice,emailservice"
onlineboutique,disk,cartservice_disk,3,cartservice,10,2.9,,1,1,1,1.0,cartservice,"cartservice,emailservice,paymentservice,checkoutservice,adservice",2.92,,1,1,1,1.0,cartservice,"cartservice,emailservice,adservice,paymentservice,currencyservice",3.74,,0,0,0,0.0,paymentservice,"paymentservice,frontend,shippingservice",3.0,,0,1,1,0.8,frontend,"frontend,checkoutservice,cartservice,currencyservice,adservice",3.09,,1,1,1,1.0,cartservice,"cartservice,adservice,shippingservice,paymentservice,currencyservice"
onlineboutique,disk,cartservice_disk,4,cartservice,10,2.93,,1,1,1,1.0,cartservice,"cartservice,checkoutservice,emailservice,paymentservice,productcatalogservice",2.98,,1,1,1,1.0,cartservice,"cartservice,currencyservice,adservice,emailservice,checkoutservice",3.59,,0,0,0,0.0,shippingservice,shippingservice,2.88,,0,1,1,0.8,frontend,"frontend,checkoutservice,cartservice,emailservice,recommendationservice",3.1,,0,1,1,0.9,shippingservice,"shippingservice,cartservice,emailservice,currencyservice,paymentservice"
onlineboutique,disk,cartservice_disk,5,cartservice,10,2.85,,1,1,1,1.0,cartservice,"cartservice,paymentservice,productcatalogservice,frontend,shippingservice",2.93,,1,1,1,1.0,cartservice,"cartservice,emailservice,paymentservice,productcatalogservice,checkoutservice",3.91,,0,1,1,0.6,currencyservice,"currencyservice,emailservice,cartservice,checkoutservice,recommendationservice",2.95,,0,1,1,0.8,frontend,"frontend,checkoutservice,cartservice,recommendationservice,emailservice",3.13,,1,1,1,1.0,cartservice,"cartservice,currencyservice,recommendationservice,shippingservice,emailservice"
onlineboutique,disk,checkoutservice_disk,1,checkoutservice,10,2.88,,1,1,1,1.0,checkoutservice,"checkoutservice,paymentservice,cartservice,emailservice,productcatalogservice",2.97,,0,1,1,0.9,cartservice,"cartservice,checkoutservice,emailservice,productcatalogservice,paymentservice",4.09,,1,1,1,1.0,checkoutservice,"checkoutservice,productcatalogservice,recommendationservice,emailservice,frontend",2.97,,1,1,1,1.0,checkoutservice,"checkoutservice,frontend,emailservice,recommendationservice,productcatalogservice",3.08,,0,0,0,0.3,emailservice,"emailservice,shippingservice,productcatalogservice,adservice,paymentservice"
onlineboutique,disk,checkoutservice_disk,2,checkoutservice,10,2.88,,1,1,1,1.0,checkoutservice,"checkoutservice,emailservice,paymentservice,shippingservice,productcatalogservice",2.92,,1,1,1,1.0,checkoutservice,"checkoutservice,emailservice,cartservice,productcatalogservice,paymentservice",3.13,,0,0,0,0.0,emailservice,"emailservice,paymentservice,shippingservice,currencyservice",2.95,,0,1,1,0.9,frontend,"frontend,checkoutservice,emailservice,recommendationservice,productcatalogservice",2.99,,0,0,0,0.2,emailservice,"emailservice,paymentservice,productcatalogservice,shippingservice,adservice"
onlineboutique,disk,checkoutservice_disk,3,checkoutservice,10,2.92,,1,1,1,1.0,checkoutservice,"checkoutservice,paymentservice,shippingservice,productcatalogservice,recommendationservice",2.89,,0,1,1,0.9,cartservice,"cartservice,checkoutservice,productcatalogservice,paymentservice,shippingservice",3.33,,0,0,0,0.0,emailservice,"emailservice,recommendationservice,frontend,currencyservice",3.02,,0,1,1,0.8,frontend,"frontend,cartservice,checkoutservice,productcatalogservice,recommendationservice",3.02,,0,0,0,0.1,emailservice,"emailservice,productcatalogservice,adservice,shippingservice,paymentservice"
onlineboutique,disk,checkoutservice_disk,4,checkoutservice,10,2.91,,0,1,1,0.9,paymentservice,"paymentservice,checkoutservice,emailservice,productcatalogservice,shippingservice",2.84,,0,0,1,0.7,emailservice,"emailservice,paymentservice,productcatalogservice,checkoutservice,cartservice",4.3,,0,0,0,0.0,emailservice,"emailservice,frontend,currencyservice,recommendationservice,adservice",3.02,,0,1,1,0.9,emailservice,"emailservice,checkoutservice,frontend,recommendationservice,shippingservice",3.1,,0,0,0,0.1,emailservice,"emailservice,shippingservice,productcatalogservice,adservice,paymentservice"
onlineboutique,disk,checkoutservice_disk,5,checkoutservice,10,2.88,,0,1,1,0.9,emailservice,"emailservice,checkoutservice,paymentservice,shippingservice,productcatalogservice",2.99,,0,0,1,0.6,currencyservice,"currencyservice,emailservice,productcatalogservice,cartservice,checkoutservice",3.71,,0,0,1,0.4286,paymentservice,"paymentservice,frontend,adservice,currencyservice,checkoutservice",2.93,,0,1,1,0.8,emailservice,"emailservice,paymentservice,checkoutservice,frontend,shippingservice",3.06,,0,0,0,0.1,adservice,"adservice,productcatalogservice,shippingservice,emailservice,paymentservice"
onlineboutique,disk,currencyservice_disk,1,currencyservice,10,3.0,,0,1,1,0.8,checkoutservice,"checkoutservice,cartservice,currencyservice,emailservice,paymentservice",2.88,,0,1,1,0.9,cartservice,"cartservice,currencyservice,checkoutservice,adservice,paymentservice",3.28,,1,1,1,1.0,currencyservice,"currencyservice,recommendationservice",2.86,,1,1,1,1.0,currencyservice,"currencyservice,frontend,checkoutservice,cartservice,paymentservice",3.06,,1,1,1,1.0,currencyservice,"currencyservice,emailservice,shippingservice,productcatalogservice,adservice"
onlineboutique,disk,currencyservice_disk,2,currencyservice,10,2.87,,1,1,1,1.0,currencyservice,"currencyservice,checkoutservice,emailservice,frontend,productcatalogservice",2.86,,1,1,1,1.0,currencyservice,"currencyservice,emailservice,checkoutservice,cartservice,productcatalogservice",3.71,,0,0,0,0.0,recommendationservice,"recommendationservice,frontend,shippingservice,productcatalogservice",3.01,,0,1,1,0.9,checkoutservice,"checkoutservice,currencyservice,frontend,emailservice,recommendationservice",3.09,,1,1,1,1.0,currencyservice,"currencyservice,recommendationservice,paymentservice,shippingservice,emailservice"
onlineboutique,disk,currencyservice_disk,3,currencyservice,10,2.92,,1,1,1,1.0,currencyservice,"currencyservice,checkoutservice,paymentservice,frontend,emailservice",2.92,,1,1,1,1.0,currencyservice,"currencyservice,checkoutservice,paymentservice,frontend,emailservice",3.52,,0,0,0,0.0,checkoutservice,"checkoutservice,shippingservice,recommendationservice,productcatalogservice",2.98,,0,1,1,0.9,checkoutservice,"checkoutservice,currencyservice,frontend,cartservice,paymentservice",3.08,,1,1,1,1.0,currencyservice,"currencyservice,paymentservice,cartservice,shippingservice,productcatalogservice"
onlineboutique,disk,currencyservice_disk,4,currencyservice,10,2.86,,0,1,1,0.8,emailservice,"emailservice,paymentservice,currencyservice,checkoutservice,shippingservice",2.86,,1,1,1,1.0,currencyservice,"currencyservice,emailservice,paymentservice,checkoutservice,productcatalogservice",3.7,,0,0,0,0.0,recommendationservice,"recommendationservice,checkoutservice",2.99,,0,1,1,0.8,checkoutservice,"checkoutservice,frontend,currencyservice,paymentservice,emailservice",3.08,,1,1,1,1.0,currencyservice,"currencyservice,paymentservice,productcatalogservice,emailservice,shippingservice"
onlineboutique,disk,currencyservice_disk,5,currencyservice,10,2.96,,0,1,1,0.8,emailservice,"emailservice,paymentservice,currencyservice,checkoutservice,adservice",2.92,,0,1,1,0.8,paymentservice,"paymentservice,emailservice,currencyservice,checkoutservice,adservice",3.3,,0,1,1,0.5,paymentservice,"paymentservice,shippingservice,currencyservice,checkoutservice",3.06,,1,1,1,1.0,currencyservice,"currencyservice,checkoutservice,paymentservice,emailservice,cartservice",3.1,,0,1,1,0.9,paymentservice,"paymentservice,currencyservice,recommendationservice,emailservice,shippingservice"
onlineboutique,disk,productcatalogservice_disk,1,productcatalogservice,10,2.94,,0,1,1,0.8,cartservice,"cartservice,checkoutservice,productcatalogservice,recommendationservice,paymentservice",2.99,,1,1,1,1.0,productcatalogservice,"productcatalogservice,cartservice,checkoutservice,recommendationservice,paymentservice",3.44,,0,0,0,0.0,recommendationservice,"recommendationservice,currencyservice,adservice",2.94,,0,1,1,0.9,frontend,"frontend,productcatalogservice,checkoutservice,recommendationservice,shippingservice",3.09,,1,1,1,1.0,productcatalogservice,"productcatalogservice,emailservice,adservice,shippingservice,paymentservice"
onlineboutique,disk,productcatalogservice_disk,2,productcatalogservice,10,2.92,,1,1,1,1.0,productcatalogservice,"productcatalogservice,emailservice,checkoutservice,paymentservice,cartservice",2.96,,1,1,1,1.0,productcatalogservice,"productcatalogservice,cartservice,checkoutservice,emailservice,paymentservice",3.2,,0,0,0,0.0,shippingservice,"shippingservice,currencyservice",2.94,,0,0,1,0.7,checkoutservice,"checkoutservice,frontend,recommendationservice,productcatalogservice,emailservice",3.09,,1,1,1,1.0,productcatalogservice,"productcatalogservice,currencyservice,shippingservice,paymentservice,emailservice"
onlineboutique,disk,productcatalogservice_disk,3,productcatalogservice,10,2.97,,1,1,1,1.0,productcatalogservice,"productcatalogservice,checkoutservice,paymentservice,recommendationservice,cartservice",2.97,,1,1,1,1.0,productcatalogservice,"productcatalogservice,checkoutservice,cartservice,emailservice,paymentservice",3.36,,0,0,0,0.0,recommendationservice,"recommendationservice,currencyservice,shippingservice",2.95,,0,1,1,0.9,recommendationservice,"recommendationservice,productcatalogservice,frontend,checkoutservice,paymentservice",3.1,,1,1,1,1.0,productcatalogservice,"productcatalogservice,shippingservice,paymentservice,currencyservice,cartservice"
onlineboutique,disk,productcatalogservice_disk,4,productcatalogservice,10,2.89,,1,1,1,1.0,productcatalogservice,"productcatalogservice,emailservice,checkoutservice,recommendationservice,paymentservice",2.96,,1,1,1,1.0,productcatalogservice,"productcatalogservice,checkoutservice,paymentservice,emailservice,recommendationservice",3.67,,0,0,0,0.0,recommendationservice,"recommendationservice,shippingservice,currencyservice,cartservice,emailservice",2.94,,0,1,1,0.9,recommendationservice,"recommendationservice,productcatalogservice,checkoutservice,paymentservice,frontend",3.14,,1,1,1,1.0,productcatalogservice,"productcatalogservice,paymentservice,emailservice,shippingservice,currencyservice"
onlineboutique,disk,productcatalogservice_disk,5,productcatalogservice,10,2.95,,1,1,1,1.0,productcatalogservice,"productcatalogservice,emailservice,cartservice,adservice,checkoutservice",2.95,,1,1,1,1.0,productcatalogservice,"productcatalogservice,cartservice,paymentservice,adservice,recommendationservice",3.55,,0,0,0,0.0,recommendationservice,"recommendationservice,currencyservice,shippingservice",2.93,,0,0,1,0.7,recommendationservice,"recommendationservice,frontend,checkoutservice,productcatalogservice,paymentservice",3.11,,1,1,1,1.0,productcatalogservice,"productcatalogservice,paymentservice,currencyservice,shippingservice,emailservice"
onlineboutique,loss,adservice_loss,1,adservice,10,2.91,,1,1,1,1.0,adservice,"adservice,checkoutservice,cartservice,frontend,emailservice",2.93,,1,1,1,1.0,adservice,"adservice,checkoutservice,cartservice,frontend,paymentservice",3.69,,0,0,0,0.0,paymentservice,"paymentservice,recommendationservice,checkoutservice,emailservice,shippingservice",2.96,,1,1,1,1.0,adservice,"adservice,frontend,cartservice,checkoutservice,productcatalogservice",3.08,,1,1,1,1.0,adservice,"adservice,emailservice,shippingservice,recommendationservice,currencyservice"
onlineboutique,loss,adservice_loss,2,adservice,10,2.93,,0,1,1,0.9,checkoutservice,"checkoutservice,adservice,emailservice,paymentservice,recommendationservice",2.93,,0,1,1,0.9,checkoutservice,"checkoutservice,adservice,emailservice,paymentservice,cartservice",3.93,,1,1,1,1.0,adservice,"adservice,currencyservice,emailservice,recommendationservice,paymentservice",2.97,,1,1,1,1.0,adservice,"adservice,checkoutservice,productcatalogservice,cartservice,currencyservice",3.08,,1,1,1,1.0,adservice,"adservice,currencyservice,shippingservice,productcatalogservice,cartservice"
onlineboutique,loss,adservice_loss,3,adservice,10,2.97,,1,1,1,1.0,adservice,"adservice,checkoutservice,frontend,currencyservice,paymentservice",2.91,,1,1,1,1.0,adservice,"adservice,checkoutservice,frontend,productcatalogservice,paymentservice",4.11,,0,0,0,0.0,recommendationservice,"recommendationservice,emailservice,frontend,paymentservice,shippingservice",2.95,,0,1,1,0.9,checkoutservice,"checkoutservice,adservice,frontend,shippingservice,recommendationservice",3.08,,0,0,0,0.4,productcatalogservice,"productcatalogservice,currencyservice,recommendationservice,paymentservice,cartservice"
onlineboutique,loss,adservice_loss,4,adservice,10,2.99,,1,1,1,1.0,adservice,"adservice,emailservice,productcatalogservice,frontend,recommendationservice",2.96,,1,1,1,1.0,adservice,"adservice,recommendationservice,productcatalogservice,emailservice,frontend",5.64,,0,0,0,0.0,checkoutservice,"checkoutservice,emailservice,frontend,paymentservice,currencyservice",2.98,,0,1,1,0.9,frontend,"frontend,adservice,emailservice,productcatalogservice,paymentservice",3.08,,1,1,1,1.0,adservice,"adservice,emailservice,shippingservice,paymentservice,checkoutservice"
onlineboutique,loss,adservice_loss,5,adservice,10,2.88,,0,1,1,0.8,checkoutservice,"checkoutservice,cartservice,adservice,frontend,paymentservice",2.94,,0,1,1,0.8,checkoutservice,"checkoutservice,cartservice,adservice,frontend,paymentservice",3.8,,0,0,0,0.0,currencyservice,"currencyservice,recommendationservice,paymentservice,shippingservice",2.9,,1,1,1,1.0,adservice,"adservice,frontend,checkoutservice,recommendationservice,productcatalogservice",3.07,,1,1,1,1.0,adservice,"adservice,currencyservice,productcatalogservice,paymentservice,cartservice"
onlineboutique,loss,cartservice_loss,1,cartservice,10,2.92,,1,1,1,1.0,cartservice,"cartservice,checkoutservice,recommendationservice,frontend,currencyservice",2.95,,1,1,1,1.0,cartservice,"cartservice,checkoutservice,frontend,recommendationservice,emailservice",4.33,,0,0,0,0.0,currencyservice,"currencyservice,productcatalogservice,shippingservice,adservice",2.85,,0,1,1,0.8,checkoutservice,"checkoutservice,frontend,cartservice,recommendationservice,currencyservice",3.12,,0,1,1,0.8,currencyservice,"currencyservice,productcatalogservice,cartservice,shippingservice,adservice"
onlineboutique,loss,cartservice_loss,2,cartservice,10,2.91,,0,1,1,0.9,frontend,"frontend,cartservice,emailservice,currencyservice,checkoutservice",2.93,,1,1,1,1.0,cartservice,"cartservice,frontend,emailservice,currencyservice,checkoutservice",4.68,,0,1,1,0.7143,currencyservice,"currencyservice,paymentservice,cartservice,recommendationservice,frontend",2.95,,0,1,1,0.7778,checkoutservice,"checkoutservice,frontend,cartservice,shippingservice,emailservice",3.15,,1,1,1,1.0,cartservice,"cartservice,currencyservice,recommendationservice,emailservice,adservice"
onlineboutique,loss,cartservice_loss,3,cartservice,10,2.9,,1,1,1,1.0,cartservice,"cartservice,frontend,currencyservice,recommendationservice,adservice",2.98,,1,1,1,1.0,cartservice,"cartservice,recommendationservice,frontend,currencyservice,paymentservice",4.01,,0,0,0,0.0,shippingservice,"shippingservice,currencyservice,paymentservice,adservice,checkoutservice",2.98,,1,1,1,1.0,cartservice,"cartservice,frontend,checkoutservice,recommendationservice,adservice",3.09,,0,1,1,0.9,shippingservice,"shippingservice,cartservice,adservice,currencyservice,recommendationservice"
onlineboutique,loss,cartservice_loss,4,cartservice,10,2.98,,1,1,1,1.0,cartservice,"cartservice,frontend,shippingservice,recommendationservice,currencyservice",2.91,,1,1,1,1.0,cartservice,"cartservice,frontend,recommendationservice,shippingservice,emailservice",4.07,,0,0,0,0.0,paymentservice,"paymentservice,adservice,checkoutservice,frontend,emailservice",2.99,,1,1,1,1.0,cartservice,"cartservice,checkoutservice,frontend,emailservice,adservice",3.05,,1,1,1,1.0,cartservice,"cartservice,adservice,currencyservice,shippingservice,recommendationservice"
onlineboutique,loss,cartservice_loss,5,cartservice,10,2.96,,1,1,1,1.0,cartservice,"cartservice,recommendationservice,frontend,currencyservice,paymentservice",2.92,,1,1,1,1.0,cartservice,"cartservice,recommendationservice,frontend,paymentservice,currencyservice",3.33,,0,0,0,0.0,currencyservice,"currencyservice,frontend,paymentservice,checkoutservice",2.94,,0,1,1,0.8889,checkoutservice,"checkoutservice,cartservice,frontend,recommendationservice,adservice",3.09,,0,1,1,0.8,recommendationservice,"recommendationservice,currencyservice,cartservice,adservice,shippingservice"
onlineboutique,loss,checkoutservice_loss,1,checkoutservice,10,2.91,,0,0,0,0.1,paymentservice,"paymentservice,cartservice,productcatalogservice,emailservice,recommendationservice",2.89,,0,0,0,0.2,paymentservice,"paymentservice,cartservice,recommendationservice,emailservice,shippingservice",3.47,,0,1,1,0.6,productcatalogservice,"productcatalogservice,adservice,checkoutservice,currencyservice,frontend",2.97,,1,1,1,1.0,checkoutservice,"checkoutservice,cartservice,frontend,paymentservice,emailservice",3.14,,0,0,0,0.3,emailservice,"emailservice,productcatalogservice,paymentservice,shippingservice,adservice"
onlineboutique,loss,checkoutservice_loss,2,checkoutservice,10,2.94,,0,0,0,0.2,emailservice,"emailservice,productcatalogservice,paymentservice,recommendationservice,frontend",2.92,,0,0,0,0.3,emailservice,"emailservice,paymentservice,recommendationservice,frontend,shippingservice",3.99,,0,1,1,0.8333,paymentservice,"paymentservice,checkoutservice,shippingservice,frontend,cartservice",3.0,,0,0,0,0.5,emailservice,"emailservice,paymentservice,frontend,shippingservice,currencyservice",3.1,,0,0,0,0.3,paymentservice,"paymentservice,productcatalogservice,emailservice,shippingservice,currencyservice"
onlineboutique,loss,checkoutservice_loss,3,checkoutservice,10,2.91,,0,0,1,0.6,productcatalogservice,"productcatalogservice,emailservice,paymentservice,frontend,checkoutservice",2.92,,0,0,0,0.5,emailservice,"emailservice,paymentservice,frontend,recommendationservice,currencyservice",3.88,,1,1,1,1.0,checkoutservice,"checkoutservice,adservice,shippingservice,paymentservice",3.04,,0,0,1,0.7,paymentservice,"paymentservice,frontend,emailservice,checkoutservice,recommendationservice",3.05,,0,0,0,0.2,emailservice,"emailservice,paymentservice,productcatalogservice,adservice,shippingservice"
onlineboutique,loss,checkoutservice_loss,4,checkoutservice,10,2.97,,0,0,0,0.5,productcatalogservice,"productcatalogservice,emailservice,paymentservice,frontend,shippingservice",2.93,,0,0,0,0.5,emailservice,"emailservice,recommendationservice,paymentservice,frontend,shippingservice",3.89,,0,1,1,0.7143,emailservice,"emailservice,cartservice,checkoutservice,shippingservice,adservice",3.0,,1,1,1,1.0,checkoutservice,"checkoutservice,paymentservice,emailservice,shippingservice,frontend",3.11,,0,0,0,0.5,emailservice,"emailservice,productcatalogservice,paymentservice,shippingservice,cartservice"
onlineboutique,loss,checkoutservice_loss,5,checkoutservice,10,2.94,,0,0,1,0.7,productcatalogservice,"productcatalogservice,paymentservice,emailservice,checkoutservice,frontend",2.93,,0,1,1,0.8,paymentservice,"paymentservice,emailservice,checkoutservice,recommendationservice,frontend",4.09,,0,0,1,0.5,paymentservice,"paymentservice,cartservice,emailservice,checkoutservice,currencyservice",2.86,,0,0,1,0.6,productcatalogservice,"productcatalogservice,frontend,paymentservice,emailservice,checkoutservice",3.03,,0,0,0,0.2,paymentservice,"paymentservice,emailservice,productcatalogservice,shippingservice,adservice"
onlineboutique,loss,currencyservice_loss,1,currencyservice,10,2.87,,1,1,1,1.0,currencyservice,"currencyservice,checkoutservice,recommendationservice,frontend,adservice",2.84,,0,1,1,0.8,cartservice,"cartservice,checkoutservice,currencyservice,recommendationservice,frontend",3.36,,0,0,0,0.0,emailservice,"emailservice,productcatalogservice,adservice",2.99,,0,1,1,0.8,checkoutservice,"checkoutservice,frontend,currencyservice,cartservice,paymentservice",3.08,,0,1,1,0.8,paymentservice,"paymentservice,productcatalogservice,currencyservice,adservice,recommendationservice"
onlineboutique,loss,currencyservice_loss,2,currencyservice,10,2.91,,1,1,1,1.0,currencyservice,"currencyservice,cartservice,frontend,recommendationservice,shippingservice",2.95,,1,1,1,1.0,currencyservice,"currencyservice,productcatalogservice,recommendationservice,cartservice,frontend",4.05,,0,0,0,0.0,adservice,"adservice,paymentservice,checkoutservice,emailservice,shippingservice",2.92,,1,1,1,1.0,currencyservice,"currencyservice,frontend,recommendationservice,checkoutservice,shippingservice",3.08,,0,1,1,0.8,adservice,"adservice,shippingservice,currencyservice,recommendationservice,cartservice"
onlineboutique,loss,currencyservice_loss,3,currencyservice,10,2.88,,0,1,1,0.9,cartservice,"cartservice,currencyservice,frontend,recommendationservice,shippingservice",2.88,,0,1,1,0.9,cartservice,"cartservice,currencyservice,recommendationservice,frontend,shippingservice",3.88,,0,0,0,0.0,shippingservice,"shippingservice,frontend,emailservice,paymentservice,checkoutservice",2.95,,0,1,1,0.9,checkoutservice,"checkoutservice,currencyservice,frontend,shippingservice,recommendationservice",3.1,,0,1,1,0.9,adservice,"adservice,currencyservice,shippingservice,recommendationservice,paymentservice"
onlineboutique,loss,currencyservice_loss,4,currencyservice,10,2.9,,1,1,1,1.0,currencyservice,"currencyservice,cartservice,frontend,recommendationservice,adservice",2.93,,1,1,1,1.0,currencyservice,"currencyservice,recommendationservice,productcatalogservice,cartservice,frontend",3.8,,0,0,0,0.0,adservice,"adservice,checkoutservice,emailservice,paymentservice,shippingservice",3.03,,0,1,1,0.8,checkoutservice,"checkoutservice,frontend,currencyservice,recommendationservice,adservice",3.1,,0,1,1,0.8,adservice,"adservice,shippingservice,currencyservice,recommendationservice,paymentservice"
onlineboutique,loss,currencyservice_loss,5,currencyservice,10,3.01,,1,1,1,1.0,currencyservice,"currencyservice,cartservice,recommendationservice,frontend,adservice",2.97,,1,1,1,1.0,currencyservice,"currencyservice,recommendationservice,cartservice,frontend,productcatalogservice",4.03,,0,0,0,0.0,adservice,"adservice,checkoutservice,frontend,cartservice,shippingservice",2.9,,1,1,1,1.0,currencyservice,"currencyservice,checkoutservice,frontend,recommendationservice,adservice",3.1,,0,1,1,0.8,adservice,"adservice,recommendationservice,currencyservice,cartservice,shippingservice"
onlineboutique,loss,productcatalogservice_loss,1,productcatalogservice,10,2.83,,0,0,0,0.5,cartservice,"cartservice,checkoutservice,currencyservice,shippingservice,recommendationservice",2.82,,0,0,0,0.5,cartservice,"cartservice,recommendationservice,checkoutservice,frontend,currencyservice",3.64,,0,1,1,0.6667,shippingservice,"shippingservice,paymentservice,productcatalogservice,adservice,currencyservice",2.87,,0,0,0,0.4,frontend,"frontend,checkoutservice,cartservice,recommendationservice,shippingservice",3.0,,0,1,1,0.9,shippingservice,"shippingservice,productcatalogservice,adservice,currencyservice,paymentservice"
onlineboutique,loss,productcatalogservice_loss,2,productcatalogservice,10,2.85,,0,0,1,0.6,checkoutservice,"checkoutservice,recommendationservice,currencyservice,frontend,productcatalogservice",2.87,,0,0,1,0.6,checkoutservice,"checkoutservice,recommendationservice,frontend,currencyservice,productcatalogservice",3.71,,0,0,0,0.1429,currencyservice,"currencyservice,shippingservice,cartservice,paymentservice,frontend",2.88,,0,0,1,0.6,checkoutservice,"checkoutservice,recommendationservice,frontend,currencyservice,productcatalogservice",3.02,,1,1,1,1.0,productcatalogservice,"productcatalogservice,adservice,currencyservice,shippingservice,cartservice"
onlineboutique,loss,productcatalogservice_loss,3,productcatalogservice,10,2.84,,0,0,1,0.6,checkoutservice,"checkoutservice,recommendationservice,currencyservice,frontend,productcatalogservice",2.87,,0,0,0,0.5,checkoutservice,"checkoutservice,recommendationservice,currencyservice,frontend,shippingservice",3.5,,0,0,1,0.3333,shippingservice,"shippingservice,emailservice,cartservice,adservice,productcatalogservice",2.89,,0,0,1,0.7,checkoutservice,"checkoutservice,recommendationservice,frontend,productcatalogservice,adservice",3.05,,0,1,1,0.9,shippingservice,"shippingservice,productcatalogservice,adservice,currencyservice,emailservice"
onlineboutique,loss,productcatalogservice_loss,4,productcatalogservice,10,2.82,,0,0,0,0.5,checkoutservice,"checkoutservice,recommendationservice,currencyservice,frontend,cartservice",2.85,,0,0,0,0.5,checkoutservice,"checkoutservice,recommendationservice,currencyservice,frontend,cartservice",3.01,,0,0,0,0.0,adservice,"adservice,frontend,emailservice",2.88,,0,0,1,0.7,checkoutservice,"checkoutservice,recommendationservice,frontend,productcatalogservice,shippingservice",3.02,,0,1,1,0.9,adservice,"adservice,productcatalogservice,shippingservice,currencyservice,emailservice"
onlineboutique,loss,productcatalogservice_loss,5,productcatalogservice,10,2.85,,0,0,1,0.6,recommendationservice,"recommendationservice,checkoutservice,cartservice,frontend,productcatalogservice",2.84,,0,0,1,0.6,cartservice,"cartservice,recommendationservice,checkoutservice,frontend,productcatalogservice",3.8,,0,1,1,0.6667,frontend,"frontend,adservice,productcatalogservice,currencyservice,emailservice",2.96,,0,0,1,0.6,checkoutservice,"checkoutservice,recommendationservice,frontend,shippingservice,productcatalogservice",3.07,,1,1,1,1.0,productcatalogservice,"productcatalogservice,adservice,currencyservice,shippingservice,paymentservice"
