dataset,fault,case,replicate,true,n_nodes,dcm_sink_confounded_error,dcm_sink_confounded_seconds,dcm_sink_confounded_acc@1,dcm_sink_confounded_acc@3,dcm_sink_confounded_acc@5,dcm_sink_confounded_prr,dcm_sink_confounded_top1,dcm_sink_confounded_top5,nsigma_seconds,nsigma_error,nsigma_acc@1,nsigma_acc@3,nsigma_acc@5,nsigma_prr,nsigma_top1,nsigma_top5,baro_seconds,baro_error,baro_acc@1,baro_acc@3,baro_acc@5,baro_prr,baro_top1,baro_top5,rcd_seconds,rcd_error,rcd_acc@1,rcd_acc@3,rcd_acc@5,rcd_prr,rcd_top1,rcd_top5,circa_seconds,circa_error,circa_acc@1,circa_acc@3,circa_acc@5,circa_prr,circa_top1,circa_top5,rcg_seconds,rcg_error,rcg_acc@1,rcg_acc@3,rcg_acc@5,rcg_prr,rcg_top1,rcg_top5
sockshop,cpu,carts_cpu,1,carts,14,,15.5,1,1,1,1.0,carts,"carts,catalogue-db,payment,user,orders-db",2.81,,1,1,1,1.0,carts,"carts,carts-db,catalogue-db,orders-db,front-end",2.84,,1,1,1,1.0,carts,"carts,catalogue-db,carts-db,orders-db,front-end",4.91,,1,1,1,1.0,carts,"carts,rabbitmq,queue-master,session-db,orders-db",2.88,,1,1,1,1.0,carts,"carts,carts-db,front-end,rabbitmq,shipping",3.03,,0,0,1,0.7857,carts-db,"carts-db,shipping,catalogue-db,carts,queue-master"
sockshop,cpu,carts_cpu,2,carts,14,,18.6,1,1,1,1.0,carts,"carts,payment,catalogue,session-db,carts-db",2.82,,1,1,1,1.0,carts,"carts,carts-db,queue-master,shipping,orders-db",2.84,,1,1,1,1.0,carts,"carts,carts-db,queue-master,catalogue,orders-db",4.91,,1,1,1,1.0,carts,"carts,catalogue,queue-master,rabbitmq,catalogue-db",2.87,,0,1,1,0.9286,orders,"orders,carts,carts-db,orders-db,front-end",3.07,,0,0,0,0.6429,carts-db,"carts-db,shipping,catalogue,catalogue-db,queue-master"
sockshop,cpu,carts_cpu,3,carts,14,,21.0,1,1,1,1.0,carts,"carts,queue-master,carts-db,payment,front-end",2.87,,1,1,1,1.0,carts,"carts,orders,queue-master,carts-db,shipping",2.82,,1,1,1,1.0,carts,"carts,queue-master,orders,carts-db,front-end",5.03,,1,1,1,1.0,carts,"carts,shipping,carts-db,queue-master,rabbitmq",2.89,,1,1,1,1.0,carts,"carts,front-end,orders,carts-db,queue-master",3.0,,0,0,1,0.7857,carts-db,"carts-db,catalogue-db,queue-master,carts,shipping"
sockshop,cpu,carts_cpu,4,carts,14,,20.9,1,1,1,1.0,carts,"carts,payment,carts-db,catalogue,session-db",2.81,,1,1,1,1.0,carts,"carts,carts-db,shipping,rabbitmq,catalogue-db",2.8,,1,1,1,1.0,carts,"carts,carts-db,catalogue-db,orders-db,shipping",4.43,,0,1,1,0.8889,carts-db,"carts-db,carts,user-db,shipping,session-db",2.88,,1,1,1,1.0,carts,"carts,orders,carts-db,payment,catalogue",3.06,,0,0,0,0.5,carts-db,"carts-db,session-db,shipping,queue-master,orders-db"
sockshop,cpu,carts_cpu,5,carts,14,,20.4,1,1,1,1.0,carts,"carts,front-end,queue-master,carts-db,catalogue-db",2.81,,1,1,1,1.0,carts,"carts,queue-master,orders,shipping,carts-db",2.79,,1,1,1,1.0,carts,"carts,queue-master,orders,shipping,front-end",4.92,,1,1,1,1.0,carts,"carts,shipping,orders-db,rabbitmq,orders",2.87,,1,1,1,1.0,carts,"carts,orders,front-end,carts-db,session-db",3.02,,0,1,1,0.8571,carts-db,"carts-db,catalogue-db,carts,queue-master,shipping"
sockshop,cpu,catalogue_cpu,1,catalogue,14,,20.8,1,1,1,1.0,catalogue,"catalogue,payment,carts-db,catalogue-db,session-db",2.84,,1,1,1,1.0,catalogue,"catalogue,carts-db,session-db,user,catalogue-db",2.81,,1,1,1,1.0,catalogue,"catalogue,session-db,carts-db,user,user-db",4.25,,1,1,1,1.0,catalogue,"catalogue,orders,carts-db",2.88,,1,1,1,1.0,catalogue,"catalogue,front-end,carts-db,orders,catalogue-db",3.03,,1,1,1,1.0,catalogue,"catalogue,carts-db,user,queue-master,shipping"
sockshop,cpu,catalogue_cpu,2,catalogue,14,,20.1,1,1,1,1.0,catalogue,"catalogue,payment,carts-db,user,carts",2.79,,1,1,1,1.0,catalogue,"catalogue,carts-db,shipping,orders-db,queue-master",2.81,,1,1,1,1.0,catalogue,"catalogue,carts-db,queue-master,orders-db,payment",4.34,,0,1,1,0.8571,carts-db,"carts-db,catalogue,rabbitmq,orders-db,shipping",2.87,,1,1,1,1.0,catalogue,"catalogue,front-end,carts-db,orders,rabbitmq",3.06,,0,1,1,0.9286,carts-db,"carts-db,catalogue,rabbitmq,queue-master,user"
sockshop,cpu,catalogue_cpu,3,catalogue,14,,20.4,1,1,1,1.0,catalogue,"catalogue,session-db,payment,carts-db,front-end",2.83,,1,1,1,1.0,catalogue,"catalogue,carts-db,rabbitmq,session-db,front-end",2.83,,1,1,1,1.0,catalogue,"catalogue,session-db,carts-db,front-end,user-db",4.16,,0,1,1,0.75,carts-db,"carts-db,catalogue,orders-db,rabbitmq",2.86,,1,1,1,1.0,catalogue,"catalogue,front-end,carts-db,payment,orders",3.01,,0,1,1,0.9286,carts-db,"carts-db,catalogue,queue-master,shipping,session-db"
sockshop,cpu,catalogue_cpu,4,catalogue,14,,13.4,1,1,1,1.0,catalogue,"catalogue,payment,carts-db,rabbitmq,session-db",2.85,,1,1,1,1.0,catalogue,"catalogue,carts-db,rabbitmq,shipping,queue-master",2.84,,1,1,1,1.0,catalogue,"catalogue,payment,rabbitmq,carts-db,shipping",5.71,,1,1,1,1.0,catalogue,"catalogue,carts,orders,shipping,queue-master",2.88,,1,1,1,1.0,catalogue,"catalogue,front-end,carts-db,orders,carts",3.07,,1,1,1,1.0,catalogue,"catalogue,carts-db,payment,shipping,rabbitmq"
sockshop,cpu,catalogue_cpu,5,catalogue,14,,13.9,1,1,1,1.0,catalogue,"catalogue,carts,queue-master,orders,payment",2.79,,1,1,1,1.0,catalogue,"catalogue,orders,carts,queue-master,shipping",2.79,,1,1,1,1.0,catalogue,"catalogue,carts,orders,queue-master,shipping",4.6,,1,1,1,1.0,catalogue,"catalogue,orders,queue-master,rabbitmq,orders-db",2.88,,1,1,1,1.0,catalogue,"catalogue,front-end,queue-master,payment,orders",3.04,,1,1,1,1.0,catalogue,"catalogue,carts-db,user-db,queue-master,shipping"
sockshop,cpu,orders_cpu,1,orders,14,,22.2,1,1,1,1.0,orders,"orders,payment,user,carts-db,rabbitmq",2.84,,1,1,1,1.0,orders,"orders,carts-db,shipping,catalogue-db,orders-db",2.82,,1,1,1,1.0,orders,"orders,carts-db,catalogue-db,user-db,shipping",4.38,,1,1,1,1.0,orders,"orders,carts-db,queue-master,front-end,orders-db",2.85,,1,1,1,1.0,orders,"orders,front-end,carts-db,rabbitmq,catalogue-db",3.04,,0,0,0,0.6429,carts-db,"carts-db,rabbitmq,user,queue-master,catalogue"
sockshop,cpu,orders_cpu,2,orders,14,,17.6,1,1,1,1.0,orders,"orders,payment,catalogue,rabbitmq,carts-db",2.82,,1,1,1,1.0,orders,"orders,carts-db,queue-master,user-db,catalogue",2.84,,1,1,1,1.0,orders,"orders,carts-db,user-db,catalogue,queue-master",6.18,,1,1,1,1.0,orders,"orders,rabbitmq,carts,shipping,user",2.89,,1,1,1,1.0,orders,"orders,front-end,carts-db,rabbitmq,payment",3.04,,0,0,0,0.5714,carts-db,"carts-db,catalogue,rabbitmq,shipping,queue-master"
sockshop,cpu,orders_cpu,3,orders,14,,15.9,1,1,1,1.0,orders,"orders,payment,queue-master,catalogue,session-db",2.83,,1,1,1,1.0,orders,"orders,queue-master,shipping,carts,carts-db",2.82,,1,1,1,1.0,orders,"orders,queue-master,carts,shipping,carts-db",4.28,,1,1,1,1.0,orders,"orders,shipping,user,orders-db,carts",2.87,,1,1,1,1.0,orders,"orders,front-end,carts-db,rabbitmq,shipping",3.05,,0,0,1,0.7143,carts-db,"carts-db,catalogue,user-db,session-db,orders"
sockshop,cpu,orders_cpu,4,orders,14,,22.7,1,1,1,1.0,orders,"orders,user-db,catalogue,session-db,payment",2.82,,1,1,1,1.0,orders,"orders,carts-db,queue-master,session-db,user-db",2.87,,1,1,1,1.0,orders,"orders,user-db,session-db,carts-db,queue-master",5.53,,1,1,1,1.0,orders,"orders,shipping,rabbitmq,front-end,orders-db",2.85,,1,1,1,1.0,orders,"orders,carts-db,shipping,user,carts",3.06,,0,0,0,0.2857,carts-db,"carts-db,rabbitmq,user-db,user,queue-master"
sockshop,cpu,orders_cpu,5,orders,14,,15.0,1,1,1,1.0,orders,"orders,carts,queue-master,payment,catalogue",2.86,,1,1,1,1.0,orders,"orders,carts,queue-master,shipping,carts-db",2.83,,1,1,1,1.0,orders,"orders,carts,queue-master,shipping,rabbitmq",4.16,,1,1,1,1.0,orders,"orders,queue-master,orders-db,user-db,rabbitmq",2.89,,1,1,1,1.0,orders,"orders,front-end,carts,carts-db,rabbitmq",3.05,,0,1,1,0.9286,carts-db,"carts-db,orders,queue-master,orders-db,carts"
sockshop,cpu,payment_cpu,1,payment,14,,17.7,1,1,1,1.0,payment,"payment,carts-db,catalogue,session-db,user-db",2.8,,1,1,1,1.0,payment,"payment,carts-db,queue-master,orders-db,user-db",2.86,,1,1,1,1.0,payment,"payment,carts-db,queue-master,orders-db,user-db",4.78,,1,1,1,1.0,payment,"payment,carts,rabbitmq,carts-db,shipping",2.87,,1,1,1,1.0,payment,"payment,orders,carts-db,front-end,session-db",3.06,,1,1,1,1.0,payment,"payment,carts-db,shipping,rabbitmq,queue-master"
sockshop,cpu,payment_cpu,2,payment,14,,20.5,1,1,1,1.0,payment,"payment,user-db,carts-db,session-db,front-end",2.84,,1,1,1,1.0,payment,"payment,carts-db,front-end,queue-master,catalogue-db",2.78,,1,1,1,1.0,payment,"payment,front-end,queue-master,user-db,carts-db",3.71,,1,1,1,1.0,payment,"payment,carts-db,queue-master,shipping,user-db",2.89,,1,1,1,1.0,payment,"payment,orders,rabbitmq,carts-db,shipping",3.04,,1,1,1,1.0,payment,"payment,carts-db,catalogue,shipping,orders-db"
sockshop,cpu,payment_cpu,3,payment,14,,21.0,1,1,1,1.0,payment,"payment,carts,queue-master,front-end,catalogue",2.86,,1,1,1,1.0,payment,"payment,carts,queue-master,orders,shipping",2.83,,1,1,1,1.0,payment,"payment,carts,queue-master,orders,shipping",5.22,,0,1,1,0.9167,queue-master,"queue-master,payment,carts-db,front-end,shipping",2.83,,1,1,1,1.0,payment,"payment,orders,carts-db,rabbitmq,shipping",3.06,,1,1,1,1.0,payment,"payment,carts-db,queue-master,carts,front-end"
sockshop,cpu,payment_cpu,4,payment,14,,18.9,1,1,1,1.0,payment,"payment,front-end,carts-db,user,catalogue-db",2.82,,1,1,1,1.0,payment,"payment,carts-db,shipping,orders-db,queue-master",2.84,,1,1,1,1.0,payment,"payment,carts-db,shipping,queue-master,orders-db",4.47,,1,1,1,1.0,payment,"payment,carts,user-db",2.9,,1,1,1,1.0,payment,"payment,orders,carts-db,shipping,user-db",3.04,,1,1,1,1.0,payment,"payment,carts-db,shipping,queue-master,session-db"
sockshop,cpu,payment_cpu,5,payment,14,,16.2,1,1,1,1.0,payment,"payment,carts,front-end,orders,catalogue",2.82,,1,1,1,1.0,payment,"payment,carts,orders,queue-master,carts-db",2.83,,1,1,1,1.0,payment,"payment,carts,orders,front-end,queue-master",4.36,,0,0,1,0.3333,carts,"carts,queue-master,catalogue,carts-db,payment",2.86,,1,1,1,1.0,payment,"payment,orders,catalogue,shipping,catalogue-db",3.04,,1,1,1,1.0,payment,"payment,carts-db,front-end,queue-master,catalogue-db"
sockshop,cpu,user_cpu,1,user,14,,21.9,1,1,1,1.0,user,"user,carts,rabbitmq,catalogue-db,carts-db",2.82,,1,1,1,1.0,user,"user,carts-db,front-end,session-db,shipping",2.84,,1,1,1,1.0,user,"user,session-db,front-end,carts-db,queue-master",5.08,,1,1,1,1.0,user,"user,front-end,rabbitmq,payment,queue-master",2.84,,1,1,1,1.0,user,"user,carts-db,carts,front-end,orders",3.06,,0,1,1,0.9286,carts-db,"carts-db,user,catalogue,session-db,orders-db"
sockshop,cpu,user_cpu,2,user,14,,21.2,1,1,1,1.0,user,"user,carts-db,payment,session-db,user-db",2.83,,1,1,1,1.0,user,"user,carts-db,orders-db,user-db,catalogue",2.81,,1,1,1,1.0,user,"user,carts-db,user-db,orders-db,catalogue",4.08,,1,1,1,1.0,user,"user,orders-db,catalogue,queue-master,shipping",2.91,,1,1,1,1.0,user,"user,orders,front-end,session-db,carts-db",3.03,,0,1,1,0.9286,carts-db,"carts-db,user,catalogue,queue-master,shipping"
sockshop,cpu,user_cpu,3,user,14,,15.0,1,1,1,1.0,user,"user,carts,payment,carts-db,catalogue-db",2.83,,1,1,1,1.0,user,"user,carts,orders,queue-master,carts-db",2.84,,1,1,1,1.0,user,"user,carts,orders,queue-master,carts-db",4.72,,1,1,1,1.0,user,"user,catalogue-db,orders-db,queue-master,rabbitmq",2.84,,1,1,1,1.0,user,"user,orders,carts-db,carts,front-end",3.06,,0,1,1,0.9286,carts-db,"carts-db,user,user-db,catalogue-db,queue-master"
sockshop,cpu,user_cpu,4,user,14,,18.1,1,1,1,1.0,user,"user,queue-master,carts-db,catalogue-db,carts",2.81,,1,1,1,1.0,user,"user,queue-master,carts,orders,carts-db",2.85,,1,1,1,1.0,user,"user,queue-master,carts,orders,carts-db",5.04,,1,1,1,1.0,user,"user,queue-master,catalogue-db,session-db,payment",2.87,,1,1,1,1.0,user,"user,orders,front-end,payment,orders-db",3.03,,0,1,1,0.9286,carts-db,"carts-db,user,session-db,catalogue-db,queue-master"
sockshop,cpu,user_cpu,5,user,14,,19.7,1,1,1,1.0,user,"user,user-db,carts-db,payment,session-db",2.85,,1,1,1,1.0,user,"user,carts-db,user-db,front-end,catalogue",2.78,,1,1,1,1.0,user,"user,user-db,front-end,carts-db,catalogue",5.17,,0,0,0,0.3333,rabbitmq,"rabbitmq,orders,shipping,queue-master,session-db",2.86,,1,1,1,1.0,user,"user,orders,front-end,carts-db,orders-db",3.03,,0,1,1,0.9286,carts-db,"carts-db,user,shipping,queue-master,catalogue"
sockshop,mem,carts_mem,1,carts,13,,14.6,1,1,1,1.0,carts,"carts,payment,catalogue,rabbitmq,carts-db",2.83,,1,1,1,1.0,carts,"carts,rabbitmq,payment,carts-db,user-db",2.84,,1,1,1,1.0,carts,"carts,payment,rabbitmq,catalogue,session-db",3.13,,0,0,0,0.0,carts-db,"carts-db,user-db,front-end",2.86,,1,1,1,1.0,carts,"carts,session-db,orders,front-end,rabbitmq",3.02,,0,0,0,0.2308,carts-db,"carts-db,user-db,catalogue,payment,orders-db"
sockshop,mem,carts_mem,2,carts,14,,21.1,1,1,1,1.0,carts,"carts,catalogue-db,carts-db,orders-db,user-db",2.83,,1,1,1,1.0,carts,"carts,catalogue-db,carts-db,user-db,orders-db",2.86,,1,1,1,1.0,carts,"carts,catalogue-db,carts-db,session-db,orders-db",3.53,,0,0,0,0.0,orders-db,"orders-db,carts-db,queue-master",2.87,,1,1,1,1.0,carts,"carts,orders,front-end,catalogue-db,carts-db",3.06,,0,0,0,0.1429,orders-db,"orders-db,carts-db,user-db,catalogue-db,rabbitmq"
sockshop,mem,carts_mem,3,carts,14,,16.6,1,1,1,1.0,carts,"carts,rabbitmq,shipping,catalogue-db,catalogue",2.84,,1,1,1,1.0,carts,"carts,catalogue-db,rabbitmq,carts-db,user",2.81,,0,1,1,0.8571,session-db,"session-db,catalogue-db,carts,rabbitmq,shipping",3.28,,0,1,1,0.5,catalogue,"catalogue,carts-db,carts,queue-master",2.85,,1,1,1,1.0,carts,"carts,front-end,orders,user,shipping",3.01,,0,0,0,0.4286,carts-db,"carts-db,rabbitmq,orders-db,user-db,catalogue-db"
sockshop,mem,carts_mem,4,carts,14,,21.1,1,1,1,1.0,carts,"carts,catalogue-db,rabbitmq,payment,carts-db",2.82,,1,1,1,1.0,carts,"carts,catalogue-db,payment,carts-db,user-db",2.83,,1,1,1,1.0,carts,"carts,catalogue-db,payment,rabbitmq,carts-db",3.37,,0,0,0,0.0,carts-db,"carts-db,queue-master,front-end",2.86,,0,1,1,0.9286,catalogue-db,"catalogue-db,carts,orders,front-end,payment",3.0,,0,0,0,0.2857,carts-db,"carts-db,orders-db,rabbitmq,catalogue-db,user-db"
sockshop,mem,carts_mem,5,carts,13,,16.4,1,1,1,1.0,carts,"carts,payment,carts-db,queue-master,user-db",2.84,,1,1,1,1.0,carts,"carts,payment,queue-master,rabbitmq,carts-db",2.82,,0,1,1,0.9231,session-db,"session-db,carts,payment,queue-master,rabbitmq",3.26,,1,1,1,1.0,carts,"carts,user,queue-master,front-end",2.87,,1,1,1,1.0,carts,"carts,orders,front-end,queue-master,payment",3.01,,0,0,0,0.3077,orders-db,"orders-db,carts-db,user-db,catalogue,payment"
sockshop,mem,catalogue_mem,1,catalogue,13,,15.2,1,1,1,1.0,catalogue,"catalogue,payment,rabbitmq,carts,carts-db",2.85,,1,1,1,1.0,catalogue,"catalogue,payment,carts-db,user-db,orders-db",2.81,,1,1,1,1.0,catalogue,"catalogue,payment,rabbitmq,session-db,carts",3.73,,1,1,1,1.0,catalogue,"catalogue,payment,front-end",2.88,,1,1,1,1.0,catalogue,"catalogue,front-end,user,carts-db,user-db",2.97,,1,1,1,1.0,catalogue,"catalogue,payment,carts-db,rabbitmq,orders-db"
sockshop,mem,catalogue_mem,2,catalogue,14,,19.2,1,1,1,1.0,catalogue,"catalogue,catalogue-db,payment,user,rabbitmq",2.86,,1,1,1,1.0,catalogue,"catalogue,catalogue-db,rabbitmq,carts-db,user-db",2.84,,0,1,1,0.9286,catalogue-db,"catalogue-db,catalogue,rabbitmq,payment,carts-db",3.41,,0,0,0,0.0,catalogue-db,"catalogue-db,session-db,queue-master,front-end,shipping",2.88,,0,1,1,0.9286,front-end,"front-end,catalogue,user,catalogue-db,rabbitmq",3.0,,0,0,0,0.1429,catalogue-db,"catalogue-db,user-db,carts-db,rabbitmq,orders-db"
sockshop,mem,catalogue_mem,3,catalogue,13,,17.0,1,1,1,1.0,catalogue,"catalogue,carts,queue-master,payment,orders-db",2.86,,1,1,1,1.0,catalogue,"catalogue,payment,carts,queue-master,orders-db",2.82,,1,1,1,1.0,catalogue,"catalogue,queue-master,payment,carts,front-end",3.26,,1,1,1,1.0,catalogue,"catalogue,shipping,carts-db",2.89,,1,1,1,1.0,catalogue,"catalogue,front-end,shipping,carts-db,user-db",3.02,,1,1,1,1.0,catalogue,"catalogue,carts-db,orders-db,user-db,rabbitmq"
sockshop,mem,catalogue_mem,4,catalogue,14,,21.6,1,1,1,1.0,catalogue,"catalogue,catalogue-db,rabbitmq,payment,orders-db",2.84,,1,1,1,1.0,catalogue,"catalogue,catalogue-db,rabbitmq,carts-db,payment",2.83,,0,1,1,0.9286,catalogue-db,"catalogue-db,catalogue,rabbitmq,payment,carts-db",3.24,,0,0,0,0.0,session-db,"session-db,queue-master,carts-db",2.82,,1,1,1,1.0,catalogue,"catalogue,front-end,catalogue-db,user,shipping",3.03,,0,0,0,0.2143,carts-db,"carts-db,catalogue-db,rabbitmq,orders-db,payment"
sockshop,mem,catalogue_mem,5,catalogue,12,,15.0,1,1,1,1.0,catalogue,"catalogue,payment,queue-master,orders,user",2.84,,1,1,1,1.0,catalogue,"catalogue,orders,queue-master,user,carts",2.82,,0,1,1,0.9167,session-db,"session-db,catalogue,orders,payment,user",3.37,,1,1,1,1.0,catalogue,"catalogue,session-db,shipping,front-end",2.84,,1,1,1,1.0,catalogue,"catalogue,front-end,orders,queue-master,carts-db",3.04,,1,1,1,1.0,catalogue,"catalogue,orders-db,user-db,queue-master,carts-db"
sockshop,mem,orders_mem,1,orders,14,,22.0,1,1,1,1.0,orders,"orders,payment,catalogue-db,rabbitmq,user-db",2.84,,1,1,1,1.0,orders,"orders,payment,rabbitmq,carts-db,user-db",2.81,,1,1,1,1.0,orders,"orders,payment,catalogue-db,rabbitmq,front-end",3.55,,0,1,1,0.6667,queue-master,"queue-master,orders,front-end",2.86,,0,1,1,0.9286,catalogue-db,"catalogue-db,orders,front-end,user,payment",3.03,,0,0,0,0.1429,orders-db,"orders-db,carts-db,catalogue-db,user-db,payment"
sockshop,mem,orders_mem,2,orders,13,,19.5,1,1,1,1.0,orders,"orders,rabbitmq,payment,queue-master,user-db",2.83,,1,1,1,1.0,orders,"orders,user-db,rabbitmq,front-end,queue-master",2.77,,1,1,1,1.0,orders,"orders,rabbitmq,front-end,queue-master,session-db",3.2,,0,0,0,0.0,rabbitmq,"rabbitmq,catalogue,front-end",2.86,,1,1,1,1.0,orders,"orders,front-end,payment,rabbitmq,queue-master",2.99,,0,0,0,0.4615,rabbitmq,"rabbitmq,payment,carts-db,user-db,catalogue"
sockshop,mem,orders_mem,3,orders,14,,17.5,1,1,1,1.0,orders,"orders,payment,shipping,rabbitmq,queue-master",2.85,,1,1,1,1.0,orders,"orders,rabbitmq,payment,queue-master,shipping",2.82,,0,1,1,0.8571,session-db,"session-db,catalogue-db,orders,payment,shipping",3.34,,0,0,0,0.0,orders-db,"orders-db,shipping,user",2.83,,1,1,1,1.0,orders,"orders,front-end,queue-master,rabbitmq,payment",2.99,,0,0,0,0.0714,orders-db,"orders-db,carts-db,user-db,catalogue,payment"
sockshop,mem,orders_mem,4,orders,14,,21.8,1,1,1,1.0,orders,"orders,payment,catalogue-db,user,orders-db",2.79,,1,1,1,1.0,orders,"orders,catalogue-db,payment,user-db,carts-db",2.81,,0,1,1,0.9286,catalogue-db,"catalogue-db,orders,payment,front-end,user",4.19,,1,1,1,1.0,orders,"orders,catalogue,user-db,session-db,payment",2.89,,0,1,1,0.9286,catalogue-db,"catalogue-db,orders,front-end,user,rabbitmq",3.03,,0,0,0,0.1429,payment,"payment,user-db,catalogue-db,carts-db,orders-db"
sockshop,mem,orders_mem,5,orders,14,,22.7,1,1,1,1.0,orders,"orders,catalogue-db,catalogue,user,carts",2.81,,1,1,1,1.0,orders,"orders,catalogue-db,carts-db,user-db,carts",2.79,,1,1,1,1.0,orders,"orders,catalogue-db,session-db,carts-db,catalogue",3.93,,0,1,1,0.6,carts-db,"carts-db,queue-master,orders,session-db,front-end",2.86,,0,1,1,0.9286,catalogue-db,"catalogue-db,orders,front-end,catalogue,user",3.02,,0,0,0,0.3571,carts-db,"carts-db,catalogue-db,user-db,orders-db,payment"
sockshop,mem,payment_mem,1,payment,14,,20.8,1,1,1,1.0,payment,"payment,queue-master,user,shipping,session-db",2.79,,1,1,1,1.0,payment,"payment,user,queue-master,catalogue-db,shipping",2.8,,0,1,1,0.8571,catalogue-db,"catalogue-db,session-db,payment,user,queue-master",3.26,,0,0,0,0.0,catalogue,"catalogue,front-end",2.85,,0,1,1,0.9286,catalogue-db,"catalogue-db,payment,orders,user,front-end",2.98,,0,1,1,0.9286,carts-db,"carts-db,payment,orders-db,user-db,catalogue"
sockshop,mem,payment_mem,2,payment,14,,21.2,1,1,1,1.0,payment,"payment,shipping,catalogue-db,carts,orders-db",2.81,,1,1,1,1.0,payment,"payment,catalogue-db,carts,orders-db,user-db",2.83,,1,1,1,1.0,payment,"payment,catalogue-db,carts,session-db,orders-db",3.58,,1,1,1,1.0,payment,"payment,carts-db,front-end,queue-master",2.89,,0,1,1,0.9286,catalogue-db,"catalogue-db,payment,orders,shipping,session-db",3.06,,1,1,1,1.0,payment,"payment,carts-db,user-db,orders-db,rabbitmq"
sockshop,mem,payment_mem,3,payment,13,,16.0,1,1,1,1.0,payment,"payment,session-db,user,carts-db,user-db",2.77,,1,1,1,1.0,payment,"payment,queue-master,orders,rabbitmq,catalogue",2.82,,1,1,1,1.0,payment,"payment,session-db,catalogue,queue-master,user",3.84,,0,1,1,0.6,user,"user,queue-master,payment,orders,session-db",2.84,,1,1,1,1.0,payment,"payment,user,front-end,user-db,orders-db",2.97,,0,1,1,0.9231,carts-db,"carts-db,payment,user-db,orders-db,rabbitmq"
sockshop,mem,payment_mem,4,payment,13,,20.0,1,1,1,1.0,payment,"payment,orders,carts,session-db,user-db",2.86,,1,1,1,1.0,payment,"payment,queue-master,carts-db,front-end,user-db",2.79,,1,1,1,1.0,payment,"payment,queue-master,front-end,orders,session-db",3.12,,0,0,0,0.0,orders,orders,2.9,,1,1,1,1.0,payment,"payment,orders,user,carts,user-db",2.98,,1,1,1,1.0,payment,"payment,carts-db,orders-db,user-db,catalogue"
sockshop,mem,payment_mem,5,payment,14,,18.4,1,1,1,1.0,payment,"payment,session-db,shipping,orders,queue-master",2.8,,1,1,1,1.0,payment,"payment,catalogue,queue-master,shipping,orders",2.82,,1,1,1,1.0,payment,"payment,session-db,shipping,catalogue,queue-master",3.41,,1,1,1,1.0,payment,"payment,carts-db,front-end,rabbitmq,queue-master",2.88,,0,1,1,0.9286,orders,"orders,payment,shipping,catalogue-db,front-end",2.98,,1,1,1,1.0,payment,"payment,carts-db,rabbitmq,orders-db,user-db"
sockshop,mem,user_mem,1,user,14,,22.6,1,1,1,1.0,user,"user,catalogue,catalogue-db,rabbitmq,user-db",2.85,,1,1,1,1.0,user,"user,catalogue-db,catalogue,rabbitmq,user-db",2.81,,0,1,1,0.9286,catalogue-db,"catalogue-db,user,catalogue,rabbitmq,user-db",3.14,,0,0,0,0.0,user-db,"user-db,session-db",2.86,,1,1,1,1.0,user,"user,front-end,orders,rabbitmq,catalogue",3.01,,0,0,0,0.0714,user-db,"user-db,orders-db,carts-db,catalogue-db,rabbitmq"
sockshop,mem,user_mem,2,user,13,,15.4,1,1,1,1.0,user,"user,payment,carts,orders,user-db",2.85,,1,1,1,1.0,user,"user,payment,orders,carts,shipping",2.79,,0,1,1,0.9231,session-db,"session-db,user,payment,orders,catalogue",3.54,,0,1,1,0.6,rabbitmq,"rabbitmq,catalogue,user,carts-db,front-end",2.87,,1,1,1,1.0,user,"user,orders,front-end,payment,carts-db",3.01,,0,0,0,0.3077,carts-db,"carts-db,user-db,rabbitmq,orders-db,catalogue"
sockshop,mem,user_mem,3,user,14,,22.3,1,1,1,1.0,user,"user,catalogue-db,user-db,carts,catalogue",2.82,,1,1,1,1.0,user,"user,catalogue-db,rabbitmq,user-db,carts-db",2.84,,0,1,1,0.9286,catalogue-db,"catalogue-db,user,rabbitmq,user-db,carts-db",3.26,,0,0,0,0.0,carts-db,"carts-db,queue-master",2.86,,0,1,1,0.9286,catalogue-db,"catalogue-db,user,orders,front-end,carts",3.06,,0,0,0,0.2143,carts-db,"carts-db,payment,user-db,orders-db,catalogue-db"
sockshop,mem,user_mem,4,user,14,,18.2,1,1,1,1.0,user,"user,payment,catalogue-db,shipping,carts-db",2.8,,1,1,1,1.0,user,"user,shipping,payment,carts-db,queue-master",2.83,,0,1,1,0.8571,catalogue-db,"catalogue-db,session-db,user,payment,shipping",3.25,,0,0,0,0.0,carts,"carts,carts-db",2.85,,0,1,1,0.9286,catalogue-db,"catalogue-db,user,front-end,orders,queue-master",3.03,,0,0,0,0.5714,carts-db,"carts-db,rabbitmq,user-db,orders-db,catalogue"
sockshop,mem,user_mem,5,user,14,,22.2,0,0,0,0.3571,catalogue-db,"catalogue-db,payment,shipping,user-db,queue-master",2.82,,0,0,0,0.1429,catalogue-db,"catalogue-db,payment,catalogue,orders-db,queue-master",2.82,,0,0,0,0.1429,catalogue-db,"catalogue-db,payment,queue-master,catalogue,user-db",3.29,,0,0,0,0.0,session-db,"session-db,catalogue,orders,rabbitmq",2.85,,0,0,0,0.1429,catalogue-db,"catalogue-db,payment,catalogue,carts,queue-master",3.02,,0,0,0,0.2143,user-db,"user-db,rabbitmq,session-db,carts-db,orders-db"
sockshop,delay,carts_delay,1,carts,8,,9.5,0,1,1,0.875,orders,"orders,carts,front-end,queue-master,user",2.8,,1,1,1,1.0,carts,"carts,orders,front-end,catalogue,payment",2.76,,0,1,1,0.875,orders,"orders,carts,front-end,payment,user",3.5,,0,0,0,0.0,shipping,"shipping,payment",2.85,,0,1,1,0.8571,orders,"orders,carts,front-end,queue-master,user",2.95,,1,1,1,1.0,carts,"carts,queue-master,user,payment,shipping"
sockshop,delay,carts_delay,2,carts,8,,12.5,1,1,1,1.0,carts,"carts,front-end,orders,payment,catalogue",2.81,,1,1,1,1.0,carts,"carts,front-end,orders,payment,queue-master",2.78,,1,1,1,1.0,carts,"carts,front-end,orders,payment,catalogue",3.2,,0,0,1,0.4,orders,"orders,user,payment,carts,queue-master",2.81,,0,1,1,0.8571,front-end,"front-end,carts,orders,catalogue,user",2.95,,1,1,1,1.0,carts,"carts,shipping,user,payment,catalogue"
sockshop,delay,carts_delay,3,carts,8,,11.9,0,1,1,0.875,orders,"orders,carts,front-end,payment,queue-master",2.79,,0,1,1,0.875,front-end,"front-end,carts,orders,queue-master,payment",2.79,,0,1,1,0.875,orders,"orders,carts,front-end,payment,queue-master",3.42,,0,0,0,0.0,orders,"orders,queue-master,payment,shipping",2.85,,0,1,1,0.7143,orders,"orders,front-end,carts,payment,queue-master",3.0,,1,1,1,1.0,carts,"carts,payment,queue-master,user,shipping"
sockshop,delay,carts_delay,4,carts,7,,9.8,1,1,1,1.0,carts,"carts,front-end,orders,shipping,payment",2.8,,1,1,1,1.0,carts,"carts,front-end,orders,payment,user",2.79,,1,1,1,1.0,carts,"carts,front-end,orders,payment,user",3.35,,0,0,0,0.0,user,"user,payment",2.79,,0,1,1,0.6667,front-end,"front-end,orders,carts,user,payment",2.97,,1,1,1,1.0,carts,"carts,shipping,catalogue,user,payment"
sockshop,delay,carts_delay,5,carts,8,,7.5,1,1,1,1.0,carts,"carts,orders,front-end,queue-master,payment",2.78,,0,1,1,0.875,front-end,"front-end,carts,orders,user,payment",2.8,,1,1,1,1.0,carts,"carts,orders,front-end,user,payment",3.33,,0,0,0,0.0,user,"user,shipping,orders,catalogue,payment",2.84,,0,1,1,0.7143,orders,"orders,front-end,carts,queue-master,payment",2.96,,1,1,1,1.0,carts,"carts,queue-master,payment,user,catalogue"
sockshop,delay,catalogue_delay,1,catalogue,8,,13.0,1,1,1,1.0,catalogue,"catalogue,front-end,user,orders,carts",2.83,,1,1,1,1.0,catalogue,"catalogue,front-end,payment,carts,queue-master",2.81,,1,1,1,1.0,catalogue,"catalogue,front-end,payment,carts,queue-master",3.24,,0,1,1,0.75,carts,"carts,catalogue,user,payment",2.83,,0,1,1,0.8571,front-end,"front-end,catalogue,orders,payment,user",2.97,,1,1,1,1.0,catalogue,"catalogue,user,shipping,carts,queue-master"
sockshop,delay,catalogue_delay,2,catalogue,8,,12.3,1,1,1,1.0,catalogue,"catalogue,front-end,carts,orders,user",2.82,,0,0,1,0.625,orders,"orders,front-end,carts,catalogue,user",2.81,,1,1,1,1.0,catalogue,"catalogue,orders,front-end,carts,shipping",3.2,,1,1,1,1.0,catalogue,"catalogue,shipping,payment,user",2.85,,1,1,1,1.0,catalogue,"catalogue,front-end,orders,carts,queue-master",2.99,,1,1,1,1.0,catalogue,"catalogue,carts,queue-master,shipping,user"
sockshop,delay,catalogue_delay,3,catalogue,8,,10.5,1,1,1,1.0,catalogue,"catalogue,front-end,carts,shipping,queue-master",2.79,,1,1,1,1.0,catalogue,"catalogue,front-end,carts,queue-master,payment",2.82,,1,1,1,1.0,catalogue,"catalogue,front-end,payment,carts,queue-master",3.24,,0,0,0,0.0,carts,"carts,queue-master",2.85,,1,1,1,1.0,catalogue,"catalogue,front-end,orders,payment,carts",2.98,,1,1,1,1.0,catalogue,"catalogue,carts,user,shipping,payment"
sockshop,delay,catalogue_delay,4,catalogue,8,,12.0,1,1,1,1.0,catalogue,"catalogue,front-end,carts,orders,queue-master",2.82,,0,0,1,0.625,orders,"orders,front-end,carts,catalogue,user",2.83,,1,1,1,1.0,catalogue,"catalogue,front-end,orders,carts,user",3.23,,1,1,1,1.0,catalogue,"catalogue,carts,user,payment",2.82,,0,1,1,0.8571,front-end,"front-end,catalogue,orders,carts,queue-master",2.97,,1,1,1,1.0,catalogue,"catalogue,carts,queue-master,user,shipping"
sockshop,delay,catalogue_delay,5,catalogue,8,,10.9,1,1,1,1.0,catalogue,"catalogue,front-end,user,shipping,carts",2.78,,1,1,1,1.0,catalogue,"catalogue,front-end,user,payment,carts",2.84,,1,1,1,1.0,catalogue,"catalogue,front-end,user,payment,carts",3.45,,1,1,1,1.0,catalogue,"catalogue,shipping,payment",2.87,,0,1,1,0.8571,front-end,"front-end,catalogue,orders,carts,user",2.94,,1,1,1,1.0,catalogue,"catalogue,shipping,user,carts,queue-master"
sockshop,delay,orders_delay,1,orders,8,,10.7,1,1,1,1.0,orders,"orders,payment,front-end,carts,shipping",2.83,,1,1,1,1.0,orders,"orders,carts,front-end,queue-master,user",2.81,,1,1,1,1.0,orders,"orders,carts,front-end,queue-master,user",3.35,,0,1,1,0.5,front-end,"front-end,queue-master,orders,carts",2.81,,1,1,1,1.0,orders,"orders,front-end,payment,carts,catalogue",2.96,,0,0,0,0.25,payment,"payment,shipping,carts,catalogue,user"
sockshop,delay,orders_delay,2,orders,8,,10.8,1,1,1,1.0,orders,"orders,payment,front-end,user,catalogue",2.82,,1,1,1,1.0,orders,"orders,front-end,queue-master,carts,catalogue",2.82,,1,1,1,1.0,orders,"orders,front-end,catalogue,carts,queue-master",3.18,,0,0,0,0.0,user,"user,carts,catalogue",2.86,,1,1,1,1.0,orders,"orders,front-end,payment,user,carts",2.98,,0,0,0,0.125,user,"user,payment,shipping,carts,catalogue"
sockshop,delay,orders_delay,3,orders,8,,12.1,1,1,1,1.0,orders,"orders,payment,user,queue-master,front-end",2.82,,0,1,1,0.875,carts,"carts,orders,front-end,user,shipping",2.77,,1,1,1,1.0,orders,"orders,user,carts,front-end,shipping",3.02,,0,0,0,0.0,front-end,front-end,2.8,,1,1,1,1.0,orders,"orders,front-end,payment,queue-master,carts",2.94,,0,0,0,0.125,payment,"payment,queue-master,carts,shipping,catalogue"
sockshop,delay,orders_delay,4,orders,8,,8.8,1,1,1,1.0,orders,"orders,payment,front-end,shipping,queue-master",2.81,,1,1,1,1.0,orders,"orders,front-end,user,carts,payment",2.78,,1,1,1,1.0,orders,"orders,front-end,user,carts,payment",3.39,,1,1,1,1.0,orders,"orders,user,catalogue,carts",2.84,,1,1,1,1.0,orders,"orders,front-end,payment,user,carts",2.94,,0,0,0,0.25,payment,"payment,shipping,catalogue,carts,queue-master"
sockshop,delay,orders_delay,5,orders,8,,11.6,1,1,1,1.0,orders,"orders,payment,front-end,carts,queue-master",2.82,,0,1,1,0.75,carts,"carts,front-end,orders,user,catalogue",2.81,,1,1,1,1.0,orders,"orders,front-end,carts,user,catalogue",3.35,,0,0,0,0.0,front-end,"front-end,queue-master,catalogue,user,shipping",2.8,,1,1,1,1.0,orders,"orders,front-end,carts,payment,queue-master",2.98,,0,0,0,0.125,payment,"payment,queue-master,carts,shipping,user"
sockshop,delay,payment_delay,1,payment,7,,8.1,1,1,1,1.0,payment,"payment,orders,front-end,shipping,carts",2.83,,1,1,1,1.0,payment,"payment,orders,front-end,carts,catalogue",2.81,,1,1,1,1.0,payment,"payment,front-end,orders,carts,catalogue",3.26,,1,1,1,1.0,payment,"payment,user,shipping,catalogue,carts",2.81,,0,1,1,0.8333,orders,"orders,payment,front-end,carts,user",2.96,,1,1,1,1.0,payment,"payment,shipping,carts,user,catalogue"
sockshop,delay,payment_delay,2,payment,8,,10.6,1,1,1,1.0,payment,"payment,orders,front-end,shipping,user",2.81,,1,1,1,1.0,payment,"payment,orders,front-end,queue-master,carts",2.79,,1,1,1,1.0,payment,"payment,front-end,orders,carts,catalogue",3.23,,1,1,1,1.0,payment,"payment,catalogue,user",2.84,,1,1,1,1.0,payment,"payment,orders,front-end,user,catalogue",2.98,,1,1,1,1.0,payment,"payment,shipping,user,carts,catalogue"
sockshop,delay,payment_delay,3,payment,8,,9.3,1,1,1,1.0,payment,"payment,orders,carts,front-end,queue-master",2.79,,0,1,1,0.875,carts,"carts,payment,front-end,orders,user",2.79,,1,1,1,1.0,payment,"payment,orders,carts,front-end,catalogue",3.22,,0,0,0,0.0,shipping,"shipping,user,orders",2.85,,1,1,1,1.0,payment,"payment,orders,front-end,queue-master,carts",2.94,,1,1,1,1.0,payment,"payment,carts,queue-master,shipping,user"
sockshop,delay,payment_delay,4,payment,8,,11.1,1,1,1,1.0,payment,"payment,orders,front-end,shipping,carts",2.8,,1,1,1,1.0,payment,"payment,orders,front-end,queue-master,carts",2.79,,1,1,1,1.0,payment,"payment,orders,front-end,carts,catalogue",3.23,,0,0,0,0.0,orders,"orders,shipping,user,catalogue",2.87,,1,1,1,1.0,payment,"payment,orders,front-end,catalogue,user",2.95,,0,1,1,0.875,shipping,"shipping,payment,carts,catalogue,queue-master"
sockshop,delay,payment_delay,5,payment,8,,8.2,1,1,1,1.0,payment,"payment,orders,front-end,carts,queue-master",2.78,,0,1,1,0.875,carts,"carts,payment,front-end,orders,shipping",2.83,,1,1,1,1.0,payment,"payment,orders,carts,front-end,shipping",3.23,,0,0,0,0.0,orders,"orders,shipping,user,catalogue",2.8,,0,1,1,0.8571,orders,"orders,payment,front-end,carts,queue-master",2.96,,1,1,1,1.0,payment,"payment,queue-master,catalogue,user,carts"
sockshop,delay,user_delay,1,user,8,,11.5,1,1,1,1.0,user,"user,orders,front-end,carts,queue-master",2.82,,1,1,1,1.0,user,"user,front-end,orders,carts,payment",2.82,,1,1,1,1.0,user,"user,orders,front-end,carts,payment",3.32,,0,1,1,0.8,queue-master,"queue-master,user,catalogue,orders,payment",2.83,,1,1,1,1.0,user,"user,front-end,orders,carts,payment",2.98,,1,1,1,1.0,user,"user,carts,queue-master,catalogue,shipping"
sockshop,delay,user_delay,2,user,8,,7.7,1,1,1,1.0,user,"user,orders,front-end,shipping,payment",2.79,,1,1,1,1.0,user,"user,front-end,orders,payment,queue-master",2.84,,1,1,1,1.0,user,"user,orders,front-end,queue-master,payment",3.43,,0,1,1,0.6667,queue-master,"queue-master,user,payment",2.85,,0,1,1,0.7143,orders,"orders,front-end,user,payment,catalogue",2.96,,1,1,1,1.0,user,"user,catalogue,payment,carts,queue-master"
sockshop,delay,user_delay,3,user,8,,11.9,1,1,1,1.0,user,"user,orders,front-end,queue-master,payment",2.82,,0,1,1,0.875,front-end,"front-end,user,payment,orders,shipping",2.81,,1,1,1,1.0,user,"user,orders,front-end,payment,shipping",3.63,,1,1,1,1.0,user,"user,carts,orders,payment,catalogue",2.82,,1,1,1,1.0,user,"user,front-end,orders,carts,queue-master",2.99,,1,1,1,1.0,user,"user,carts,queue-master,payment,shipping"
sockshop,delay,user_delay,4,user,8,,9.7,1,1,1,1.0,user,"user,orders,front-end,shipping,catalogue",2.81,,1,1,1,1.0,user,"user,front-end,orders,payment,carts",2.8,,1,1,1,1.0,user,"user,front-end,orders,payment,carts",3.47,,0,0,0,0.0,orders,"orders,catalogue,carts,queue-master,payment",2.84,,0,1,1,0.8571,front-end,"front-end,user,orders,carts,catalogue",2.96,,1,1,1,1.0,user,"user,shipping,carts,catalogue,payment"
sockshop,delay,user_delay,5,user,8,,11.7,1,1,1,1.0,user,"user,orders,front-end,carts,queue-master",2.8,,0,1,1,0.75,front-end,"front-end,carts,user,orders,payment",2.82,,1,1,1,1.0,user,"user,orders,front-end,carts,payment",3.39,,0,1,1,0.8333,carts,"carts,user,shipping,queue-master,payment",2.84,,0,1,1,0.8571,orders,"orders,user,front-end,carts,queue-master",2.99,,0,1,1,0.875,carts,"carts,user,payment,queue-master,shipping"
sockshop,disk,carts_disk,1,carts,8,,10.4,0,1,1,0.75,catalogue,"catalogue,orders,carts,shipping,user",2.82,,0,0,1,0.625,shipping,"shipping,orders,catalogue,carts,user",2.78,,0,0,1,0.5,catalogue,"catalogue,shipping,orders,user,carts",3.16,,1,1,1,1.0,carts,"carts,queue-master,payment",2.85,,1,1,1,1.0,carts,"carts,orders,catalogue,front-end,payment",2.97,,1,1,1,1.0,carts,"carts,catalogue,payment,queue-master,shipping"
sockshop,disk,carts_disk,2,carts,8,,8.1,0,1,1,0.75,orders,"orders,catalogue,carts,shipping,payment",2.8,,0,1,1,0.75,orders,"orders,catalogue,carts,shipping,queue-master",2.84,,0,1,1,0.75,orders,"orders,catalogue,carts,shipping,payment",3.41,,1,1,1,1.0,carts,"carts,front-end,payment,user",2.83,,0,0,1,0.5714,orders,"orders,front-end,catalogue,carts,user",3.0,,1,1,1,1.0,carts,"carts,shipping,payment,catalogue,queue-master"
sockshop,disk,carts_disk,3,carts,7,,6.4,0,1,1,0.8571,orders,"orders,carts,catalogue,payment,shipping",2.83,,0,1,1,0.7143,orders,"orders,catalogue,carts,payment,shipping",2.81,,0,1,1,0.8571,orders,"orders,carts,catalogue,payment,shipping",3.25,,0,1,1,0.6667,payment,"payment,carts,user",2.86,,0,0,1,0.5,orders,"orders,front-end,catalogue,carts,payment",2.96,,1,1,1,1.0,carts,"carts,payment,catalogue,shipping,front-end"
sockshop,disk,carts_disk,4,carts,8,,8.2,0,1,1,0.875,orders,"orders,carts,catalogue,shipping,payment",2.79,,0,1,1,0.75,orders,"orders,catalogue,carts,shipping,payment",2.81,,0,1,1,0.75,orders,"orders,catalogue,carts,shipping,payment",3.49,,0,0,0,0.0,orders,"orders,user,queue-master,payment",2.85,,0,1,1,0.7143,orders,"orders,front-end,carts,catalogue,payment",2.98,,1,1,1,1.0,carts,"carts,catalogue,shipping,payment,user"
sockshop,disk,carts_disk,5,carts,8,,9.1,0,1,1,0.875,orders,"orders,carts,catalogue,shipping,front-end",2.83,,0,1,1,0.75,orders,"orders,catalogue,carts,shipping,front-end",2.83,,0,1,1,0.75,orders,"orders,catalogue,carts,shipping,front-end",3.45,,0,1,1,0.7143,orders,"orders,queue-master,carts,user,payment",2.85,,0,0,1,0.5714,orders,"orders,catalogue,front-end,carts,payment",2.99,,1,1,1,1.0,carts,"carts,shipping,payment,catalogue,queue-master"
sockshop,disk,catalogue_disk,1,catalogue,8,,9.2,1,1,1,1.0,catalogue,"catalogue,user,orders,queue-master,payment",2.79,,1,1,1,1.0,catalogue,"catalogue,user,queue-master,orders,payment",2.84,,1,1,1,1.0,catalogue,"catalogue,user,payment,orders,front-end",3.13,,0,0,0,0.0,orders,"orders,shipping",2.84,,1,1,1,1.0,catalogue,"catalogue,front-end,user,orders,payment",2.98,,1,1,1,1.0,catalogue,"catalogue,user,carts,queue-master,payment"
sockshop,disk,catalogue_disk,2,catalogue,8,,12.3,1,1,1,1.0,catalogue,"catalogue,orders,queue-master,carts,shipping",2.83,,1,1,1,1.0,catalogue,"catalogue,orders,carts,shipping,queue-master",2.81,,1,1,1,1.0,catalogue,"catalogue,orders,carts,shipping,queue-master",3.45,,1,1,1,1.0,catalogue,"catalogue,payment,shipping,carts,queue-master",2.86,,1,1,1,1.0,catalogue,"catalogue,orders,front-end,queue-master,payment",2.98,,1,1,1,1.0,catalogue,"catalogue,queue-master,shipping,carts,user"
sockshop,disk,catalogue_disk,3,catalogue,8,,8.7,1,1,1,1.0,catalogue,"catalogue,payment,orders,queue-master,shipping",2.82,,1,1,1,1.0,catalogue,"catalogue,payment,orders,queue-master,shipping",2.83,,1,1,1,1.0,catalogue,"catalogue,payment,orders,front-end,carts",3.4,,1,1,1,1.0,catalogue,"catalogue,payment,shipping,carts,front-end",2.86,,1,1,1,1.0,catalogue,"catalogue,front-end,payment,user,carts",3.0,,1,1,1,1.0,catalogue,"catalogue,payment,shipping,queue-master,orders"
sockshop,disk,catalogue_disk,4,catalogue,8,,12.0,0,1,1,0.75,shipping,"shipping,queue-master,catalogue,orders,carts",2.83,,1,1,1,1.0,catalogue,"catalogue,user,front-end,carts,payment",2.82,,1,1,1,1.0,catalogue,"catalogue,carts,payment,user,front-end",3.38,,0,1,1,0.6667,orders,"orders,catalogue,shipping",2.82,,1,1,1,1.0,catalogue,"catalogue,front-end,payment,user,carts",2.96,,0,0,0,0.375,shipping,"shipping,user,payment,queue-master,carts"
sockshop,disk,catalogue_disk,5,catalogue,8,,8.8,1,1,1,1.0,catalogue,"catalogue,carts,front-end,user,orders",2.81,,1,1,1,1.0,catalogue,"catalogue,queue-master,carts,user,front-end",2.82,,1,1,1,1.0,catalogue,"catalogue,carts,front-end,user,orders",3.59,,0,0,0,0.0,queue-master,"queue-master,shipping,user,payment,orders",2.82,,1,1,1,1.0,catalogue,"catalogue,front-end,orders,carts,user",2.95,,1,1,1,1.0,catalogue,"catalogue,user,carts,payment,shipping"
sockshop,disk,orders_disk,1,orders,8,,10.5,1,1,1,1.0,orders,"orders,catalogue,queue-master,carts,front-end",2.83,,1,1,1,1.0,orders,"orders,catalogue,queue-master,payment,front-end",2.83,,0,1,1,0.875,catalogue,"catalogue,orders,queue-master,front-end,payment",3.75,,0,0,0,0.0,user,"user,front-end,payment,shipping,carts",2.86,,1,1,1,1.0,orders,"orders,front-end,catalogue,payment,carts",2.97,,0,0,1,0.5,catalogue,"catalogue,queue-master,carts,user,orders"
sockshop,disk,orders_disk,2,orders,7,,11.0,1,1,1,1.0,orders,"orders,payment,catalogue,front-end,shipping",2.79,,0,1,1,0.8571,payment,"payment,orders,catalogue,front-end,carts",2.83,,1,1,1,1.0,orders,"orders,payment,catalogue,front-end,carts",3.11,,0,0,0,0.0,shipping,"shipping,front-end,carts,user",2.82,,0,1,1,0.8333,front-end,"front-end,orders,catalogue,payment,carts",2.95,,0,0,0,0.1429,payment,"payment,shipping,catalogue,user,carts"
sockshop,disk,orders_disk,3,orders,8,,11.7,1,1,1,1.0,orders,"orders,catalogue,payment,front-end,shipping",2.83,,0,1,1,0.75,payment,"payment,catalogue,orders,front-end,shipping",2.79,,0,1,1,0.75,payment,"payment,catalogue,orders,front-end,shipping",3.12,,0,0,0,0.0,front-end,"front-end,shipping,carts,user",2.85,,1,1,1,1.0,orders,"orders,front-end,catalogue,payment,user",2.98,,0,0,0,0.125,payment,"payment,catalogue,carts,shipping,user"
sockshop,disk,orders_disk,4,orders,8,,12.0,1,1,1,1.0,orders,"orders,payment,catalogue,front-end,carts",2.81,,0,1,1,0.75,catalogue,"catalogue,payment,orders,front-end,user",2.82,,1,1,1,1.0,orders,"orders,payment,catalogue,front-end,carts",3.53,,0,0,0,0.0,front-end,"front-end,carts,shipping",2.88,,0,0,1,0.5714,front-end,"front-end,catalogue,payment,orders,queue-master",2.93,,0,0,0,0.125,payment,"payment,catalogue,carts,queue-master,shipping"
sockshop,disk,orders_disk,5,orders,8,,12.1,1,1,1,1.0,orders,"orders,catalogue,payment,front-end,carts",2.8,,0,1,1,0.875,catalogue,"catalogue,orders,payment,front-end,carts",2.82,,0,1,1,0.875,catalogue,"catalogue,orders,payment,front-end,carts",3.4,,1,1,1,1.0,orders,"orders,user,carts,front-end",2.83,,1,1,1,1.0,orders,"orders,front-end,catalogue,payment,user",2.95,,0,0,0,0.375,payment,"payment,catalogue,carts,user,shipping"
sockshop,disk,payment_disk,1,payment,8,,11.8,1,1,1,1.0,payment,"payment,orders,shipping,carts,front-end",2.83,,1,1,1,1.0,payment,"payment,orders,shipping,carts,front-end",2.82,,1,1,1,1.0,payment,"payment,orders,shipping,carts,catalogue",3.39,,1,1,1,1.0,payment,"payment,front-end,shipping,user",2.84,,1,1,1,1.0,payment,"payment,orders,front-end,user,carts",2.96,,1,1,1,1.0,payment,"payment,shipping,carts,front-end,queue-master"
sockshop,disk,payment_disk,2,payment,8,,10.4,1,1,1,1.0,payment,"payment,orders,front-end,catalogue,queue-master",2.9,,1,1,1,1.0,payment,"payment,orders,front-end,catalogue,carts",2.85,,1,1,1,1.0,payment,"payment,orders,front-end,catalogue,shipping",3.34,,0,0,0,0.0,carts,"carts,shipping,front-end,catalogue,user",2.87,,1,1,1,1.0,payment,"payment,orders,front-end,carts,catalogue",2.97,,1,1,1,1.0,payment,"payment,catalogue,carts,user,shipping"
sockshop,disk,payment_disk,3,payment,8,,10.9,1,1,1,1.0,payment,"payment,orders,front-end,catalogue,carts",2.82,,1,1,1,1.0,payment,"payment,orders,catalogue,front-end,user",2.83,,1,1,1,1.0,payment,"payment,orders,catalogue,front-end,user",3.08,,0,1,1,0.75,user,"user,payment,carts,shipping",2.82,,1,1,1,1.0,payment,"payment,orders,front-end,catalogue,user",2.97,,1,1,1,1.0,payment,"payment,user,shipping,carts,catalogue"
sockshop,disk,payment_disk,4,payment,8,,8.2,1,1,1,1.0,payment,"payment,orders,front-end,user,queue-master",2.83,,1,1,1,1.0,payment,"payment,orders,front-end,catalogue,user",2.83,,1,1,1,1.0,payment,"payment,orders,catalogue,front-end,user",3.2,,1,1,1,1.0,payment,"payment,carts,catalogue,user",2.84,,1,1,1,1.0,payment,"payment,orders,front-end,catalogue,carts",2.96,,1,1,1,1.0,payment,"payment,user,carts,queue-master,shipping"
sockshop,disk,payment_disk,5,payment,8,,11.1,1,1,1,1.0,payment,"payment,orders,shipping,user,front-end",2.82,,1,1,1,1.0,payment,"payment,orders,shipping,catalogue,front-end",2.79,,1,1,1,1.0,payment,"payment,orders,shipping,catalogue,user",3.41,,0,1,1,0.6,front-end,"front-end,catalogue,payment,user,carts",2.83,,1,1,1,1.0,payment,"payment,orders,front-end,carts,user",2.98,,1,1,1,1.0,payment,"payment,shipping,user,carts,catalogue"
sockshop,disk,user_disk,1,user,8,,8.6,1,1,1,1.0,user,"user,orders,front-end,catalogue,payment",2.81,,1,1,1,1.0,user,"user,orders,front-end,shipping,payment",2.83,,1,1,1,1.0,user,"user,front-end,orders,shipping,catalogue",3.03,,0,0,0,0.0,front-end,"front-end,carts,orders,queue-master",2.84,,0,1,1,0.8571,orders,"orders,user,front-end,catalogue,payment",3.01,,1,1,1,1.0,user,"user,catalogue,carts,payment,shipping"
sockshop,disk,user_disk,2,user,8,,9.3,1,1,1,1.0,user,"user,front-end,payment,catalogue,carts",2.8,,1,1,1,1.0,user,"user,front-end,payment,catalogue,shipping",2.8,,1,1,1,1.0,user,"user,payment,front-end,catalogue,carts",3.11,,0,0,0,0.0,front-end,"front-end,carts,catalogue",2.82,,1,1,1,1.0,user,"user,payment,catalogue,front-end,orders",2.99,,1,1,1,1.0,user,"user,payment,catalogue,carts,queue-master"
sockshop,disk,user_disk,3,user,7,,8.7,1,1,1,1.0,user,"user,front-end,orders,catalogue,payment",2.82,,1,1,1,1.0,user,"user,catalogue,front-end,payment,orders",2.82,,1,1,1,1.0,user,"user,catalogue,front-end,orders,payment",3.12,,1,1,1,1.0,user,"user,shipping,carts,orders",2.82,,1,1,1,1.0,user,"user,front-end,catalogue,orders,payment",2.95,,1,1,1,1.0,user,"user,payment,catalogue,carts,shipping"
sockshop,disk,user_disk,4,user,7,,11.2,1,1,1,1.0,user,"user,catalogue,payment,front-end,carts",2.85,,1,1,1,1.0,user,"user,catalogue,payment,front-end,carts",2.81,,1,1,1,1.0,user,"user,catalogue,payment,front-end,carts",3.39,,0,0,0,0.0,payment,"payment,front-end,shipping,orders,carts",2.84,,1,1,1,1.0,user,"user,orders,catalogue,front-end,payment",2.95,,0,1,1,0.8571,payment,"payment,user,catalogue,carts,shipping"
sockshop,disk,user_disk,5,user,8,,8.7,1,1,1,1.0,user,"user,catalogue,payment,front-end,shipping",2.79,,1,1,1,1.0,user,"user,payment,catalogue,front-end,shipping",2.81,,1,1,1,1.0,user,"user,catalogue,payment,front-end,shipping",3.23,,0,0,0,0.0,front-end,"front-end,shipping",2.82,,0,1,1,0.8571,orders,"orders,user,front-end,catalogue,payment",3.0,,0,1,1,0.875,payment,"payment,user,shipping,catalogue,carts"
sockshop,loss,carts_loss,1,carts,8,,10.1,1,1,1,1.0,carts,"carts,orders,front-end,payment,user",2.77,,1,1,1,1.0,carts,"carts,orders,front-end,payment,catalogue",2.83,,1,1,1,1.0,carts,"carts,orders,front-end,payment,catalogue",3.64,,1,1,1,1.0,carts,"carts,catalogue,payment,user,queue-master",2.86,,0,1,1,0.8571,orders,"orders,carts,front-end,payment,user",2.97,,1,1,1,1.0,carts,"carts,payment,user,catalogue,queue-master"
sockshop,loss,carts_loss,2,carts,8,,9.7,1,1,1,1.0,carts,"carts,front-end,orders,shipping,payment",2.83,,1,1,1,1.0,carts,"carts,front-end,orders,payment,queue-master",2.82,,1,1,1,1.0,carts,"carts,front-end,orders,payment,queue-master",3.55,,1,1,1,1.0,carts,"carts,user,payment,catalogue",2.8,,0,1,1,0.7143,orders,"orders,front-end,carts,payment,queue-master",2.96,,1,1,1,1.0,carts,"carts,shipping,user,catalogue,payment"
sockshop,loss,carts_loss,3,carts,8,,12.2,0,1,1,0.875,orders,"orders,carts,front-end,shipping,queue-master",2.83,,0,1,1,0.875,orders,"orders,carts,front-end,shipping,queue-master",2.8,,0,1,1,0.875,orders,"orders,carts,front-end,shipping,catalogue",3.35,,0,0,1,0.4,front-end,"front-end,shipping,user,carts,payment",2.81,,1,1,1,1.0,carts,"carts,orders,front-end,payment,user",2.99,,1,1,1,1.0,carts,"carts,queue-master,shipping,payment,catalogue"
sockshop,loss,carts_loss,4,carts,8,,11.2,1,1,1,1.0,carts,"carts,front-end,orders,shipping,queue-master",2.78,,1,1,1,1.0,carts,"carts,front-end,orders,queue-master,user",2.83,,1,1,1,1.0,carts,"carts,front-end,orders,queue-master,user",3.58,,1,1,1,1.0,carts,"carts,catalogue,shipping,user,queue-master",2.85,,0,1,1,0.8571,front-end,"front-end,carts,orders,catalogue,user",3.01,,1,1,1,1.0,carts,"carts,shipping,catalogue,queue-master,orders"
sockshop,loss,carts_loss,5,carts,8,,11.8,1,1,1,1.0,carts,"carts,orders,front-end,queue-master,catalogue",2.84,,0,1,1,0.75,orders,"orders,front-end,carts,user,queue-master",2.81,,0,1,1,0.875,orders,"orders,carts,front-end,user,shipping",3.55,,0,0,0,0.0,queue-master,"queue-master,shipping,user,payment",2.83,,0,1,1,0.8571,orders,"orders,carts,front-end,payment,catalogue",2.97,,1,1,1,1.0,carts,"carts,queue-master,catalogue,shipping,user"
sockshop,loss,catalogue_loss,1,catalogue,8,,10.9,1,1,1,1.0,catalogue,"catalogue,front-end,carts,queue-master,shipping",2.8,,1,1,1,1.0,catalogue,"catalogue,carts,front-end,orders,user",2.8,,1,1,1,1.0,catalogue,"catalogue,carts,front-end,orders,shipping",3.24,,0,0,0,0.0,carts,"carts,front-end,user,payment",2.82,,1,1,1,1.0,catalogue,"catalogue,front-end,carts,queue-master,orders",2.93,,0,1,1,0.875,carts,"carts,catalogue,queue-master,user,shipping"
sockshop,loss,catalogue_loss,2,catalogue,8,,9.5,1,1,1,1.0,catalogue,"catalogue,front-end,shipping,user,carts",2.8,,1,1,1,1.0,catalogue,"catalogue,front-end,payment,carts,queue-master",2.82,,1,1,1,1.0,catalogue,"catalogue,front-end,payment,carts,user",3.37,,0,0,0,0.0,front-end,"front-end,queue-master,shipping,payment,carts",2.85,,1,1,1,1.0,catalogue,"catalogue,front-end,orders,payment,carts",2.97,,1,1,1,1.0,catalogue,"catalogue,carts,shipping,user,queue-master"
sockshop,loss,catalogue_loss,3,catalogue,8,,6.9,1,1,1,1.0,catalogue,"catalogue,front-end,user,carts,orders",2.76,,1,1,1,1.0,catalogue,"catalogue,orders,user,carts,front-end",2.8,,1,1,1,1.0,catalogue,"catalogue,orders,user,carts,front-end",3.16,,0,0,0,0.0,queue-master,"queue-master,payment",2.81,,1,1,1,1.0,catalogue,"catalogue,front-end,carts,orders,user",2.97,,1,1,1,1.0,catalogue,"catalogue,carts,queue-master,user,shipping"
sockshop,loss,catalogue_loss,4,catalogue,8,,9.4,1,1,1,1.0,catalogue,"catalogue,carts,front-end,shipping,orders",2.82,,1,1,1,1.0,catalogue,"catalogue,front-end,queue-master,payment,user",2.81,,1,1,1,1.0,catalogue,"catalogue,front-end,carts,queue-master,user",3.23,,0,0,0,0.0,carts,"carts,queue-master,front-end,payment",2.86,,1,1,1,1.0,catalogue,"catalogue,front-end,orders,carts,user",3.0,,1,1,1,1.0,catalogue,"catalogue,carts,payment,user,queue-master"
sockshop,loss,catalogue_loss,5,catalogue,8,,6.9,1,1,1,1.0,catalogue,"catalogue,carts,front-end,user,orders",2.82,,1,1,1,1.0,catalogue,"catalogue,user,orders,carts,front-end",2.81,,1,1,1,1.0,catalogue,"catalogue,user,orders,carts,front-end",3.28,,0,0,0,0.0,orders,"orders,queue-master,payment",2.82,,1,1,1,1.0,catalogue,"catalogue,front-end,carts,orders,user",2.99,,1,1,1,1.0,catalogue,"catalogue,carts,queue-master,user,shipping"
sockshop,loss,orders_loss,1,orders,8,,6.3,1,1,1,1.0,orders,"orders,shipping,payment,front-end,user",2.83,,1,1,1,1.0,orders,"orders,shipping,payment,front-end,user",2.81,,1,1,1,1.0,orders,"orders,shipping,payment,front-end,user",3.24,,1,1,1,1.0,orders,"orders,queue-master,front-end",2.85,,0,1,1,0.8571,front-end,"front-end,orders,payment,carts,user",2.97,,0,0,0,0.375,payment,"payment,carts,user,queue-master,shipping"
sockshop,loss,orders_loss,2,orders,8,,10.0,1,1,1,1.0,orders,"orders,payment,shipping,front-end,carts",2.79,,0,1,1,0.75,payment,"payment,shipping,orders,front-end,carts",2.79,,0,1,1,0.875,payment,"payment,orders,shipping,front-end,carts",3.01,,0,0,0,0.0,carts,"carts,user,catalogue",2.84,,1,1,1,1.0,orders,"orders,front-end,payment,carts,user",2.94,,0,0,0,0.125,carts,"carts,user,shipping,payment,queue-master"
sockshop,loss,orders_loss,3,orders,8,,11.0,1,1,1,1.0,orders,"orders,payment,user,front-end,shipping",2.8,,0,1,1,0.875,payment,"payment,orders,shipping,user,front-end",2.84,,0,1,1,0.875,payment,"payment,orders,shipping,user,front-end",3.05,,0,0,0,0.0,user,user,2.84,,1,1,1,1.0,orders,"orders,front-end,payment,user,carts",2.97,,0,0,0,0.125,user,"user,payment,carts,shipping,catalogue"
sockshop,loss,orders_loss,4,orders,8,,11.5,0,1,1,0.875,payment,"payment,orders,shipping,front-end,carts",2.81,,0,1,1,0.875,payment,"payment,orders,shipping,front-end,user",2.78,,0,1,1,0.875,payment,"payment,orders,shipping,front-end,carts",3.25,,0,0,1,0.2,catalogue,"catalogue,queue-master,carts,user,orders",2.81,,1,1,1,1.0,orders,"orders,payment,front-end,carts,user",2.95,,0,0,0,0.25,payment,"payment,shipping,carts,catalogue,queue-master"
sockshop,loss,orders_loss,5,orders,8,,7.6,1,1,1,1.0,orders,"orders,shipping,payment,carts,front-end",2.8,,0,1,1,0.75,payment,"payment,shipping,orders,carts,user",2.79,,1,1,1,1.0,orders,"orders,shipping,payment,user,carts",3.02,,0,0,0,0.0,catalogue,"catalogue,queue-master",2.86,,1,1,1,1.0,orders,"orders,front-end,payment,carts,queue-master",2.96,,0,0,0,0.125,carts,"carts,shipping,queue-master,payment,catalogue"
sockshop,loss,payment_loss,1,payment,8,,10.1,0,1,1,0.875,orders,"orders,payment,front-end,carts,shipping",2.82,,0,1,1,0.75,orders,"orders,carts,payment,front-end,catalogue",2.81,,0,1,1,0.75,orders,"orders,carts,payment,front-end,shipping",3.58,,1,1,1,1.0,payment,"payment,front-end,user,queue-master,shipping",2.82,,0,1,1,0.7143,orders,"orders,front-end,payment,carts,queue-master",2.92,,1,1,1,1.0,payment,"payment,carts,shipping,catalogue,user"
sockshop,loss,payment_loss,2,payment,8,,12.6,0,1,1,0.875,queue-master,"queue-master,payment,orders,user,catalogue",2.84,,0,1,1,0.875,orders,"orders,payment,queue-master,shipping,front-end",2.83,,0,1,1,0.75,queue-master,"queue-master,orders,payment,shipping,carts",3.5,,0,0,1,0.25,orders,"orders,catalogue,user,payment",2.83,,0,1,1,0.7143,orders,"orders,front-end,payment,queue-master,carts",2.98,,1,1,1,1.0,payment,"payment,carts,catalogue,user,queue-master"
sockshop,loss,payment_loss,3,payment,8,,12.2,1,1,1,1.0,payment,"payment,orders,user,front-end,shipping",2.82,,1,1,1,1.0,payment,"payment,orders,queue-master,front-end,carts",2.82,,1,1,1,1.0,payment,"payment,orders,queue-master,front-end,carts",3.33,,1,1,1,1.0,payment,"payment,front-end,catalogue,shipping",2.81,,0,1,1,0.7143,orders,"orders,front-end,payment,user,carts",2.96,,1,1,1,1.0,payment,"payment,user,shipping,carts,catalogue"
sockshop,loss,payment_loss,4,payment,8,,12.9,1,1,1,1.0,payment,"payment,orders,carts,shipping,front-end",2.81,,0,1,1,0.875,orders,"orders,payment,front-end,catalogue,carts",2.82,,0,1,1,0.875,orders,"orders,payment,carts,front-end,catalogue",3.5,,1,1,1,1.0,payment,"payment,user,front-end,catalogue,queue-master",2.84,,1,1,1,1.0,payment,"payment,carts,queue-master,front-end,orders",3.0,,1,1,1,1.0,payment,"payment,carts,front-end,shipping,queue-master"
sockshop,loss,payment_loss,5,payment,8,,12.1,0,1,1,0.875,orders,"orders,payment,queue-master,shipping,carts",2.83,,0,1,1,0.875,orders,"orders,payment,carts,front-end,catalogue",2.8,,0,1,1,0.875,orders,"orders,payment,carts,front-end,shipping",3.49,,0,1,1,0.5,catalogue,"catalogue,user,payment,queue-master",2.87,,0,1,1,0.7143,orders,"orders,front-end,payment,carts,queue-master",2.98,,1,1,1,1.0,payment,"payment,carts,queue-master,shipping,catalogue"
sockshop,loss,user_loss,1,user,8,,8.9,1,1,1,1.0,user,"user,front-end,orders,queue-master,payment",2.82,,1,1,1,1.0,user,"user,front-end,queue-master,orders,catalogue",2.82,,1,1,1,1.0,user,"user,queue-master,front-end,orders,payment",3.39,,0,0,0,0.0,orders,"orders,carts,shipping,payment",2.85,,1,1,1,1.0,user,"user,orders,front-end,carts,queue-master",2.95,,1,1,1,1.0,user,"user,payment,carts,queue-master,orders"
sockshop,loss,user_loss,2,user,8,,12.4,1,1,1,1.0,user,"user,front-end,orders,carts,queue-master",2.81,,1,1,1,1.0,user,"user,front-end,orders,payment,carts",2.82,,1,1,1,1.0,user,"user,front-end,orders,queue-master,payment",3.39,,0,0,0,0.0,carts,"carts,catalogue,shipping",2.85,,0,1,1,0.8571,orders,"orders,user,front-end,catalogue,payment",2.98,,1,1,1,1.0,user,"user,carts,queue-master,payment,shipping"
sockshop,loss,user_loss,3,user,8,,12.2,1,1,1,1.0,user,"user,orders,front-end,carts,queue-master",2.79,,0,1,1,0.75,front-end,"front-end,orders,user,catalogue,carts",2.84,,1,1,1,1.0,user,"user,orders,front-end,carts,payment",3.58,,0,0,0,0.0,orders,"orders,carts,queue-master,shipping",2.83,,0,1,1,0.8571,orders,"orders,user,front-end,carts,catalogue",2.98,,1,1,1,1.0,user,"user,carts,queue-master,payment,shipping"
sockshop,loss,user_loss,4,user,8,,7.7,1,1,1,1.0,user,"user,front-end,orders,shipping,payment",2.83,,1,1,1,1.0,user,"user,front-end,orders,payment,queue-master",2.82,,1,1,1,1.0,user,"user,front-end,payment,orders,queue-master",3.06,,0,0,0,0.0,shipping,"shipping,carts",2.86,,1,1,1,1.0,user,"user,orders,front-end,payment,carts",2.96,,0,1,1,0.875,shipping,"shipping,user,catalogue,carts,payment"
sockshop,loss,user_loss,5,user,8,,11.7,1,1,1,1.0,user,"user,front-end,orders,queue-master,carts",2.77,,1,1,1,1.0,user,"user,front-end,orders,payment,catalogue",2.83,,1,1,1,1.0,user,"user,front-end,orders,carts,catalogue",3.52,,0,0,0,0.0,front-end,"front-end,carts,payment,catalogue,shipping",2.84,,1,1,1,1.0,user,"user,orders,front-end,catalogue,carts",2.97,,1,1,1,1.0,user,"user,carts,shipping,queue-master,payment"
