dataset,fault,case,replicate,true,n_nodes,seconds,sec_per_node,mmd_add_acc@1,mmd_add_acc@3,mmd_add_acc@5,mmd_add_prr,mmd_add_top1,mmd_add_top5,mmd_sub_acc@1,mmd_sub_acc@3,mmd_sub_acc@5,mmd_sub_prr,mmd_sub_top1,mmd_sub_top5,flow_add_acc@1,flow_add_acc@3,flow_add_acc@5,flow_add_prr,flow_add_top1,flow_add_top5,flow_sub_acc@1,flow_sub_acc@3,flow_sub_acc@5,flow_sub_prr,flow_sub_top1,flow_sub_top5,wasserstein_add_acc@1,wasserstein_add_acc@3,wasserstein_add_acc@5,wasserstein_add_prr,wasserstein_add_top1,wasserstein_add_top5,wasserstein_sub_acc@1,wasserstein_sub_acc@3,wasserstein_sub_acc@5,wasserstein_sub_prr,wasserstein_sub_top1,wasserstein_sub_top5,baro_add_acc@1,baro_add_acc@3,baro_add_acc@5,baro_add_prr,baro_add_top1,baro_add_top5,baro_sub_acc@1,baro_sub_acc@3,baro_sub_acc@5,baro_sub_prr,baro_sub_top1,baro_sub_top5
sockshop,cpu,carts_cpu,1,carts,14,16.3,1.16,1,1,1,1.0,carts,"carts,carts-db,catalogue-db,orders,orders-db",1,1,1,1.0,carts,"carts,carts-db,catalogue-db,orders,user",1,1,1,1.0,carts,"carts,payment,catalogue-db,orders-db,user",1,1,1,1.0,carts,"carts,catalogue-db,payment,orders-db,catalogue",1,1,1,1.0,carts,"carts,catalogue-db,payment,user,orders-db",1,1,1,1.0,carts,"carts,carts-db,user,payment,rabbitmq",1,1,1,1.0,carts,"carts,catalogue,orders,queue-master,user-db",1,1,1,1.0,carts,"carts,orders,catalogue,queue-master,orders-db"
sockshop,cpu,carts_cpu,2,carts,14,20.1,1.43,1,1,1,1.0,carts,"carts,carts-db,catalogue,catalogue-db,front-end",1,1,1,1.0,carts,"carts,carts-db,catalogue,catalogue-db,front-end",1,1,1,1.0,carts,"carts,payment,session-db,user-db,catalogue",1,1,1,1.0,carts,"carts,payment,catalogue,user-db,orders",1,1,1,1.0,carts,"carts,payment,session-db,carts-db,catalogue",1,1,1,1.0,carts,"carts,carts-db,catalogue-db,session-db,payment",1,1,1,1.0,carts,"carts,orders,user,front-end,catalogue-db",1,1,1,1.0,carts,"carts,orders,shipping,catalogue,carts-db"
sockshop,cpu,carts_cpu,3,carts,14,20.4,1.46,1,1,1,1.0,carts,"carts,carts-db,front-end,catalogue-db,queue-master",1,1,1,1.0,carts,"carts,carts-db,front-end,catalogue-db,queue-master",1,1,1,1.0,carts,"carts,queue-master,payment,session-db,catalogue",1,1,1,1.0,carts,"carts,queue-master,orders,payment,shipping",1,1,1,1.0,carts,"carts,queue-master,carts-db,payment,front-end",1,1,1,1.0,carts,"carts,queue-master,carts-db,orders,catalogue-db",1,1,1,1.0,carts,"carts,user-db,user,rabbitmq,orders-db",1,1,1,1.0,carts,"carts,user-db,queue-master,user,orders"
sockshop,cpu,carts_cpu,4,carts,14,18.1,1.29,1,1,1,1.0,carts,"carts,carts-db,payment,orders,rabbitmq",1,1,1,1.0,carts,"carts,carts-db,payment,orders,rabbitmq",1,1,1,1.0,carts,"carts,payment,catalogue,catalogue-db,user",1,1,1,1.0,carts,"carts,payment,orders,user,user-db",1,1,1,1.0,carts,"carts,payment,carts-db,catalogue,user",1,1,1,1.0,carts,"carts,carts-db,payment,user,session-db",1,1,1,1.0,carts,"carts,orders,session-db,front-end,user-db",1,1,1,1.0,carts,"carts,orders,carts-db,front-end,user"
sockshop,cpu,carts_cpu,5,carts,14,22.4,1.6,1,1,1,1.0,carts,"carts,carts-db,front-end,catalogue-db,shipping",1,1,1,1.0,carts,"carts,carts-db,front-end,catalogue-db,catalogue",1,1,1,1.0,carts,"carts,queue-master,catalogue,front-end,user",1,1,1,1.0,carts,"carts,queue-master,orders,shipping,user",1,1,1,1.0,carts,"carts,front-end,queue-master,carts-db,orders",1,1,1,1.0,carts,"carts,queue-master,carts-db,front-end,orders",1,1,1,1.0,carts,"carts,rabbitmq,user-db,carts-db,session-db",1,1,1,1.0,carts,"carts,rabbitmq,queue-master,shipping,orders"
sockshop,cpu,catalogue_cpu,1,catalogue,14,21.7,1.55,1,1,1,1.0,catalogue,"catalogue,carts-db,carts,session-db,orders",1,1,1,1.0,catalogue,"catalogue,carts-db,carts,session-db,orders",1,1,1,1.0,catalogue,"catalogue,payment,front-end,user-db,catalogue-db",1,1,1,1.0,catalogue,"catalogue,catalogue-db,session-db,front-end,carts-db",1,1,1,1.0,catalogue,"catalogue,payment,carts-db,session-db,front-end",1,1,1,1.0,catalogue,"catalogue,carts-db,session-db,catalogue-db,carts",1,1,1,1.0,catalogue,"catalogue,carts,orders,user,carts-db",1,1,1,1.0,catalogue,"catalogue,carts,orders,carts-db,catalogue-db"
sockshop,cpu,catalogue_cpu,2,catalogue,14,18.1,1.3,1,1,1,1.0,catalogue,"catalogue,carts-db,carts,session-db,user-db",1,1,1,1.0,catalogue,"catalogue,carts-db,carts,session-db,user-db",1,1,1,1.0,catalogue,"catalogue,payment,session-db,user,catalogue-db",1,1,1,1.0,catalogue,"catalogue,payment,user,catalogue-db,orders",1,1,1,1.0,catalogue,"catalogue,payment,carts-db,session-db,user",1,1,1,1.0,catalogue,"catalogue,carts-db,carts,rabbitmq,payment",1,1,1,1.0,catalogue,"catalogue,carts,orders,user-db,front-end",1,1,1,1.0,catalogue,"catalogue,carts,orders,user-db,front-end"
sockshop,cpu,catalogue_cpu,3,catalogue,14,22.8,1.63,1,1,1,1.0,catalogue,"catalogue,carts-db,session-db,carts,orders",1,1,1,1.0,catalogue,"catalogue,carts-db,session-db,carts,orders",1,1,1,1.0,catalogue,"catalogue,payment,session-db,user-db,orders-db",1,1,1,1.0,catalogue,"catalogue,orders-db,payment,user-db,session-db",1,1,1,1.0,catalogue,"catalogue,session-db,payment,carts-db,front-end",1,1,1,1.0,catalogue,"catalogue,carts-db,session-db,payment,carts",1,1,1,1.0,catalogue,"catalogue,carts,orders,catalogue-db,carts-db",1,1,1,1.0,catalogue,"catalogue,carts,orders,carts-db,catalogue-db"
sockshop,cpu,catalogue_cpu,4,catalogue,14,22.4,1.6,1,1,1,1.0,catalogue,"catalogue,payment,carts-db,rabbitmq,carts",1,1,1,1.0,catalogue,"catalogue,payment,carts-db,rabbitmq,carts",1,1,1,1.0,catalogue,"catalogue,payment,session-db,queue-master,user",1,1,1,1.0,catalogue,"catalogue,payment,queue-master,carts-db,rabbitmq",1,1,1,1.0,catalogue,"catalogue,payment,rabbitmq,carts-db,session-db",1,1,1,1.0,catalogue,"catalogue,rabbitmq,carts-db,payment,carts",1,1,1,1.0,catalogue,"catalogue,carts,catalogue-db,orders,user-db",1,1,1,1.0,catalogue,"catalogue,carts,orders,catalogue-db,shipping"
sockshop,cpu,catalogue_cpu,5,catalogue,14,17.5,1.25,1,1,1,1.0,catalogue,"catalogue,carts-db,user-db,session-db,queue-master",1,1,1,1.0,catalogue,"catalogue,carts-db,user-db,session-db,queue-master",1,1,1,1.0,catalogue,"catalogue,carts,orders,queue-master,payment",1,1,1,1.0,catalogue,"catalogue,carts,orders,queue-master,user-db",1,1,1,1.0,catalogue,"catalogue,carts,queue-master,orders,payment",1,1,1,1.0,catalogue,"catalogue,carts,queue-master,orders,carts-db",0,1,1,0.9286,front-end,"front-end,catalogue,session-db,carts-db,orders-db",0,1,1,0.9286,front-end,"front-end,catalogue,session-db,queue-master,carts-db"
sockshop,cpu,orders_cpu,1,orders,14,21.5,1.53,1,1,1,1.0,orders,"orders,carts-db,carts,rabbitmq,queue-master",1,1,1,1.0,orders,"orders,carts-db,carts,rabbitmq,queue-master",1,1,1,1.0,orders,"orders,payment,user,session-db,front-end",1,1,1,1.0,orders,"orders,user,payment,carts,session-db",1,1,1,1.0,orders,"orders,payment,user,carts-db,session-db",1,1,1,1.0,orders,"orders,carts-db,user,rabbitmq,catalogue-db",0,1,1,0.9286,catalogue,"catalogue,orders,carts,carts-db,front-end",0,1,1,0.9286,catalogue,"catalogue,orders,carts,carts-db,queue-master"
sockshop,cpu,orders_cpu,2,orders,14,21.7,1.55,1,1,1,1.0,orders,"orders,catalogue,carts-db,carts,user-db",1,1,1,1.0,orders,"orders,catalogue,carts-db,carts,user-db",1,1,1,1.0,orders,"orders,payment,catalogue,user-db,session-db",1,1,1,1.0,orders,"orders,catalogue,rabbitmq,carts,session-db",1,1,1,1.0,orders,"orders,payment,catalogue,rabbitmq,user-db",1,1,1,1.0,orders,"orders,rabbitmq,carts-db,queue-master,user-db",0,1,1,0.9286,carts,"carts,orders,session-db,catalogue,user",0,1,1,0.9286,carts,"carts,orders,session-db,catalogue,front-end"
sockshop,cpu,orders_cpu,3,orders,14,18.3,1.3,1,1,1,1.0,orders,"orders,catalogue,carts-db,payment,session-db",1,1,1,1.0,orders,"orders,catalogue,carts-db,payment,session-db",1,1,1,1.0,orders,"orders,queue-master,payment,session-db,catalogue",1,1,1,1.0,orders,"orders,queue-master,catalogue,payment,carts",1,1,1,1.0,orders,"orders,payment,queue-master,catalogue,session-db",1,1,1,1.0,orders,"orders,queue-master,carts-db,payment,shipping",1,1,1,1.0,orders,"orders,user-db,carts-db,user,rabbitmq",0,1,1,0.9286,carts-db,"carts-db,orders,queue-master,shipping,user-db"
sockshop,cpu,orders_cpu,4,orders,14,21.6,1.54,1,1,1,1.0,orders,"orders,carts-db,carts,catalogue,user-db",1,1,1,1.0,orders,"orders,carts-db,carts,user-db,catalogue",1,1,1,1.0,orders,"orders,payment,user-db,catalogue,session-db",1,1,1,1.0,orders,"orders,catalogue,payment,carts,front-end",1,1,1,1.0,orders,"orders,user-db,catalogue,payment,session-db",1,1,1,1.0,orders,"orders,carts-db,carts,user-db,rabbitmq",1,1,1,1.0,orders,"orders,carts,front-end,user,rabbitmq",1,1,1,1.0,orders,"orders,carts,front-end,user,catalogue-db"
sockshop,cpu,orders_cpu,5,orders,14,21.2,1.52,1,1,1,1.0,orders,"orders,carts-db,carts,orders-db,queue-master",1,1,1,1.0,orders,"orders,carts-db,carts,orders-db,queue-master",1,1,1,1.0,orders,"orders,carts,queue-master,payment,catalogue",1,1,1,1.0,orders,"orders,carts,queue-master,catalogue,session-db",1,1,1,1.0,orders,"orders,carts,queue-master,payment,catalogue",1,1,1,1.0,orders,"orders,carts,queue-master,carts-db,orders-db",1,1,1,1.0,orders,"orders,carts-db,orders-db,user,front-end",1,1,1,1.0,orders,"orders,carts-db,queue-master,carts,orders-db"
sockshop,cpu,payment_cpu,1,payment,14,18.7,1.33,1,1,1,1.0,payment,"payment,carts-db,orders-db,carts,queue-master",1,1,1,1.0,payment,"payment,carts-db,carts,orders-db,queue-master",1,1,1,1.0,payment,"payment,catalogue,session-db,user-db,orders-db",1,1,1,1.0,payment,"payment,session-db,orders-db,catalogue,user-db",1,1,1,1.0,payment,"payment,catalogue,carts-db,session-db,user-db",1,1,1,1.0,payment,"payment,carts-db,session-db,user-db,queue-master",1,1,1,1.0,payment,"payment,carts,orders,carts-db,queue-master",1,1,1,1.0,payment,"payment,carts,orders,carts-db,queue-master"
sockshop,cpu,payment_cpu,2,payment,14,19.9,1.42,1,1,1,1.0,payment,"payment,carts-db,carts,orders-db,shipping",1,1,1,1.0,payment,"payment,carts-db,carts,orders-db,shipping",1,1,1,1.0,payment,"payment,user-db,session-db,user,catalogue",1,1,1,1.0,payment,"payment,catalogue-db,user-db,rabbitmq,session-db",1,1,1,1.0,payment,"payment,user-db,carts-db,front-end,user",1,1,1,1.0,payment,"payment,carts-db,rabbitmq,carts,shipping",1,1,1,1.0,payment,"payment,orders,carts-db,orders-db,carts",1,1,1,1.0,payment,"payment,orders,orders-db,carts-db,carts"
sockshop,cpu,payment_cpu,3,payment,14,20.5,1.47,1,1,1,1.0,payment,"payment,carts-db,front-end,carts,catalogue-db",1,1,1,1.0,payment,"payment,carts-db,front-end,carts,catalogue-db",1,1,1,1.0,payment,"payment,carts,queue-master,catalogue,orders",1,1,1,1.0,payment,"payment,carts,queue-master,orders,shipping",1,1,1,1.0,payment,"payment,carts,queue-master,front-end,catalogue",1,1,1,1.0,payment,"payment,carts,queue-master,front-end,orders",1,1,1,1.0,payment,"payment,session-db,user,user-db,rabbitmq",1,1,1,1.0,payment,"payment,queue-master,carts,orders,session-db"
sockshop,cpu,payment_cpu,4,payment,14,18.6,1.33,0,1,1,0.9286,carts-db,"carts-db,payment,rabbitmq,front-end,carts",0,1,1,0.9286,carts-db,"carts-db,payment,rabbitmq,carts,front-end",1,1,1,1.0,payment,"payment,front-end,user-db,user,catalogue-db",1,1,1,1.0,payment,"payment,orders,session-db,user-db,rabbitmq",1,1,1,1.0,payment,"payment,front-end,carts-db,user,catalogue-db",1,1,1,1.0,payment,"payment,carts-db,front-end,user,rabbitmq",1,1,1,1.0,payment,"payment,carts,session-db,catalogue,orders",1,1,1,1.0,payment,"payment,carts,session-db,orders,queue-master"
sockshop,cpu,payment_cpu,5,payment,14,20.6,1.47,1,1,1,1.0,payment,"payment,carts-db,front-end,carts,catalogue-db",1,1,1,1.0,payment,"payment,carts-db,front-end,carts,catalogue-db",1,1,1,1.0,payment,"payment,carts,orders,front-end,catalogue",1,1,1,1.0,payment,"payment,carts,orders,queue-master,front-end",1,1,1,1.0,payment,"payment,carts,front-end,orders,catalogue",1,1,1,1.0,payment,"payment,carts,orders,carts-db,front-end",1,1,1,1.0,payment,"payment,carts-db,orders-db,user-db,session-db",1,1,1,1.0,payment,"payment,carts-db,orders-db,orders,queue-master"
sockshop,cpu,user_cpu,1,user,14,22.2,1.59,1,1,1,1.0,user,"user,carts-db,rabbitmq,front-end,session-db",1,1,1,1.0,user,"user,carts-db,rabbitmq,session-db,front-end",1,1,1,1.0,user,"user,catalogue-db,rabbitmq,queue-master,payment",1,1,1,1.0,user,"user,session-db,front-end,catalogue-db,carts-db",1,1,1,1.0,user,"user,carts-db,rabbitmq,session-db,catalogue-db",1,1,1,1.0,user,"user,carts-db,session-db,front-end,rabbitmq",1,1,1,1.0,user,"user,carts,orders-db,orders,payment",1,1,1,1.0,user,"user,carts,orders-db,orders,payment"
sockshop,cpu,user_cpu,2,user,14,20.5,1.46,1,1,1,1.0,user,"user,carts-db,user-db,carts,catalogue",1,1,1,1.0,user,"user,carts-db,user-db,carts,catalogue",1,1,1,1.0,user,"user,payment,session-db,front-end,user-db",1,1,1,1.0,user,"user,session-db,front-end,carts-db,payment",1,1,1,1.0,user,"user,carts-db,payment,session-db,user-db",1,1,1,1.0,user,"user,carts-db,session-db,user-db,carts",0,0,1,0.7857,orders,"orders,carts,catalogue,user,orders-db",0,0,1,0.7857,orders,"orders,carts,catalogue,user,queue-master"
sockshop,cpu,user_cpu,3,user,14,22.8,1.63,1,1,1,1.0,user,"user,carts-db,user-db,payment,catalogue-db",1,1,1,1.0,user,"user,carts-db,user-db,payment,catalogue-db",1,1,1,1.0,user,"user,carts,payment,catalogue,queue-master",1,1,1,1.0,user,"user,carts,queue-master,orders,catalogue",1,1,1,1.0,user,"user,carts,payment,catalogue-db,carts-db",1,1,1,1.0,user,"user,carts,carts-db,queue-master,user-db",1,1,1,1.0,user,"user,session-db,rabbitmq,orders-db,carts-db",0,1,1,0.8571,queue-master,"queue-master,carts,user,session-db,orders"
sockshop,cpu,user_cpu,4,user,14,21.3,1.52,1,1,1,1.0,user,"user,carts-db,rabbitmq,queue-master,user-db",1,1,1,1.0,user,"user,carts-db,rabbitmq,user-db,queue-master",1,1,1,1.0,user,"user,queue-master,carts,orders,catalogue-db",1,1,1,1.0,user,"user,queue-master,carts,orders,catalogue-db",1,1,1,1.0,user,"user,queue-master,carts-db,catalogue-db,catalogue",1,1,1,1.0,user,"user,queue-master,carts-db,carts,catalogue-db",1,1,1,1.0,user,"user,session-db,front-end,rabbitmq,payment",1,1,1,1.0,user,"user,queue-master,session-db,orders,front-end"
sockshop,cpu,user_cpu,5,user,14,19.8,1.42,1,1,1,1.0,user,"user,carts-db,queue-master,carts,shipping",1,1,1,1.0,user,"user,carts-db,queue-master,carts,shipping",1,1,1,1.0,user,"user,user-db,catalogue-db,payment,front-end",1,1,1,1.0,user,"user,user-db,payment,rabbitmq,front-end",1,1,1,1.0,user,"user,user-db,carts-db,payment,queue-master",1,1,1,1.0,user,"user,carts-db,user-db,payment,queue-master",1,1,1,1.0,user,"user,carts,session-db,payment,orders",1,1,1,1.0,user,"user,carts,session-db,orders,payment"
sockshop,mem,carts_mem,1,carts,13,20.0,1.54,0,0,1,0.6923,catalogue,"catalogue,carts-db,payment,user-db,carts",0,0,1,0.6923,catalogue,"catalogue,carts-db,user-db,payment,carts",1,1,1,1.0,carts,"carts,payment,catalogue,rabbitmq,front-end",1,1,1,1.0,carts,"carts,payment,catalogue,rabbitmq,carts-db",1,1,1,1.0,carts,"carts,payment,catalogue,rabbitmq,carts-db",1,1,1,1.0,carts,"carts,payment,catalogue,rabbitmq,carts-db",0,0,1,0.6923,shipping,"shipping,orders,session-db,user-db,carts",0,0,0,0.4615,shipping,"shipping,orders,session-db,catalogue,payment"
sockshop,mem,carts_mem,2,carts,14,23.0,1.64,0,1,1,0.8571,catalogue-db,"catalogue-db,carts-db,carts,orders-db,user-db",0,1,1,0.8571,catalogue-db,"catalogue-db,carts-db,carts,user-db,orders-db",1,1,1,1.0,carts,"carts,catalogue-db,orders,front-end,rabbitmq",1,1,1,1.0,carts,"carts,catalogue-db,carts-db,rabbitmq,orders-db",1,1,1,1.0,carts,"carts,catalogue-db,carts-db,session-db,orders-db",1,1,1,1.0,carts,"carts,catalogue-db,carts-db,orders-db,user-db",0,0,0,0.0714,catalogue-db,"catalogue-db,catalogue,payment,queue-master,orders",0,0,0,0.1429,catalogue-db,"catalogue-db,catalogue,payment,queue-master,rabbitmq"
sockshop,mem,carts_mem,3,carts,14,18.3,1.31,1,1,1,1.0,carts,"carts,catalogue-db,carts-db,orders-db,user",1,1,1,1.0,carts,"carts,catalogue-db,carts-db,orders-db,user",1,1,1,1.0,carts,"carts,rabbitmq,shipping,front-end,catalogue",1,1,1,1.0,carts,"carts,rabbitmq,shipping,catalogue,catalogue-db",1,1,1,1.0,carts,"carts,rabbitmq,shipping,catalogue-db,carts-db",1,1,1,1.0,carts,"carts,rabbitmq,shipping,catalogue-db,carts-db",0,0,0,0.0714,catalogue,"catalogue,session-db,rabbitmq,payment,catalogue-db",0,0,0,0.2857,catalogue,"catalogue,payment,rabbitmq,session-db,catalogue-db"
sockshop,mem,carts_mem,4,carts,14,20.8,1.49,0,1,1,0.8571,carts-db,"carts-db,catalogue-db,carts,rabbitmq,payment",0,1,1,0.8571,carts-db,"carts-db,catalogue-db,carts,payment,rabbitmq",1,1,1,1.0,carts,"carts,catalogue-db,payment,rabbitmq,front-end",1,1,1,1.0,carts,"carts,catalogue-db,payment,rabbitmq,carts-db",1,1,1,1.0,carts,"carts,catalogue-db,payment,rabbitmq,carts-db",1,1,1,1.0,carts,"carts,catalogue-db,payment,rabbitmq,carts-db",0,0,0,0.5714,shipping,"shipping,catalogue-db,catalogue,queue-master,orders",0,0,0,0.5714,shipping,"shipping,catalogue-db,catalogue,queue-master,orders"
sockshop,mem,carts_mem,5,carts,13,20.3,1.56,1,1,1,1.0,carts,"carts,user,orders-db,carts-db,queue-master",0,1,1,0.9231,user,"user,carts,orders-db,orders,queue-master",1,1,1,1.0,carts,"carts,payment,queue-master,rabbitmq,user-db",1,1,1,1.0,carts,"carts,payment,rabbitmq,user-db,queue-master",1,1,1,1.0,carts,"carts,payment,queue-master,carts-db,user",1,1,1,1.0,carts,"carts,payment,queue-master,carts-db,user",0,0,0,0.2308,session-db,"session-db,catalogue,user,shipping,orders",0,0,0,0.4615,catalogue,"catalogue,user,shipping,orders,payment"
sockshop,mem,catalogue_mem,1,catalogue,13,18.3,1.41,0,0,1,0.7692,payment,"payment,rabbitmq,carts-db,catalogue,user-db",0,0,1,0.7692,payment,"payment,rabbitmq,carts-db,catalogue,user-db",1,1,1,1.0,catalogue,"catalogue,payment,rabbitmq,session-db,carts-db",1,1,1,1.0,catalogue,"catalogue,payment,rabbitmq,carts-db,shipping",1,1,1,1.0,catalogue,"catalogue,payment,rabbitmq,session-db,carts-db",1,1,1,1.0,catalogue,"catalogue,payment,rabbitmq,carts-db,carts",0,0,0,0.2308,payment,"payment,user,shipping,queue-master,session-db",0,0,0,0.1538,payment,"payment,user,shipping,queue-master,session-db"
sockshop,mem,catalogue_mem,2,catalogue,14,22.0,1.57,0,1,1,0.9286,user,"user,catalogue,catalogue-db,queue-master,payment",0,1,1,0.9286,user,"user,catalogue,catalogue-db,queue-master,rabbitmq",1,1,1,1.0,catalogue,"catalogue,catalogue-db,orders,queue-master,front-end",1,1,1,1.0,catalogue,"catalogue,catalogue-db,orders,queue-master,rabbitmq",1,1,1,1.0,catalogue,"catalogue,catalogue-db,payment,rabbitmq,user",1,1,1,1.0,catalogue,"catalogue,catalogue-db,payment,rabbitmq,user",0,0,0,0.2857,session-db,"session-db,shipping,user,catalogue-db,orders",0,0,0,0.3571,session-db,"session-db,shipping,user,catalogue-db,queue-master"
sockshop,mem,catalogue_mem,3,catalogue,13,19.5,1.5,1,1,1,1.0,catalogue,"catalogue,carts,shipping,orders-db,user-db",1,1,1,1.0,catalogue,"catalogue,carts,shipping,orders-db,user-db",1,1,1,1.0,catalogue,"catalogue,queue-master,payment,rabbitmq,user",1,1,1,1.0,catalogue,"catalogue,queue-master,payment,rabbitmq,user",1,1,1,1.0,catalogue,"catalogue,carts,queue-master,payment,orders-db",1,1,1,1.0,catalogue,"catalogue,carts,queue-master,payment,orders-db",0,0,0,0.3846,session-db,"session-db,rabbitmq,user,front-end,carts",0,0,1,0.7692,session-db,"session-db,rabbitmq,queue-master,catalogue,payment"
sockshop,mem,catalogue_mem,4,catalogue,14,20.5,1.46,0,1,1,0.9286,catalogue-db,"catalogue-db,catalogue,carts-db,queue-master,rabbitmq",0,1,1,0.9286,catalogue-db,"catalogue-db,catalogue,carts-db,queue-master,rabbitmq",1,1,1,1.0,catalogue,"catalogue,catalogue-db,rabbitmq,payment,carts-db",1,1,1,1.0,catalogue,"catalogue,catalogue-db,rabbitmq,payment,carts-db",1,1,1,1.0,catalogue,"catalogue,catalogue-db,rabbitmq,payment,carts-db",1,1,1,1.0,catalogue,"catalogue,catalogue-db,rabbitmq,payment,carts-db",0,0,0,0.5714,session-db,"session-db,orders,catalogue-db,shipping,user",0,0,0,0.4286,session-db,"session-db,orders,shipping,catalogue-db,user"
sockshop,mem,catalogue_mem,5,catalogue,12,17.7,1.47,0,1,1,0.9167,queue-master,"queue-master,catalogue,payment,carts,orders-db",0,1,1,0.9167,queue-master,"queue-master,catalogue,carts,orders-db,payment",1,1,1,1.0,catalogue,"catalogue,payment,orders,shipping,session-db",1,1,1,1.0,catalogue,"catalogue,orders,session-db,user,payment",1,1,1,1.0,catalogue,"catalogue,payment,queue-master,orders,user",1,1,1,1.0,catalogue,"catalogue,queue-master,orders,user,carts",0,1,1,0.8333,queue-master,"queue-master,session-db,catalogue,orders,front-end",0,1,1,0.8333,queue-master,"queue-master,orders,catalogue,user,session-db"
sockshop,mem,orders_mem,1,orders,14,21.9,1.56,1,1,1,1.0,orders,"orders,queue-master,orders-db,carts,catalogue-db",1,1,1,1.0,orders,"orders,queue-master,orders-db,carts,catalogue-db",1,1,1,1.0,orders,"orders,payment,catalogue-db,rabbitmq,front-end",1,1,1,1.0,orders,"orders,payment,catalogue-db,rabbitmq,user",1,1,1,1.0,orders,"orders,payment,catalogue-db,rabbitmq,orders-db",1,1,1,1.0,orders,"orders,payment,catalogue-db,rabbitmq,orders-db",0,0,0,0.5,shipping,"shipping,user,queue-master,session-db,carts",0,0,0,0.0714,shipping,"shipping,user,queue-master,session-db,rabbitmq"
sockshop,mem,orders_mem,2,orders,13,17.9,1.38,0,1,1,0.9231,payment,"payment,orders,rabbitmq,user-db,catalogue",0,1,1,0.9231,payment,"payment,orders,rabbitmq,user-db,queue-master",1,1,1,1.0,orders,"orders,front-end,queue-master,rabbitmq,session-db",1,1,1,1.0,orders,"orders,user-db,rabbitmq,payment,carts-db",1,1,1,1.0,orders,"orders,rabbitmq,payment,queue-master,session-db",1,1,1,1.0,orders,"orders,rabbitmq,payment,queue-master,front-end",0,0,0,0.0769,user,"user,session-db,payment,shipping,carts-db",0,0,0,0.4615,user,"user,session-db,payment,shipping,carts-db"
sockshop,mem,orders_mem,3,orders,14,17.6,1.26,0,0,1,0.7143,shipping,"shipping,carts-db,queue-master,payment,orders",0,0,1,0.7143,shipping,"shipping,carts-db,queue-master,payment,orders",1,1,1,1.0,orders,"orders,payment,shipping,rabbitmq,queue-master",1,1,1,1.0,orders,"orders,payment,shipping,rabbitmq,queue-master",1,1,1,1.0,orders,"orders,payment,shipping,queue-master,rabbitmq",1,1,1,1.0,orders,"orders,payment,shipping,queue-master,rabbitmq",0,0,0,0.6429,catalogue-db,"catalogue-db,session-db,user,queue-master,carts-db",0,0,0,0.1429,session-db,"session-db,payment,user,carts-db,shipping"
sockshop,mem,orders_mem,4,orders,14,21.7,1.55,0,0,0,0.6429,catalogue-db,"catalogue-db,payment,carts,catalogue,user",0,0,0,0.6429,payment,"payment,catalogue-db,carts,catalogue,user",1,1,1,1.0,orders,"orders,payment,front-end,carts,user",1,1,1,1.0,orders,"orders,payment,rabbitmq,user-db,front-end",1,1,1,1.0,orders,"orders,payment,user,catalogue-db,carts",1,1,1,1.0,orders,"orders,payment,user,catalogue-db,carts",0,0,0,0.2143,payment,"payment,shipping,catalogue-db,session-db,queue-master",0,0,0,0.5,payment,"payment,shipping,catalogue-db,session-db,queue-master"
sockshop,mem,orders_mem,5,orders,14,21.2,1.51,1,1,1,1.0,orders,"orders,user,catalogue-db,carts-db,orders-db",1,1,1,1.0,orders,"orders,catalogue-db,user,carts-db,user-db",1,1,1,1.0,orders,"orders,catalogue-db,front-end,carts-db,session-db",1,1,1,1.0,orders,"orders,catalogue-db,queue-master,user-db,carts-db",1,1,1,1.0,orders,"orders,catalogue-db,catalogue,carts-db,user",1,1,1,1.0,orders,"orders,catalogue-db,carts-db,catalogue,user",0,0,0,0.2143,payment,"payment,user,shipping,front-end,session-db",0,0,0,0.2143,payment,"payment,user,shipping,catalogue,orders-db"
sockshop,mem,payment_mem,1,payment,14,18.5,1.32,0,0,0,0.6429,queue-master,"queue-master,shipping,orders,orders-db,user-db",0,0,0,0.6429,queue-master,"queue-master,shipping,orders,orders-db,user-db",1,1,1,1.0,payment,"payment,user,queue-master,catalogue,front-end",1,1,1,1.0,payment,"payment,user,queue-master,session-db,catalogue",1,1,1,1.0,payment,"payment,queue-master,user,shipping,user-db",1,1,1,1.0,payment,"payment,queue-master,user,shipping,user-db",0,0,0,0.3571,session-db,"session-db,catalogue-db,rabbitmq,orders,catalogue",0,0,1,0.7143,catalogue-db,"catalogue-db,rabbitmq,session-db,orders,payment"
sockshop,mem,payment_mem,2,payment,14,20.1,1.43,0,1,1,0.9286,shipping,"shipping,payment,carts,user-db,orders",0,1,1,0.9286,shipping,"shipping,payment,carts,orders,user-db",1,1,1,1.0,payment,"payment,shipping,catalogue-db,orders,queue-master",1,1,1,1.0,payment,"payment,shipping,catalogue-db,orders,queue-master",1,1,1,1.0,payment,"payment,shipping,catalogue-db,carts,front-end",1,1,1,1.0,payment,"payment,shipping,carts,catalogue-db,front-end",0,0,0,0.1429,user,"user,rabbitmq,shipping,orders,carts",0,0,0,0.0714,user,"user,rabbitmq,shipping,catalogue,orders"
sockshop,mem,payment_mem,3,payment,13,18.3,1.41,0,0,0,0.6154,user,"user,carts-db,carts,orders-db,user-db",0,0,0,0.6154,user,"user,carts-db,carts,user-db,orders-db",1,1,1,1.0,payment,"payment,session-db,queue-master,carts-db,user-db",1,1,1,1.0,payment,"payment,session-db,carts-db,user-db,queue-master",1,1,1,1.0,payment,"payment,session-db,user,carts-db,user-db",1,1,1,1.0,payment,"payment,user,session-db,carts-db,user-db",0,0,0,0.2308,shipping,"shipping,user,rabbitmq,carts,catalogue",0,0,1,0.7692,shipping,"shipping,user,rabbitmq,payment,carts"
sockshop,mem,payment_mem,4,payment,13,17.7,1.36,0,0,1,0.7692,orders,"orders,carts,user-db,payment,user",0,0,1,0.7692,orders,"orders,carts,user-db,payment,orders-db",1,1,1,1.0,payment,"payment,front-end,session-db,orders,carts-db",1,1,1,1.0,payment,"payment,carts-db,front-end,rabbitmq,user-db",1,1,1,1.0,payment,"payment,orders,user,user-db,carts",1,1,1,1.0,payment,"payment,orders,user-db,carts,carts-db",0,0,0,0.2308,shipping,"shipping,user,orders,queue-master,carts",0,0,0,0.3077,shipping,"shipping,user,orders,queue-master,carts"
sockshop,mem,payment_mem,5,payment,14,22.5,1.61,0,0,1,0.7857,rabbitmq,"rabbitmq,carts,orders-db,payment,user-db",0,0,0,0.6429,rabbitmq,"rabbitmq,carts,orders-db,user-db,shipping",1,1,1,1.0,payment,"payment,session-db,shipping,orders,catalogue",1,1,1,1.0,payment,"payment,shipping,session-db,orders,catalogue",1,1,1,1.0,payment,"payment,session-db,shipping,orders,queue-master",1,1,1,1.0,payment,"payment,shipping,orders,session-db,queue-master",0,0,0,0.2857,rabbitmq,"rabbitmq,catalogue,user,catalogue-db,carts-db",0,0,0,0.5,rabbitmq,"rabbitmq,catalogue,user,catalogue-db,session-db"
sockshop,mem,user_mem,1,user,14,22.8,1.63,0,0,1,0.7857,catalogue,"catalogue,user-db,catalogue-db,user,orders",0,1,1,0.8571,catalogue,"catalogue,user-db,user,orders,catalogue-db",1,1,1,1.0,user,"user,catalogue,rabbitmq,front-end,orders",1,1,1,1.0,user,"user,catalogue,rabbitmq,user-db,catalogue-db",1,1,1,1.0,user,"user,catalogue,rabbitmq,catalogue-db,user-db",1,1,1,1.0,user,"user,catalogue,rabbitmq,user-db,catalogue-db",0,0,0,0.5,catalogue-db,"catalogue-db,catalogue,payment,user-db,shipping",0,0,0,0.4286,catalogue-db,"catalogue-db,catalogue,payment,user-db,carts"
sockshop,mem,user_mem,2,user,13,17.4,1.34,0,0,1,0.6923,rabbitmq,"rabbitmq,carts,carts-db,user-db,user",0,0,0,0.6154,rabbitmq,"rabbitmq,carts,carts-db,user-db,queue-master",1,1,1,1.0,user,"user,payment,orders,catalogue,carts-db",1,1,1,1.0,user,"user,payment,orders,carts-db,catalogue",1,1,1,1.0,user,"user,payment,orders,rabbitmq,user-db",1,1,1,1.0,user,"user,payment,orders,rabbitmq,user-db",0,0,0,0.3846,rabbitmq,"rabbitmq,session-db,carts-db,carts,queue-master",0,0,0,0.4615,rabbitmq,"rabbitmq,carts-db,carts,session-db,queue-master"
sockshop,mem,user_mem,3,user,14,21.5,1.53,0,0,1,0.7857,catalogue-db,"catalogue-db,catalogue,user-db,user,orders",0,0,1,0.7143,catalogue,"catalogue,catalogue-db,user-db,orders,user",1,1,1,1.0,user,"user,catalogue-db,shipping,rabbitmq,front-end",1,1,1,1.0,user,"user,catalogue-db,rabbitmq,carts-db,user-db",1,1,1,1.0,user,"user,catalogue-db,user-db,catalogue,carts-db",1,1,1,1.0,user,"user,catalogue-db,user-db,catalogue,carts-db",0,0,0,0.0714,catalogue-db,"catalogue-db,shipping,orders,queue-master,catalogue",0,0,0,0.3571,catalogue-db,"catalogue-db,shipping,orders,queue-master,catalogue"
sockshop,mem,user_mem,4,user,14,21.7,1.55,0,1,1,0.8571,user-db,"user-db,carts-db,user,carts,payment",0,0,0,0.6429,user-db,"user-db,carts-db,carts,payment,orders-db",1,1,1,1.0,user,"user,catalogue-db,payment,shipping,carts-db",1,1,1,1.0,user,"user,payment,shipping,catalogue-db,carts-db",1,1,1,1.0,user,"user,payment,catalogue-db,shipping,carts-db",1,1,1,1.0,user,"user,payment,shipping,carts-db,carts",0,0,0,0.1429,rabbitmq,"rabbitmq,session-db,catalogue,payment,user-db",0,0,0,0.2857,rabbitmq,"rabbitmq,catalogue,user-db,carts,payment"
sockshop,mem,user_mem,5,user,14,18.1,1.29,0,0,0,0.5,catalogue-db,"catalogue-db,user-db,carts-db,rabbitmq,payment",0,0,0,0.5,catalogue-db,"catalogue-db,user-db,carts-db,rabbitmq,payment",0,0,0,0.2143,shipping,"shipping,payment,catalogue-db,user-db,queue-master",0,0,0,0.0714,shipping,"shipping,payment,catalogue-db,user-db,queue-master",0,0,0,0.2143,catalogue-db,"catalogue-db,shipping,payment,user-db,queue-master",0,0,0,0.2857,catalogue-db,"catalogue-db,shipping,payment,user-db,queue-master",0,1,1,0.8571,front-end,"front-end,catalogue-db,user,session-db,orders",0,1,1,0.9286,front-end,"front-end,user,catalogue-db,queue-master,shipping"
sockshop,delay,carts_delay,1,carts,8,12.2,1.52,1,1,1,1.0,carts,"carts,front-end,orders,queue-master,user",1,1,1,1.0,carts,"carts,front-end,orders,queue-master,user",0,1,1,0.875,orders,"orders,carts,front-end,queue-master,catalogue",0,1,1,0.875,orders,"orders,carts,front-end,queue-master,shipping",0,1,1,0.875,orders,"orders,carts,front-end,queue-master,user",0,1,1,0.875,orders,"orders,carts,front-end,queue-master,user",1,1,1,1.0,carts,"carts,orders,front-end,payment,user",1,1,1,1.0,carts,"carts,orders,front-end,queue-master,user"
sockshop,delay,carts_delay,2,carts,8,12.4,1.55,0,1,1,0.875,orders,"orders,carts,front-end,shipping,user",0,1,1,0.875,orders,"orders,carts,front-end,shipping,user",1,1,1,1.0,carts,"carts,front-end,orders,payment,user",1,1,1,1.0,carts,"carts,front-end,orders,user,payment",1,1,1,1.0,carts,"carts,front-end,orders,payment,shipping",1,1,1,1.0,carts,"carts,front-end,orders,payment,shipping",1,1,1,1.0,carts,"carts,orders,shipping,front-end,queue-master",1,1,1,1.0,carts,"carts,orders,shipping,front-end,catalogue"
sockshop,delay,carts_delay,3,carts,8,12.3,1.54,0,1,1,0.75,orders,"orders,payment,carts,front-end,user",0,1,1,0.75,payment,"payment,orders,carts,front-end,user",0,1,1,0.875,orders,"orders,carts,front-end,queue-master,shipping",0,1,1,0.875,orders,"orders,carts,front-end,queue-master,shipping",0,1,1,0.875,orders,"orders,carts,front-end,payment,queue-master",0,1,1,0.875,orders,"orders,carts,front-end,payment,queue-master",1,1,1,1.0,carts,"carts,orders,front-end,payment,user",1,1,1,1.0,carts,"carts,orders,front-end,payment,user"
sockshop,delay,carts_delay,4,carts,7,9.7,1.39,0,0,1,0.5714,orders,"orders,shipping,front-end,carts,catalogue",0,0,1,0.5714,orders,"orders,shipping,front-end,carts,catalogue",1,1,1,1.0,carts,"carts,front-end,orders,payment,catalogue",1,1,1,1.0,carts,"carts,front-end,orders,payment,catalogue",1,1,1,1.0,carts,"carts,front-end,orders,shipping,payment",1,1,1,1.0,carts,"carts,front-end,orders,shipping,payment",1,1,1,1.0,carts,"carts,orders,front-end,shipping,catalogue",1,1,1,1.0,carts,"carts,orders,front-end,shipping,catalogue"
sockshop,delay,carts_delay,5,carts,8,11.5,1.44,0,0,1,0.625,payment,"payment,queue-master,orders,carts,front-end",0,0,1,0.625,payment,"payment,queue-master,orders,carts,front-end",1,1,1,1.0,carts,"carts,orders,front-end,queue-master,shipping",1,1,1,1.0,carts,"carts,orders,front-end,queue-master,shipping",1,1,1,1.0,carts,"carts,orders,front-end,queue-master,payment",1,1,1,1.0,carts,"carts,orders,front-end,queue-master,payment",1,1,1,1.0,carts,"carts,orders,front-end,catalogue,payment",1,1,1,1.0,carts,"carts,orders,front-end,catalogue,payment"
sockshop,delay,catalogue_delay,1,catalogue,8,12.2,1.52,0,1,1,0.875,front-end,"front-end,catalogue,user,orders,carts",0,1,1,0.875,front-end,"front-end,catalogue,user,orders,carts",1,1,1,1.0,catalogue,"catalogue,front-end,shipping,queue-master,payment",1,1,1,1.0,catalogue,"catalogue,front-end,shipping,queue-master,orders",1,1,1,1.0,catalogue,"catalogue,front-end,user,orders,queue-master",1,1,1,1.0,catalogue,"catalogue,front-end,user,orders,carts",0,0,1,0.625,orders,"orders,shipping,front-end,catalogue,carts",0,0,1,0.625,orders,"orders,shipping,front-end,catalogue,carts"
sockshop,delay,catalogue_delay,2,catalogue,8,12.1,1.52,0,1,1,0.75,front-end,"front-end,carts,catalogue,queue-master,shipping",0,1,1,0.75,front-end,"front-end,carts,catalogue,queue-master,shipping",1,1,1,1.0,catalogue,"catalogue,front-end,carts,orders,user",1,1,1,1.0,catalogue,"catalogue,front-end,carts,orders,user",1,1,1,1.0,catalogue,"catalogue,front-end,carts,orders,queue-master",1,1,1,1.0,catalogue,"catalogue,front-end,carts,orders,queue-master",0,1,1,0.875,front-end,"front-end,catalogue,queue-master,payment,user",0,1,1,0.875,front-end,"front-end,catalogue,shipping,carts,orders"
sockshop,delay,catalogue_delay,3,catalogue,8,11.9,1.49,0,1,1,0.875,front-end,"front-end,catalogue,carts,shipping,orders",0,1,1,0.75,front-end,"front-end,carts,catalogue,shipping,orders",1,1,1,1.0,catalogue,"catalogue,front-end,payment,shipping,orders",1,1,1,1.0,catalogue,"catalogue,front-end,orders,shipping,payment",1,1,1,1.0,catalogue,"catalogue,front-end,carts,shipping,orders",1,1,1,1.0,catalogue,"catalogue,front-end,carts,shipping,payment",0,0,1,0.625,orders,"orders,shipping,front-end,catalogue,user",0,0,1,0.625,orders,"orders,shipping,front-end,catalogue,user"
sockshop,delay,catalogue_delay,4,catalogue,8,10.7,1.34,0,1,1,0.875,front-end,"front-end,catalogue,carts,queue-master,orders",0,1,1,0.875,front-end,"front-end,catalogue,carts,queue-master,orders",1,1,1,1.0,catalogue,"catalogue,front-end,orders,carts,queue-master",1,1,1,1.0,catalogue,"catalogue,front-end,orders,carts,queue-master",1,1,1,1.0,catalogue,"catalogue,front-end,carts,orders,queue-master",1,1,1,1.0,catalogue,"catalogue,front-end,carts,orders,queue-master",0,1,1,0.875,front-end,"front-end,catalogue,payment,user,shipping",0,1,1,0.875,front-end,"front-end,catalogue,payment,orders,carts"
sockshop,delay,catalogue_delay,5,catalogue,8,12.3,1.53,0,0,1,0.625,front-end,"front-end,shipping,user,catalogue,carts",0,0,1,0.625,front-end,"front-end,shipping,user,catalogue,carts",1,1,1,1.0,catalogue,"catalogue,front-end,carts,payment,queue-master",1,1,1,1.0,catalogue,"catalogue,front-end,queue-master,carts,payment",1,1,1,1.0,catalogue,"catalogue,front-end,user,shipping,carts",1,1,1,1.0,catalogue,"catalogue,front-end,user,shipping,carts",0,0,1,0.5,orders,"orders,front-end,shipping,carts,catalogue",0,0,1,0.5,orders,"orders,front-end,shipping,carts,catalogue"
sockshop,delay,orders_delay,1,orders,8,11.7,1.47,1,1,1,1.0,orders,"orders,front-end,payment,carts,shipping",1,1,1,1.0,orders,"orders,front-end,payment,carts,shipping",1,1,1,1.0,orders,"orders,payment,front-end,carts,queue-master",1,1,1,1.0,orders,"orders,payment,front-end,carts,queue-master",1,1,1,1.0,orders,"orders,payment,front-end,carts,queue-master",1,1,1,1.0,orders,"orders,payment,front-end,carts,catalogue",0,0,1,0.625,front-end,"front-end,catalogue,payment,orders,user",0,0,0,0.125,front-end,"front-end,catalogue,payment,queue-master,carts"
sockshop,delay,orders_delay,2,orders,8,12.2,1.53,0,1,1,0.875,user,"user,orders,front-end,payment,carts",0,1,1,0.875,user,"user,orders,front-end,payment,carts",1,1,1,1.0,orders,"orders,payment,front-end,shipping,user",1,1,1,1.0,orders,"orders,payment,front-end,shipping,user",1,1,1,1.0,orders,"orders,payment,front-end,user,shipping",1,1,1,1.0,orders,"orders,payment,front-end,user,shipping",0,0,0,0.25,front-end,"front-end,user,shipping,payment,queue-master",0,0,0,0.125,front-end,"front-end,user,shipping,payment,carts"
sockshop,delay,orders_delay,3,orders,8,10.6,1.32,1,1,1,1.0,orders,"orders,front-end,user,carts,payment",1,1,1,1.0,orders,"orders,front-end,user,carts,payment",1,1,1,1.0,orders,"orders,payment,user,queue-master,front-end",1,1,1,1.0,orders,"orders,payment,user,queue-master,front-end",1,1,1,1.0,orders,"orders,payment,user,front-end,queue-master",1,1,1,1.0,orders,"orders,payment,queue-master,front-end,user",0,0,1,0.625,front-end,"front-end,payment,user,orders,catalogue",0,0,1,0.625,front-end,"front-end,payment,user,orders,queue-master"
sockshop,delay,orders_delay,4,orders,8,12.1,1.52,1,1,1,1.0,orders,"orders,front-end,payment,catalogue,carts",1,1,1,1.0,orders,"orders,front-end,payment,catalogue,carts",1,1,1,1.0,orders,"orders,payment,front-end,shipping,catalogue",1,1,1,1.0,orders,"orders,payment,front-end,shipping,queue-master",1,1,1,1.0,orders,"orders,payment,front-end,shipping,catalogue",1,1,1,1.0,orders,"orders,payment,front-end,catalogue,carts",0,0,0,0.25,queue-master,"queue-master,front-end,payment,shipping,user",0,0,0,0.25,front-end,"front-end,queue-master,payment,shipping,user"
sockshop,delay,orders_delay,5,orders,8,11.8,1.48,1,1,1,1.0,orders,"orders,front-end,payment,queue-master,carts",1,1,1,1.0,orders,"orders,front-end,payment,queue-master,carts",1,1,1,1.0,orders,"orders,payment,front-end,carts,queue-master",1,1,1,1.0,orders,"orders,payment,front-end,carts,queue-master",1,1,1,1.0,orders,"orders,payment,front-end,carts,queue-master",1,1,1,1.0,orders,"orders,payment,front-end,carts,queue-master",0,0,1,0.625,front-end,"front-end,payment,user,orders,shipping",0,0,0,0.25,front-end,"front-end,payment,user,carts,shipping"
sockshop,delay,payment_delay,1,payment,7,11.0,1.57,0,0,1,0.4286,shipping,"shipping,orders,front-end,user,payment",0,0,1,0.4286,shipping,"shipping,orders,front-end,user,payment",1,1,1,1.0,payment,"payment,carts,front-end,catalogue,shipping",1,1,1,1.0,payment,"payment,front-end,carts,user,catalogue",1,1,1,1.0,payment,"payment,front-end,orders,shipping,catalogue",1,1,1,1.0,payment,"payment,front-end,orders,shipping,catalogue",0,1,1,0.8571,orders,"orders,payment,shipping,front-end,catalogue",0,1,1,0.8571,orders,"orders,payment,shipping,front-end,catalogue"
sockshop,delay,payment_delay,2,payment,8,11.1,1.39,0,1,1,0.75,orders,"orders,front-end,payment,shipping,user",0,1,1,0.75,orders,"orders,front-end,payment,shipping,user",1,1,1,1.0,payment,"payment,orders,front-end,shipping,user",1,1,1,1.0,payment,"payment,orders,front-end,shipping,user",1,1,1,1.0,payment,"payment,front-end,orders,shipping,user",1,1,1,1.0,payment,"payment,front-end,orders,shipping,user",1,1,1,1.0,payment,"payment,orders,shipping,queue-master,front-end",1,1,1,1.0,payment,"payment,shipping,orders,front-end,user"
sockshop,delay,payment_delay,3,payment,8,10.6,1.32,0,1,1,0.875,front-end,"front-end,payment,carts,queue-master,orders",0,1,1,0.875,front-end,"front-end,payment,carts,queue-master,orders",1,1,1,1.0,payment,"payment,orders,carts,front-end,queue-master",1,1,1,1.0,payment,"payment,orders,carts,front-end,queue-master",1,1,1,1.0,payment,"payment,orders,carts,front-end,queue-master",1,1,1,1.0,payment,"payment,orders,carts,front-end,queue-master",1,1,1,1.0,payment,"payment,orders,front-end,queue-master,user",1,1,1,1.0,payment,"payment,orders,front-end,carts,catalogue"
sockshop,delay,payment_delay,4,payment,8,11.9,1.49,0,0,1,0.625,orders,"orders,shipping,front-end,payment,queue-master",0,0,1,0.625,orders,"orders,shipping,front-end,payment,carts",1,1,1,1.0,payment,"payment,orders,front-end,carts,user",1,1,1,1.0,payment,"payment,orders,front-end,queue-master,user",1,1,1,1.0,payment,"payment,orders,front-end,shipping,carts",1,1,1,1.0,payment,"payment,orders,front-end,shipping,carts",1,1,1,1.0,payment,"payment,orders,shipping,front-end,queue-master",1,1,1,1.0,payment,"payment,orders,shipping,front-end,queue-master"
sockshop,delay,payment_delay,5,payment,8,12.5,1.56,0,0,1,0.5,front-end,"front-end,orders,queue-master,carts,payment",0,0,1,0.5,front-end,"front-end,orders,queue-master,carts,payment",1,1,1,1.0,payment,"payment,orders,front-end,carts,queue-master",1,1,1,1.0,payment,"payment,orders,front-end,carts,queue-master",1,1,1,1.0,payment,"payment,orders,front-end,carts,queue-master",1,1,1,1.0,payment,"payment,orders,front-end,carts,queue-master",1,1,1,1.0,payment,"payment,orders,front-end,catalogue,shipping",1,1,1,1.0,payment,"payment,orders,front-end,carts,queue-master"
sockshop,delay,user_delay,1,user,8,12.0,1.5,0,1,1,0.75,orders,"orders,carts,user,front-end,catalogue",0,1,1,0.875,orders,"orders,user,carts,front-end,catalogue",1,1,1,1.0,user,"user,orders,front-end,carts,payment",1,1,1,1.0,user,"user,orders,front-end,carts,payment",1,1,1,1.0,user,"user,orders,front-end,carts,catalogue",1,1,1,1.0,user,"user,orders,front-end,carts,catalogue",0,1,1,0.875,orders,"orders,user,front-end,queue-master,shipping",0,1,1,0.875,orders,"orders,user,front-end,queue-master,shipping"
sockshop,delay,user_delay,2,user,8,11.0,1.37,0,0,1,0.625,orders,"orders,front-end,payment,user,shipping",0,0,1,0.625,orders,"orders,front-end,payment,user,shipping",1,1,1,1.0,user,"user,orders,front-end,shipping,queue-master",1,1,1,1.0,user,"user,orders,front-end,shipping,queue-master",1,1,1,1.0,user,"user,orders,front-end,shipping,payment",1,1,1,1.0,user,"user,orders,front-end,payment,shipping",0,1,1,0.875,orders,"orders,user,front-end,shipping,catalogue",0,1,1,0.875,orders,"orders,user,front-end,shipping,catalogue"
sockshop,delay,user_delay,3,user,8,12.2,1.52,0,0,1,0.625,orders,"orders,carts,queue-master,user,front-end",0,0,1,0.625,orders,"orders,carts,queue-master,user,front-end",1,1,1,1.0,user,"user,orders,front-end,payment,carts",1,1,1,1.0,user,"user,orders,front-end,payment,carts",1,1,1,1.0,user,"user,orders,front-end,queue-master,payment",1,1,1,1.0,user,"user,orders,front-end,queue-master,payment",0,1,1,0.875,orders,"orders,user,front-end,queue-master,carts",0,1,1,0.875,orders,"orders,user,front-end,carts,queue-master"
sockshop,delay,user_delay,4,user,8,12.1,1.51,0,0,1,0.625,orders,"orders,shipping,front-end,user,catalogue",0,0,1,0.625,orders,"orders,front-end,shipping,user,catalogue",1,1,1,1.0,user,"user,orders,front-end,queue-master,carts",1,1,1,1.0,user,"user,orders,front-end,queue-master,carts",1,1,1,1.0,user,"user,orders,front-end,shipping,catalogue",1,1,1,1.0,user,"user,orders,front-end,shipping,catalogue",0,1,1,0.875,orders,"orders,user,front-end,shipping,queue-master",0,1,1,0.875,orders,"orders,user,front-end,shipping,queue-master"
sockshop,delay,user_delay,5,user,8,11.8,1.47,0,0,1,0.625,front-end,"front-end,orders,queue-master,user,carts",0,0,1,0.625,front-end,"front-end,orders,queue-master,user,carts",1,1,1,1.0,user,"user,orders,front-end,carts,queue-master",1,1,1,1.0,user,"user,orders,front-end,carts,queue-master",1,1,1,1.0,user,"user,orders,front-end,carts,queue-master",1,1,1,1.0,user,"user,orders,front-end,carts,queue-master",0,1,1,0.875,orders,"orders,user,front-end,payment,shipping",0,1,1,0.875,orders,"orders,user,front-end,carts,queue-master"
sockshop,disk,carts_disk,1,carts,8,12.0,1.5,1,1,1,1.0,carts,"carts,catalogue,orders,front-end,payment",1,1,1,1.0,carts,"carts,catalogue,orders,front-end,payment",0,0,1,0.625,catalogue,"catalogue,orders,shipping,carts,user",0,0,1,0.625,catalogue,"catalogue,orders,shipping,carts,user",0,1,1,0.75,catalogue,"catalogue,orders,carts,shipping,user",0,1,1,0.75,catalogue,"catalogue,orders,carts,shipping,user",0,1,1,0.875,queue-master,"queue-master,carts,front-end,shipping,payment",0,1,1,0.875,queue-master,"queue-master,carts,user,catalogue,orders"
sockshop,disk,carts_disk,2,carts,8,10.6,1.32,1,1,1,1.0,carts,"carts,front-end,payment,shipping,orders",1,1,1,1.0,carts,"carts,front-end,payment,shipping,orders",0,1,1,0.75,orders,"orders,catalogue,carts,user,payment",0,1,1,0.75,orders,"orders,catalogue,carts,queue-master,user",0,1,1,0.75,orders,"orders,catalogue,carts,payment,shipping",0,1,1,0.75,orders,"orders,catalogue,carts,payment,shipping",1,1,1,1.0,carts,"carts,queue-master,orders,front-end,shipping",1,1,1,1.0,carts,"carts,queue-master,catalogue,orders,front-end"
sockshop,disk,carts_disk,3,carts,7,10.5,1.51,0,0,0,0.2857,payment,"payment,shipping,orders,catalogue,front-end",0,0,0,0.2857,payment,"payment,shipping,orders,catalogue,front-end",0,1,1,0.8571,orders,"orders,carts,catalogue,shipping,payment",0,1,1,0.8571,orders,"orders,carts,catalogue,shipping,payment",0,1,1,0.8571,orders,"orders,carts,catalogue,shipping,payment",0,1,1,0.8571,orders,"orders,carts,catalogue,shipping,payment",0,0,1,0.4286,orders,"orders,front-end,shipping,payment,carts",1,1,1,1.0,carts,"carts,orders,front-end,catalogue,user"
sockshop,disk,carts_disk,4,carts,8,11.7,1.46,0,1,1,0.875,orders,"orders,carts,catalogue,shipping,front-end",0,1,1,0.875,orders,"orders,carts,catalogue,shipping,front-end",0,1,1,0.875,orders,"orders,carts,catalogue,shipping,payment",0,1,1,0.875,orders,"orders,carts,catalogue,shipping,payment",0,1,1,0.875,orders,"orders,carts,catalogue,shipping,payment",0,1,1,0.875,orders,"orders,carts,catalogue,shipping,payment",0,1,1,0.875,orders,"orders,carts,queue-master,front-end,shipping",0,1,1,0.875,orders,"orders,carts,catalogue,payment,user"
sockshop,disk,carts_disk,5,carts,8,11.8,1.48,0,0,1,0.625,front-end,"front-end,shipping,orders,carts,payment",0,0,1,0.625,front-end,"front-end,orders,shipping,carts,payment",0,1,1,0.875,orders,"orders,carts,catalogue,shipping,front-end",0,1,1,0.875,orders,"orders,carts,catalogue,shipping,queue-master",0,1,1,0.875,orders,"orders,carts,catalogue,shipping,front-end",0,1,1,0.875,orders,"orders,carts,catalogue,shipping,front-end",1,1,1,1.0,carts,"carts,orders,queue-master,shipping,front-end",1,1,1,1.0,carts,"carts,orders,catalogue,payment,front-end"
sockshop,disk,catalogue_disk,1,catalogue,8,10.7,1.34,0,1,1,0.875,orders,"orders,catalogue,user,queue-master,shipping",0,1,1,0.875,orders,"orders,catalogue,user,queue-master,shipping",1,1,1,1.0,catalogue,"catalogue,user,payment,front-end,queue-master",1,1,1,1.0,catalogue,"catalogue,user,queue-master,payment,orders",1,1,1,1.0,catalogue,"catalogue,user,orders,queue-master,front-end",1,1,1,1.0,catalogue,"catalogue,user,orders,queue-master,front-end",1,1,1,1.0,catalogue,"catalogue,queue-master,shipping,carts,orders",1,1,1,1.0,catalogue,"catalogue,queue-master,user,shipping,carts"
sockshop,disk,catalogue_disk,2,catalogue,8,11.8,1.47,1,1,1,1.0,catalogue,"catalogue,orders,queue-master,shipping,carts",1,1,1,1.0,catalogue,"catalogue,orders,queue-master,shipping,carts",1,1,1,1.0,catalogue,"catalogue,orders,carts,front-end,queue-master",1,1,1,1.0,catalogue,"catalogue,orders,carts,queue-master,shipping",1,1,1,1.0,catalogue,"catalogue,orders,queue-master,carts,shipping",1,1,1,1.0,catalogue,"catalogue,orders,carts,queue-master,shipping",1,1,1,1.0,catalogue,"catalogue,user,payment,front-end,shipping",1,1,1,1.0,catalogue,"catalogue,user,orders,carts,queue-master"
sockshop,disk,catalogue_disk,3,catalogue,8,11.9,1.49,1,1,1,1.0,catalogue,"catalogue,orders,queue-master,shipping,payment",1,1,1,1.0,catalogue,"catalogue,orders,queue-master,shipping,payment",1,1,1,1.0,catalogue,"catalogue,payment,carts,front-end,user",1,1,1,1.0,catalogue,"catalogue,payment,orders,carts,queue-master",1,1,1,1.0,catalogue,"catalogue,payment,orders,queue-master,carts",1,1,1,1.0,catalogue,"catalogue,payment,orders,carts,user",1,1,1,1.0,catalogue,"catalogue,shipping,queue-master,payment,orders",1,1,1,1.0,catalogue,"catalogue,shipping,front-end,carts,user"
sockshop,disk,catalogue_disk,4,catalogue,8,12.4,1.55,0,0,1,0.5,shipping,"shipping,orders,queue-master,payment,catalogue",0,0,0,0.125,shipping,"shipping,carts,queue-master,orders,payment",0,1,1,0.75,queue-master,"queue-master,shipping,catalogue,orders,user",0,1,1,0.75,queue-master,"queue-master,shipping,catalogue,orders,payment",0,1,1,0.75,shipping,"shipping,queue-master,catalogue,orders,payment",0,1,1,0.75,queue-master,"queue-master,shipping,catalogue,orders,payment",0,0,0,0.125,front-end,"front-end,orders,carts,payment,user",0,0,0,0.25,front-end,"front-end,orders,carts,payment,user"
sockshop,disk,catalogue_disk,5,catalogue,8,12.8,1.6,0,1,1,0.875,front-end,"front-end,catalogue,user,carts,shipping",0,1,1,0.875,front-end,"front-end,catalogue,user,carts,shipping",1,1,1,1.0,catalogue,"catalogue,carts,front-end,orders,payment",1,1,1,1.0,catalogue,"catalogue,front-end,carts,orders,queue-master",1,1,1,1.0,catalogue,"catalogue,carts,front-end,user,orders",1,1,1,1.0,catalogue,"catalogue,carts,user,queue-master,shipping",0,0,0,0.25,front-end,"front-end,orders,queue-master,user,payment",0,0,0,0.125,queue-master,"queue-master,front-end,user,orders,carts"
sockshop,disk,orders_disk,1,orders,8,11.5,1.44,1,1,1,1.0,orders,"orders,catalogue,queue-master,carts,front-end",1,1,1,1.0,orders,"orders,catalogue,queue-master,carts,front-end",0,1,1,0.875,catalogue,"catalogue,orders,front-end,queue-master,shipping",0,1,1,0.875,catalogue,"catalogue,orders,queue-master,carts,payment",1,1,1,1.0,orders,"orders,catalogue,queue-master,front-end,carts",1,1,1,1.0,orders,"orders,catalogue,queue-master,front-end,carts",1,1,1,1.0,orders,"orders,carts,payment,user,front-end",1,1,1,1.0,orders,"orders,catalogue,carts,payment,user"
sockshop,disk,orders_disk,2,orders,7,11.6,1.65,0,1,1,0.8571,front-end,"front-end,orders,shipping,payment,catalogue",0,1,1,0.8571,front-end,"front-end,orders,shipping,payment,catalogue",1,1,1,1.0,orders,"orders,payment,catalogue,shipping,front-end",1,1,1,1.0,orders,"orders,payment,catalogue,carts,user",1,1,1,1.0,orders,"orders,payment,catalogue,shipping,front-end",1,1,1,1.0,orders,"orders,payment,catalogue,shipping,front-end",0,0,1,0.4286,front-end,"front-end,carts,user,shipping,orders",0,0,0,0.2857,front-end,"front-end,carts,catalogue,user,payment"
sockshop,disk,orders_disk,3,orders,8,12.5,1.57,0,1,1,0.875,front-end,"front-end,orders,payment,catalogue,shipping",0,1,1,0.875,front-end,"front-end,orders,payment,catalogue,shipping",1,1,1,1.0,orders,"orders,catalogue,payment,shipping,front-end",1,1,1,1.0,orders,"orders,catalogue,payment,queue-master,carts",1,1,1,1.0,orders,"orders,catalogue,payment,front-end,shipping",1,1,1,1.0,orders,"orders,catalogue,payment,front-end,shipping",1,1,1,1.0,orders,"orders,front-end,carts,queue-master,shipping",1,1,1,1.0,orders,"orders,front-end,payment,catalogue,carts"
sockshop,disk,orders_disk,4,orders,8,12.6,1.57,0,1,1,0.875,front-end,"front-end,orders,payment,catalogue,queue-master",0,1,1,0.875,front-end,"front-end,orders,payment,catalogue,carts",1,1,1,1.0,orders,"orders,payment,catalogue,carts,shipping",1,1,1,1.0,orders,"orders,payment,catalogue,queue-master,carts",1,1,1,1.0,orders,"orders,payment,catalogue,front-end,carts",1,1,1,1.0,orders,"orders,payment,catalogue,front-end,carts",0,1,1,0.75,queue-master,"queue-master,front-end,orders,carts,shipping",0,0,0,0.25,front-end,"front-end,queue-master,catalogue,payment,shipping"
sockshop,disk,orders_disk,5,orders,8,11.5,1.44,0,1,1,0.75,front-end,"front-end,payment,orders,catalogue,user",0,1,1,0.75,front-end,"front-end,payment,orders,catalogue,user",1,1,1,1.0,orders,"orders,catalogue,payment,front-end,carts",1,1,1,1.0,orders,"orders,catalogue,payment,front-end,carts",1,1,1,1.0,orders,"orders,catalogue,payment,front-end,carts",1,1,1,1.0,orders,"orders,catalogue,payment,front-end,carts",1,1,1,1.0,orders,"orders,queue-master,front-end,shipping,user",1,1,1,1.0,orders,"orders,queue-master,front-end,catalogue,shipping"
sockshop,disk,payment_disk,1,payment,8,11.5,1.44,0,1,1,0.875,orders,"orders,payment,shipping,carts,catalogue",0,1,1,0.875,orders,"orders,payment,shipping,carts,front-end",1,1,1,1.0,payment,"payment,orders,shipping,carts,front-end",1,1,1,1.0,payment,"payment,orders,shipping,carts,front-end",1,1,1,1.0,payment,"payment,orders,shipping,carts,front-end",1,1,1,1.0,payment,"payment,orders,shipping,carts,front-end",0,1,1,0.875,orders,"orders,payment,front-end,shipping,user",0,0,0,0.375,orders,"orders,carts,catalogue,front-end,shipping"
sockshop,disk,payment_disk,2,payment,8,13.1,1.64,0,1,1,0.875,front-end,"front-end,payment,orders,user,carts",0,1,1,0.875,front-end,"front-end,payment,orders,user,carts",1,1,1,1.0,payment,"payment,orders,front-end,catalogue,shipping",1,1,1,1.0,payment,"payment,orders,front-end,carts,user",1,1,1,1.0,payment,"payment,orders,front-end,catalogue,user",1,1,1,1.0,payment,"payment,orders,front-end,catalogue,user",1,1,1,1.0,payment,"payment,user,orders,carts,front-end",1,1,1,1.0,payment,"payment,user,orders,carts,front-end"
sockshop,disk,payment_disk,3,payment,8,12.1,1.52,0,1,1,0.875,orders,"orders,payment,front-end,user,shipping",0,1,1,0.875,orders,"orders,payment,front-end,user,shipping",1,1,1,1.0,payment,"payment,orders,front-end,catalogue,carts",1,1,1,1.0,payment,"payment,orders,front-end,catalogue,carts",1,1,1,1.0,payment,"payment,orders,front-end,catalogue,carts",1,1,1,1.0,payment,"payment,orders,front-end,catalogue,carts",0,1,1,0.875,queue-master,"queue-master,payment,catalogue,front-end,user",0,0,0,0.125,queue-master,"queue-master,orders,user,carts,front-end"
sockshop,disk,payment_disk,4,payment,8,12.4,1.54,0,1,1,0.75,user,"user,front-end,payment,orders,queue-master",0,1,1,0.75,user,"user,front-end,payment,orders,carts",1,1,1,1.0,payment,"payment,orders,front-end,catalogue,shipping",1,1,1,1.0,payment,"payment,orders,front-end,catalogue,queue-master",1,1,1,1.0,payment,"payment,orders,front-end,user,catalogue",1,1,1,1.0,payment,"payment,orders,front-end,user,catalogue",0,1,1,0.875,queue-master,"queue-master,payment,shipping,orders,user",0,1,1,0.875,queue-master,"queue-master,payment,shipping,orders,user"
sockshop,disk,payment_disk,5,payment,8,11.1,1.39,0,1,1,0.75,front-end,"front-end,orders,payment,user,shipping",0,1,1,0.75,front-end,"front-end,orders,payment,user,shipping",1,1,1,1.0,payment,"payment,orders,shipping,catalogue,user",1,1,1,1.0,payment,"payment,orders,shipping,catalogue,queue-master",1,1,1,1.0,payment,"payment,orders,shipping,user,front-end",1,1,1,1.0,payment,"payment,orders,shipping,user,front-end",1,1,1,1.0,payment,"payment,orders,front-end,user,catalogue",1,1,1,1.0,payment,"payment,orders,shipping,front-end,user"
sockshop,disk,user_disk,1,user,8,12.8,1.6,0,0,1,0.5,orders,"orders,catalogue,payment,front-end,user",0,0,1,0.5,orders,"orders,catalogue,payment,front-end,user",1,1,1,1.0,user,"user,orders,front-end,catalogue,payment",1,1,1,1.0,user,"user,orders,front-end,catalogue,payment",1,1,1,1.0,user,"user,orders,front-end,catalogue,payment",1,1,1,1.0,user,"user,orders,front-end,catalogue,payment",1,1,1,1.0,user,"user,queue-master,carts,front-end,orders",1,1,1,1.0,user,"user,queue-master,payment,catalogue,front-end"
sockshop,disk,user_disk,2,user,8,12.4,1.55,0,1,1,0.75,orders,"orders,front-end,user,payment,catalogue",0,1,1,0.75,orders,"orders,front-end,user,payment,catalogue",1,1,1,1.0,user,"user,front-end,payment,catalogue,carts",1,1,1,1.0,user,"user,front-end,payment,catalogue,carts",1,1,1,1.0,user,"user,front-end,payment,catalogue,carts",1,1,1,1.0,user,"user,front-end,payment,catalogue,carts",1,1,1,1.0,user,"user,queue-master,front-end,orders,shipping",1,1,1,1.0,user,"user,queue-master,carts,catalogue,front-end"
sockshop,disk,user_disk,3,user,7,10.6,1.51,1,1,1,1.0,user,"user,front-end,payment,orders,catalogue",1,1,1,1.0,user,"user,front-end,payment,orders,catalogue",1,1,1,1.0,user,"user,front-end,orders,catalogue,payment",1,1,1,1.0,user,"user,front-end,orders,catalogue,payment",1,1,1,1.0,user,"user,front-end,orders,catalogue,payment",1,1,1,1.0,user,"user,front-end,orders,catalogue,payment",1,1,1,1.0,user,"user,front-end,carts,orders,payment",1,1,1,1.0,user,"user,front-end,catalogue,payment,carts"
sockshop,disk,user_disk,4,user,7,10.3,1.46,0,0,1,0.5714,front-end,"front-end,payment,catalogue,user,shipping",0,0,1,0.5714,front-end,"front-end,payment,catalogue,user,shipping",1,1,1,1.0,user,"user,catalogue,payment,front-end,orders",1,1,1,1.0,user,"user,catalogue,payment,front-end,orders",1,1,1,1.0,user,"user,catalogue,payment,front-end,shipping",1,1,1,1.0,user,"user,catalogue,payment,front-end,shipping",1,1,1,1.0,user,"user,front-end,orders,shipping,carts",1,1,1,1.0,user,"user,front-end,shipping,orders,catalogue"
sockshop,disk,user_disk,5,user,8,10.8,1.35,0,1,1,0.875,front-end,"front-end,user,payment,shipping,catalogue",0,1,1,0.875,front-end,"front-end,user,payment,shipping,catalogue",1,1,1,1.0,user,"user,catalogue,payment,shipping,orders",1,1,1,1.0,user,"user,catalogue,payment,queue-master,shipping",1,1,1,1.0,user,"user,catalogue,payment,front-end,shipping",1,1,1,1.0,user,"user,catalogue,payment,front-end,shipping",1,1,1,1.0,user,"user,front-end,queue-master,carts,orders",1,1,1,1.0,user,"user,queue-master,front-end,catalogue,carts"
sockshop,loss,carts_loss,1,carts,8,11.6,1.45,0,1,1,0.875,payment,"payment,carts,orders,front-end,user",0,1,1,0.875,payment,"payment,carts,front-end,orders,user",1,1,1,1.0,carts,"carts,orders,front-end,payment,catalogue",1,1,1,1.0,carts,"carts,orders,front-end,payment,shipping",1,1,1,1.0,carts,"carts,orders,front-end,payment,user",1,1,1,1.0,carts,"carts,orders,front-end,payment,user",1,1,1,1.0,carts,"carts,front-end,orders,shipping,payment",1,1,1,1.0,carts,"carts,front-end,orders,payment,shipping"
sockshop,loss,carts_loss,2,carts,8,11.8,1.47,0,0,1,0.5,orders,"orders,front-end,user,shipping,carts",0,0,1,0.5,orders,"orders,front-end,user,shipping,carts",1,1,1,1.0,carts,"carts,front-end,orders,shipping,payment",1,1,1,1.0,carts,"carts,front-end,orders,shipping,queue-master",1,1,1,1.0,carts,"carts,front-end,orders,shipping,payment",1,1,1,1.0,carts,"carts,front-end,orders,payment,user",0,1,1,0.875,shipping,"shipping,carts,user,orders,catalogue",0,1,1,0.875,shipping,"shipping,carts,user,catalogue,front-end"
sockshop,loss,carts_loss,3,carts,8,12.0,1.5,1,1,1,1.0,carts,"carts,front-end,orders,queue-master,shipping",1,1,1,1.0,carts,"carts,front-end,orders,queue-master,shipping",0,1,1,0.875,orders,"orders,carts,front-end,shipping,catalogue",0,1,1,0.875,orders,"orders,carts,front-end,shipping,catalogue",0,1,1,0.875,orders,"orders,carts,front-end,shipping,queue-master",0,1,1,0.875,orders,"orders,carts,front-end,shipping,queue-master",0,1,1,0.875,front-end,"front-end,carts,orders,payment,user",0,1,1,0.875,front-end,"front-end,carts,shipping,orders,catalogue"
sockshop,loss,carts_loss,4,carts,8,10.8,1.36,0,1,1,0.75,orders,"orders,front-end,carts,shipping,queue-master",0,1,1,0.75,orders,"orders,front-end,carts,shipping,queue-master",1,1,1,1.0,carts,"carts,front-end,orders,user,payment",1,1,1,1.0,carts,"carts,front-end,orders,catalogue,shipping",1,1,1,1.0,carts,"carts,front-end,orders,shipping,queue-master",1,1,1,1.0,carts,"carts,front-end,orders,shipping,payment",0,1,1,0.875,shipping,"shipping,carts,orders,front-end,catalogue",0,1,1,0.75,shipping,"shipping,orders,carts,front-end,catalogue"
sockshop,loss,carts_loss,5,carts,8,12.6,1.57,0,1,1,0.75,orders,"orders,front-end,carts,catalogue,queue-master",0,1,1,0.75,orders,"orders,front-end,carts,catalogue,shipping",1,1,1,1.0,carts,"carts,orders,front-end,payment,shipping",1,1,1,1.0,carts,"carts,orders,front-end,payment,shipping",1,1,1,1.0,carts,"carts,orders,front-end,queue-master,catalogue",1,1,1,1.0,carts,"carts,orders,front-end,catalogue,shipping",0,0,1,0.625,queue-master,"queue-master,orders,front-end,carts,catalogue",0,1,1,0.75,queue-master,"queue-master,orders,carts,front-end,catalogue"
sockshop,loss,catalogue_loss,1,catalogue,8,12.6,1.57,0,1,1,0.875,front-end,"front-end,catalogue,queue-master,carts,user",0,1,1,0.875,front-end,"front-end,catalogue,carts,queue-master,user",1,1,1,1.0,catalogue,"catalogue,front-end,carts,queue-master,shipping",1,1,1,1.0,catalogue,"catalogue,front-end,carts,queue-master,orders",1,1,1,1.0,catalogue,"catalogue,front-end,carts,queue-master,user",1,1,1,1.0,catalogue,"catalogue,front-end,carts,queue-master,user",1,1,1,1.0,catalogue,"catalogue,front-end,payment,user,shipping",1,1,1,1.0,catalogue,"catalogue,front-end,shipping,carts,queue-master"
sockshop,loss,catalogue_loss,2,catalogue,8,13.1,1.63,0,1,1,0.75,front-end,"front-end,carts,catalogue,shipping,user",0,1,1,0.75,front-end,"front-end,carts,catalogue,shipping,user",1,1,1,1.0,catalogue,"catalogue,shipping,front-end,user,orders",1,1,1,1.0,catalogue,"catalogue,shipping,front-end,user,payment",1,1,1,1.0,catalogue,"catalogue,front-end,shipping,user,orders",1,1,1,1.0,catalogue,"catalogue,front-end,shipping,carts,orders",0,0,1,0.625,orders,"orders,shipping,user,catalogue,carts",0,1,1,0.75,orders,"orders,shipping,catalogue,front-end,user"
sockshop,loss,catalogue_loss,3,catalogue,8,12.2,1.52,0,1,1,0.75,front-end,"front-end,carts,catalogue,shipping,queue-master",0,1,1,0.75,front-end,"front-end,carts,catalogue,shipping,queue-master",1,1,1,1.0,catalogue,"catalogue,orders,user,front-end,carts",1,1,1,1.0,catalogue,"catalogue,orders,user,front-end,carts",1,1,1,1.0,catalogue,"catalogue,front-end,orders,user,carts",1,1,1,1.0,catalogue,"catalogue,front-end,user,orders,carts",1,1,1,1.0,catalogue,"catalogue,front-end,shipping,payment,queue-master",1,1,1,1.0,catalogue,"catalogue,front-end,shipping,orders,user"
sockshop,loss,catalogue_loss,4,catalogue,8,10.6,1.33,0,0,1,0.5,front-end,"front-end,carts,shipping,orders,catalogue",0,0,1,0.5,front-end,"front-end,carts,shipping,orders,catalogue",1,1,1,1.0,catalogue,"catalogue,shipping,carts,queue-master,payment",1,1,1,1.0,catalogue,"catalogue,queue-master,shipping,front-end,user",1,1,1,1.0,catalogue,"catalogue,carts,front-end,shipping,orders",1,1,1,1.0,catalogue,"catalogue,front-end,carts,orders,payment",0,0,1,0.625,orders,"orders,shipping,user,catalogue,front-end",0,0,1,0.5,orders,"orders,shipping,user,front-end,catalogue"
sockshop,loss,catalogue_loss,5,catalogue,8,12.4,1.54,0,1,1,0.75,front-end,"front-end,carts,catalogue,queue-master,orders",0,1,1,0.75,front-end,"front-end,carts,catalogue,queue-master,orders",1,1,1,1.0,catalogue,"catalogue,user,carts,front-end,orders",1,1,1,1.0,catalogue,"catalogue,user,carts,front-end,orders",1,1,1,1.0,catalogue,"catalogue,carts,front-end,user,orders",1,1,1,1.0,catalogue,"catalogue,carts,front-end,user,orders",1,1,1,1.0,catalogue,"catalogue,front-end,payment,shipping,orders",1,1,1,1.0,catalogue,"catalogue,front-end,user,queue-master,carts"
sockshop,loss,orders_loss,1,orders,8,12.2,1.53,0,0,0,0.375,carts,"carts,front-end,shipping,user,payment",0,0,0,0.375,carts,"carts,front-end,shipping,user,payment",1,1,1,1.0,orders,"orders,shipping,payment,front-end,catalogue",1,1,1,1.0,orders,"orders,shipping,payment,front-end,user",1,1,1,1.0,orders,"orders,shipping,payment,front-end,user",1,1,1,1.0,orders,"orders,shipping,payment,front-end,user",1,1,1,1.0,orders,"orders,carts,front-end,payment,user",1,1,1,1.0,orders,"orders,front-end,carts,shipping,payment"
sockshop,loss,orders_loss,2,orders,8,12.1,1.52,0,0,0,0.375,user,"user,carts,front-end,shipping,payment",0,0,0,0.375,user,"user,carts,front-end,shipping,payment",1,1,1,1.0,orders,"orders,payment,shipping,front-end,carts",1,1,1,1.0,orders,"orders,payment,shipping,front-end,carts",1,1,1,1.0,orders,"orders,payment,shipping,front-end,carts",1,1,1,1.0,orders,"orders,payment,shipping,front-end,carts",0,0,0,0.125,queue-master,"queue-master,front-end,user,carts,payment",0,0,0,0.25,queue-master,"queue-master,front-end,user,carts,payment"
sockshop,loss,orders_loss,3,orders,8,10.2,1.28,0,0,1,0.5,carts,"carts,user,front-end,payment,orders",0,0,1,0.5,carts,"carts,user,front-end,payment,orders",0,1,1,0.875,payment,"payment,orders,shipping,user,front-end",0,1,1,0.875,payment,"payment,orders,shipping,user,front-end",1,1,1,1.0,orders,"orders,payment,user,front-end,shipping",1,1,1,1.0,orders,"orders,payment,user,front-end,shipping",0,1,1,0.875,carts,"carts,orders,front-end,user,payment",0,1,1,0.75,carts,"carts,front-end,orders,user,shipping"
sockshop,loss,orders_loss,4,orders,8,12.2,1.53,0,1,1,0.875,front-end,"front-end,orders,payment,carts,shipping",0,1,1,0.875,front-end,"front-end,orders,payment,carts,shipping",0,1,1,0.875,payment,"payment,orders,shipping,front-end,queue-master",0,1,1,0.875,payment,"payment,orders,shipping,front-end,queue-master",0,1,1,0.875,payment,"payment,orders,shipping,front-end,carts",0,1,1,0.875,payment,"payment,orders,shipping,front-end,carts",0,1,1,0.75,front-end,"front-end,carts,orders,queue-master,catalogue",0,1,1,0.75,front-end,"front-end,carts,orders,payment,user"
sockshop,loss,orders_loss,5,orders,8,12.8,1.6,0,0,0,0.375,front-end,"front-end,user,carts,payment,shipping",0,0,0,0.375,front-end,"front-end,user,carts,payment,shipping",1,1,1,1.0,orders,"orders,shipping,payment,carts,user",1,1,1,1.0,orders,"orders,shipping,payment,carts,user",1,1,1,1.0,orders,"orders,shipping,payment,carts,front-end",1,1,1,1.0,orders,"orders,shipping,payment,carts,front-end",1,1,1,1.0,orders,"orders,front-end,user,carts,catalogue",0,0,0,0.125,shipping,"shipping,payment,front-end,catalogue,queue-master"
sockshop,loss,payment_loss,1,payment,8,12.6,1.58,0,1,1,0.75,front-end,"front-end,carts,payment,shipping,catalogue",0,1,1,0.75,front-end,"front-end,carts,payment,shipping,catalogue",0,1,1,0.75,orders,"orders,carts,payment,front-end,shipping",0,1,1,0.75,orders,"orders,carts,payment,front-end,catalogue",0,1,1,0.75,orders,"orders,carts,payment,front-end,shipping",0,1,1,0.75,orders,"orders,carts,payment,front-end,shipping",0,1,1,0.75,queue-master,"queue-master,front-end,payment,carts,shipping",0,0,1,0.625,orders,"orders,queue-master,front-end,payment,carts"
sockshop,loss,payment_loss,2,payment,8,12.5,1.56,1,1,1,1.0,payment,"payment,orders,carts,front-end,queue-master",1,1,1,1.0,payment,"payment,orders,carts,queue-master,user",0,1,1,0.875,queue-master,"queue-master,payment,orders,shipping,catalogue",0,1,1,0.875,queue-master,"queue-master,payment,orders,user,front-end",0,1,1,0.875,queue-master,"queue-master,payment,orders,carts,user",0,1,1,0.875,queue-master,"queue-master,payment,orders,carts,user",0,1,1,0.75,orders,"orders,carts,payment,front-end,shipping",0,0,1,0.625,carts,"carts,orders,catalogue,payment,front-end"
sockshop,loss,payment_loss,3,payment,8,10.6,1.33,0,1,1,0.75,orders,"orders,user,payment,front-end,shipping",0,1,1,0.75,orders,"orders,user,payment,front-end,carts",1,1,1,1.0,payment,"payment,orders,user,shipping,carts",1,1,1,1.0,payment,"payment,orders,user,shipping,front-end",1,1,1,1.0,payment,"payment,orders,user,front-end,shipping",1,1,1,1.0,payment,"payment,orders,user,front-end,carts",0,0,1,0.5,shipping,"shipping,catalogue,orders,front-end,payment",0,0,0,0.25,catalogue,"catalogue,orders,front-end,carts,shipping"
sockshop,loss,payment_loss,4,payment,8,12.5,1.56,1,1,1,1.0,payment,"payment,orders,front-end,carts,shipping",1,1,1,1.0,payment,"payment,orders,front-end,shipping,catalogue",0,1,1,0.875,orders,"orders,payment,carts,front-end,queue-master",0,1,1,0.875,orders,"orders,payment,carts,user,front-end",0,1,1,0.875,orders,"orders,payment,carts,front-end,shipping",0,1,1,0.875,orders,"orders,payment,front-end,queue-master,carts",0,1,1,0.875,shipping,"shipping,payment,carts,orders,user",0,0,0,0.25,shipping,"shipping,orders,catalogue,user,front-end"
sockshop,loss,payment_loss,5,payment,8,12.1,1.52,1,1,1,1.0,payment,"payment,orders,carts,shipping,front-end",1,1,1,1.0,payment,"payment,orders,carts,front-end,shipping",0,1,1,0.875,orders,"orders,payment,carts,queue-master,user",0,1,1,0.875,orders,"orders,payment,carts,queue-master,front-end",0,1,1,0.875,orders,"orders,payment,carts,shipping,front-end",0,1,1,0.875,orders,"orders,payment,carts,shipping,front-end",0,1,1,0.875,shipping,"shipping,payment,front-end,queue-master,carts",0,1,1,0.75,orders,"orders,shipping,payment,front-end,catalogue"
sockshop,loss,user_loss,1,user,8,12.4,1.54,0,1,1,0.75,orders,"orders,front-end,user,payment,queue-master",0,1,1,0.75,orders,"orders,front-end,user,payment,queue-master",1,1,1,1.0,user,"user,front-end,queue-master,orders,catalogue",1,1,1,1.0,user,"user,front-end,queue-master,orders,catalogue",1,1,1,1.0,user,"user,front-end,orders,queue-master,payment",1,1,1,1.0,user,"user,front-end,orders,queue-master,shipping",1,1,1,1.0,user,"user,front-end,catalogue,orders,payment",1,1,1,1.0,user,"user,front-end,catalogue,orders,carts"
sockshop,loss,user_loss,2,user,8,11.2,1.4,0,1,1,0.75,orders,"orders,front-end,user,carts,queue-master",0,1,1,0.75,front-end,"front-end,orders,user,carts,shipping",1,1,1,1.0,user,"user,front-end,orders,carts,queue-master",1,1,1,1.0,user,"user,front-end,orders,carts,queue-master",1,1,1,1.0,user,"user,front-end,orders,queue-master,carts",1,1,1,1.0,user,"user,front-end,orders,carts,payment",1,1,1,1.0,user,"user,carts,orders,shipping,queue-master",1,1,1,1.0,user,"user,carts,shipping,orders,front-end"
sockshop,loss,user_loss,3,user,8,11.9,1.49,1,1,1,1.0,user,"user,orders,front-end,carts,queue-master",0,1,1,0.75,front-end,"front-end,orders,user,carts,queue-master",1,1,1,1.0,user,"user,orders,front-end,payment,carts",1,1,1,1.0,user,"user,orders,front-end,payment,catalogue",1,1,1,1.0,user,"user,orders,front-end,carts,queue-master",1,1,1,1.0,user,"user,orders,front-end,carts,queue-master",1,1,1,1.0,user,"user,orders,front-end,carts,queue-master",1,1,1,1.0,user,"user,orders,front-end,queue-master,carts"
sockshop,loss,user_loss,4,user,8,12.8,1.6,0,1,1,0.75,shipping,"shipping,orders,user,front-end,carts",0,1,1,0.75,shipping,"shipping,orders,user,front-end,carts",1,1,1,1.0,user,"user,front-end,orders,payment,shipping",1,1,1,1.0,user,"user,front-end,orders,payment,shipping",1,1,1,1.0,user,"user,front-end,orders,shipping,payment",1,1,1,1.0,user,"user,front-end,orders,shipping,payment",0,1,1,0.875,shipping,"shipping,user,orders,carts,catalogue",0,1,1,0.875,shipping,"shipping,user,orders,carts,front-end"
sockshop,loss,user_loss,5,user,8,12.3,1.53,0,0,1,0.625,front-end,"front-end,orders,shipping,user,carts",0,0,1,0.625,front-end,"front-end,orders,shipping,user,carts",1,1,1,1.0,user,"user,queue-master,front-end,carts,shipping",1,1,1,1.0,user,"user,queue-master,front-end,carts,payment",1,1,1,1.0,user,"user,front-end,orders,queue-master,shipping",1,1,1,1.0,user,"user,front-end,orders,shipping,catalogue",1,1,1,1.0,user,"user,front-end,queue-master,orders,carts",1,1,1,1.0,user,"user,queue-master,front-end,orders,catalogue"
