dataset,fault,case,replicate,true,n_nodes,wall_clock_start_utc,seconds,sec_per_node,mean_stopped_epoch,max_stopped_epoch,n_converged,n_not_converged,mmd_add_acc@1,mmd_add_acc@3,mmd_add_acc@5,mmd_add_prr,mmd_add_top1,mmd_add_top5,mmd_sub_acc@1,mmd_sub_acc@3,mmd_sub_acc@5,mmd_sub_prr,mmd_sub_top1,mmd_sub_top5,flow_add_acc@1,flow_add_acc@3,flow_add_acc@5,flow_add_prr,flow_add_top1,flow_add_top5,flow_sub_acc@1,flow_sub_acc@3,flow_sub_acc@5,flow_sub_prr,flow_sub_top1,flow_sub_top5,wasserstein_add_acc@1,wasserstein_add_acc@3,wasserstein_add_acc@5,wasserstein_add_prr,wasserstein_add_top1,wasserstein_add_top5,wasserstein_sub_acc@1,wasserstein_sub_acc@3,wasserstein_sub_acc@5,wasserstein_sub_prr,wasserstein_sub_top1,wasserstein_sub_top5,baro_add_acc@1,baro_add_acc@3,baro_add_acc@5,baro_add_prr,baro_add_top1,baro_add_top5,baro_sub_acc@1,baro_sub_acc@3,baro_sub_acc@5,baro_sub_prr,baro_sub_top1,baro_sub_top5
sockshop,cpu,carts_cpu,1,carts,14,2026-08-29T00:25:44.501040+00:00,15.5,1.1,11.8,25,14,0,1,1,1,1.0,carts,"carts,carts-db,catalogue-db,session-db,orders-db",1,1,1,1.0,carts,"carts,carts-db,session-db,catalogue-db,rabbitmq",1,1,1,1.0,carts,"carts,payment,catalogue-db,orders-db,user",1,1,1,1.0,carts,"carts,catalogue-db,payment,orders-db,catalogue",1,1,1,1.0,carts,"carts,catalogue-db,payment,user,orders-db",1,1,1,1.0,carts,"carts,carts-db,user,session-db,payment",1,1,1,1.0,carts,"carts,catalogue,orders,queue-master,user-db",1,1,1,1.0,carts,"carts,catalogue,orders,queue-master,orders-db"
sockshop,cpu,carts_cpu,2,carts,14,2026-08-29T00:25:59.995336+00:00,18.6,1.33,17.1,35,14,0,1,1,1,1.0,carts,"carts,carts-db,catalogue,catalogue-db,front-end",1,1,1,1.0,carts,"carts,carts-db,catalogue-db,catalogue,front-end",1,1,1,1.0,carts,"carts,payment,session-db,user-db,catalogue",1,1,1,1.0,carts,"carts,payment,catalogue,user-db,orders",1,1,1,1.0,carts,"carts,payment,catalogue,session-db,carts-db",1,1,1,1.0,carts,"carts,carts-db,catalogue-db,rabbitmq,payment",1,1,1,1.0,carts,"carts,user,orders,front-end,rabbitmq",1,1,1,1.0,carts,"carts,orders,shipping,carts-db,user"
sockshop,cpu,carts_cpu,3,carts,14,2026-08-29T00:26:18.651061+00:00,21.0,1.5,17.5,45,14,0,1,1,1,1.0,carts,"carts,carts-db,front-end,catalogue-db,queue-master",1,1,1,1.0,carts,"carts,carts-db,front-end,catalogue-db,queue-master",1,1,1,1.0,carts,"carts,queue-master,payment,session-db,catalogue",1,1,1,1.0,carts,"carts,queue-master,orders,payment,shipping",1,1,1,1.0,carts,"carts,queue-master,carts-db,payment,front-end",1,1,1,1.0,carts,"carts,queue-master,carts-db,orders,front-end",1,1,1,1.0,carts,"carts,user-db,rabbitmq,user,orders-db",1,1,1,1.0,carts,"carts,user-db,user,queue-master,orders"
sockshop,cpu,carts_cpu,4,carts,14,2026-08-29T00:26:39.700210+00:00,20.9,1.5,15.7,45,13,1,1,1,1,1.0,carts,"carts,carts-db,front-end,payment,rabbitmq",1,1,1,1.0,carts,"carts,carts-db,front-end,payment,rabbitmq",1,1,1,1.0,carts,"carts,payment,catalogue,catalogue-db,user",1,1,1,1.0,carts,"carts,payment,orders,user,user-db",1,1,1,1.0,carts,"carts,payment,carts-db,catalogue,session-db",1,1,1,1.0,carts,"carts,carts-db,payment,session-db,rabbitmq",1,1,1,1.0,carts,"carts,orders,user-db,front-end,session-db",1,1,1,1.0,carts,"carts,orders,front-end,user,session-db"
sockshop,cpu,carts_cpu,5,carts,14,2026-08-29T00:27:00.660385+00:00,20.4,1.46,12.5,45,13,1,1,1,1,1.0,carts,"carts,carts-db,front-end,catalogue-db,shipping",1,1,1,1.0,carts,"carts,carts-db,front-end,catalogue-db,payment",1,1,1,1.0,carts,"carts,queue-master,front-end,catalogue,user",1,1,1,1.0,carts,"carts,queue-master,orders,user,catalogue",1,1,1,1.0,carts,"carts,front-end,queue-master,carts-db,catalogue-db",1,1,1,1.0,carts,"carts,front-end,queue-master,carts-db,orders",1,1,1,1.0,carts,"carts,rabbitmq,payment,session-db,carts-db",1,1,1,1.0,carts,"carts,queue-master,rabbitmq,orders,payment"
sockshop,cpu,catalogue_cpu,1,catalogue,14,2026-08-29T00:27:21.108250+00:00,20.8,1.48,16.8,45,12,2,1,1,1,1.0,catalogue,"catalogue,carts-db,carts,queue-master,user",1,1,1,1.0,catalogue,"catalogue,carts-db,carts,queue-master,orders",1,1,1,1.0,catalogue,"catalogue,payment,catalogue-db,session-db,front-end",1,1,1,1.0,catalogue,"catalogue,catalogue-db,session-db,front-end,carts-db",1,1,1,1.0,catalogue,"catalogue,payment,carts-db,catalogue-db,session-db",1,1,1,1.0,catalogue,"catalogue,carts-db,catalogue-db,carts,session-db",1,1,1,1.0,catalogue,"catalogue,carts,orders,carts-db,rabbitmq",1,1,1,1.0,catalogue,"catalogue,carts,carts-db,orders,catalogue-db"
sockshop,cpu,catalogue_cpu,2,catalogue,14,2026-08-29T00:27:41.906484+00:00,20.1,1.43,17.1,45,14,0,1,1,1,1.0,catalogue,"catalogue,carts-db,carts,user-db,rabbitmq",1,1,1,1.0,catalogue,"catalogue,carts-db,carts,user-db,rabbitmq",1,1,1,1.0,catalogue,"catalogue,payment,session-db,user,queue-master",1,1,1,1.0,catalogue,"catalogue,payment,catalogue-db,queue-master,orders-db",1,1,1,1.0,catalogue,"catalogue,payment,carts-db,user,carts",1,1,1,1.0,catalogue,"catalogue,carts-db,carts,user,payment",1,1,1,1.0,catalogue,"catalogue,carts,orders,user-db,front-end",1,1,1,1.0,catalogue,"catalogue,carts,orders,user-db,carts-db"
sockshop,cpu,catalogue_cpu,3,catalogue,14,2026-08-29T00:28:02.006996+00:00,20.4,1.46,14.6,45,13,1,0,1,1,0.9286,carts-db,"carts-db,catalogue,session-db,orders,queue-master",0,1,1,0.9286,carts-db,"carts-db,catalogue,session-db,orders,shipping",1,1,1,1.0,catalogue,"catalogue,payment,session-db,user-db,front-end",1,1,1,1.0,catalogue,"catalogue,payment,user-db,user,orders-db",1,1,1,1.0,catalogue,"catalogue,session-db,payment,carts-db,front-end",1,1,1,1.0,catalogue,"catalogue,carts-db,session-db,payment,shipping",1,1,1,1.0,catalogue,"catalogue,carts,catalogue-db,orders,carts-db",1,1,1,1.0,catalogue,"catalogue,carts,orders,carts-db,catalogue-db"
sockshop,cpu,catalogue_cpu,4,catalogue,14,2026-08-29T00:28:22.435412+00:00,13.4,0.95,8.2,20,14,0,1,1,1,1.0,catalogue,"catalogue,carts-db,payment,carts,shipping",1,1,1,1.0,catalogue,"catalogue,carts-db,carts,payment,shipping",1,1,1,1.0,catalogue,"catalogue,payment,session-db,front-end,rabbitmq",1,1,1,1.0,catalogue,"catalogue,payment,carts,session-db,user",1,1,1,1.0,catalogue,"catalogue,payment,carts-db,rabbitmq,session-db",1,1,1,1.0,catalogue,"catalogue,carts-db,rabbitmq,carts,payment",1,1,1,1.0,catalogue,"catalogue,carts,catalogue-db,orders,shipping",1,1,1,1.0,catalogue,"catalogue,carts,orders,catalogue-db,front-end"
sockshop,cpu,catalogue_cpu,5,catalogue,14,2026-08-29T00:28:35.832376+00:00,13.9,0.99,9.6,20,14,0,1,1,1,1.0,catalogue,"catalogue,carts-db,session-db,user-db,carts",1,1,1,1.0,catalogue,"catalogue,carts-db,user-db,session-db,carts",1,1,1,1.0,catalogue,"catalogue,carts,orders,queue-master,payment",1,1,1,1.0,catalogue,"catalogue,carts,orders,queue-master,shipping",1,1,1,1.0,catalogue,"catalogue,carts,queue-master,orders,payment",1,1,1,1.0,catalogue,"catalogue,carts,queue-master,orders,carts-db",0,1,1,0.9286,front-end,"front-end,catalogue,session-db,carts-db,orders-db",1,1,1,1.0,catalogue,"catalogue,session-db,front-end,carts-db,queue-master"
sockshop,cpu,orders_cpu,1,orders,14,2026-08-29T00:28:49.733325+00:00,22.2,1.59,18.2,45,12,2,1,1,1,1.0,orders,"orders,carts-db,rabbitmq,carts,user",1,1,1,1.0,orders,"orders,carts-db,carts,rabbitmq,user",1,1,1,1.0,orders,"orders,payment,user,session-db,front-end",1,1,1,1.0,orders,"orders,user,payment,carts,session-db",1,1,1,1.0,orders,"orders,payment,user,carts-db,rabbitmq",1,1,1,1.0,orders,"orders,carts-db,user,rabbitmq,carts",1,1,1,1.0,orders,"orders,catalogue,carts,carts-db,catalogue-db",1,1,1,1.0,orders,"orders,catalogue,carts,carts-db,queue-master"
sockshop,cpu,orders_cpu,2,orders,14,2026-08-29T00:29:11.997312+00:00,17.6,1.26,16.1,30,14,0,1,1,1,1.0,orders,"orders,carts-db,catalogue,rabbitmq,carts",1,1,1,1.0,orders,"orders,carts-db,catalogue,rabbitmq,carts",1,1,1,1.0,orders,"orders,payment,user-db,catalogue,session-db",1,1,1,1.0,orders,"orders,catalogue,carts,rabbitmq,session-db",1,1,1,1.0,orders,"orders,payment,catalogue,rabbitmq,carts-db",1,1,1,1.0,orders,"orders,rabbitmq,carts-db,queue-master,catalogue",0,1,1,0.9286,carts,"carts,orders,catalogue,session-db,user",0,1,1,0.9286,carts,"carts,orders,session-db,front-end,catalogue"
sockshop,cpu,orders_cpu,3,orders,14,2026-08-29T00:29:29.615891+00:00,15.9,1.14,12.9,25,14,0,1,1,1,1.0,orders,"orders,carts-db,catalogue,payment,session-db",1,1,1,1.0,orders,"orders,carts-db,catalogue,payment,session-db",1,1,1,1.0,orders,"orders,queue-master,payment,session-db,catalogue",1,1,1,1.0,orders,"orders,queue-master,catalogue,payment,carts",1,1,1,1.0,orders,"orders,payment,queue-master,catalogue,session-db",1,1,1,1.0,orders,"orders,queue-master,carts-db,payment,session-db",1,1,1,1.0,orders,"orders,carts-db,rabbitmq,catalogue,user-db",1,1,1,1.0,orders,"orders,queue-master,carts-db,shipping,front-end"
sockshop,cpu,orders_cpu,4,orders,14,2026-08-29T00:29:45.547124+00:00,22.7,1.62,21.1,45,12,2,1,1,1,1.0,orders,"orders,carts-db,rabbitmq,user-db,catalogue",1,1,1,1.0,orders,"orders,carts-db,rabbitmq,user-db,catalogue",1,1,1,1.0,orders,"orders,payment,user-db,catalogue,session-db",1,1,1,1.0,orders,"orders,catalogue,carts,payment,front-end",1,1,1,1.0,orders,"orders,user-db,catalogue,session-db,payment",1,1,1,1.0,orders,"orders,carts-db,user-db,rabbitmq,carts",1,1,1,1.0,orders,"orders,carts,user,front-end,rabbitmq",1,1,1,1.0,orders,"orders,carts,front-end,user,catalogue-db"
sockshop,cpu,orders_cpu,5,orders,14,2026-08-29T00:30:08.246703+00:00,15.0,1.07,10.4,25,14,0,1,1,1,1.0,orders,"orders,carts-db,queue-master,carts,catalogue",1,1,1,1.0,orders,"orders,carts-db,queue-master,catalogue,user-db",1,1,1,1.0,orders,"orders,carts,queue-master,payment,catalogue",1,1,1,1.0,orders,"orders,carts,queue-master,catalogue,user",1,1,1,1.0,orders,"orders,carts,queue-master,payment,catalogue",1,1,1,1.0,orders,"orders,queue-master,carts,carts-db,orders-db",1,1,1,1.0,orders,"orders,carts-db,orders-db,front-end,payment",1,1,1,1.0,orders,"orders,queue-master,carts-db,carts,orders-db"
sockshop,cpu,payment_cpu,1,payment,14,2026-08-29T00:30:23.312403+00:00,17.7,1.26,16.1,30,14,0,0,1,1,0.9286,carts-db,"carts-db,payment,carts,queue-master,session-db",1,1,1,1.0,payment,"payment,carts-db,carts,queue-master,shipping",1,1,1,1.0,payment,"payment,catalogue,session-db,user-db,orders-db",1,1,1,1.0,payment,"payment,session-db,catalogue,user-db,carts",1,1,1,1.0,payment,"payment,carts-db,catalogue,session-db,user-db",1,1,1,1.0,payment,"payment,carts-db,session-db,queue-master,shipping",1,1,1,1.0,payment,"payment,carts,orders,carts-db,user",1,1,1,1.0,payment,"payment,carts,carts-db,orders,queue-master"
sockshop,cpu,payment_cpu,2,payment,14,2026-08-29T00:30:40.985027+00:00,20.5,1.46,15.0,45,14,0,1,1,1,1.0,payment,"payment,carts-db,orders-db,carts,shipping",1,1,1,1.0,payment,"payment,carts-db,orders-db,carts,shipping",1,1,1,1.0,payment,"payment,session-db,user-db,user,front-end",1,1,1,1.0,payment,"payment,session-db,user-db,catalogue-db,rabbitmq",1,1,1,1.0,payment,"payment,user-db,carts-db,session-db,front-end",1,1,1,1.0,payment,"payment,carts-db,rabbitmq,orders-db,shipping",1,1,1,1.0,payment,"payment,orders,catalogue,carts-db,orders-db",1,1,1,1.0,payment,"payment,orders,carts-db,carts,catalogue"
sockshop,cpu,payment_cpu,3,payment,14,2026-08-29T00:31:01.467446+00:00,21.0,1.5,16.1,45,12,2,1,1,1,1.0,payment,"payment,carts-db,front-end,carts,queue-master",1,1,1,1.0,payment,"payment,carts-db,front-end,carts,queue-master",1,1,1,1.0,payment,"payment,carts,queue-master,catalogue,orders-db",1,1,1,1.0,payment,"payment,carts,queue-master,orders-db,orders",1,1,1,1.0,payment,"payment,carts,queue-master,front-end,catalogue",1,1,1,1.0,payment,"payment,carts,queue-master,front-end,orders",1,1,1,1.0,payment,"payment,session-db,rabbitmq,user,carts-db",1,1,1,1.0,payment,"payment,queue-master,rabbitmq,carts,orders"
sockshop,cpu,payment_cpu,4,payment,14,2026-08-29T00:31:22.459628+00:00,18.9,1.35,13.9,40,14,0,0,1,1,0.9286,carts-db,"carts-db,payment,front-end,carts,user",0,1,1,0.9286,carts-db,"carts-db,payment,carts,front-end,user",1,1,1,1.0,payment,"payment,front-end,user-db,user,catalogue-db",1,1,1,1.0,payment,"payment,shipping,front-end,rabbitmq,carts",1,1,1,1.0,payment,"payment,front-end,carts-db,user,catalogue-db",1,1,1,1.0,payment,"payment,carts-db,front-end,user,carts",1,1,1,1.0,payment,"payment,carts,catalogue,session-db,carts-db",1,1,1,1.0,payment,"payment,carts,session-db,carts-db,orders"
sockshop,cpu,payment_cpu,5,payment,14,2026-08-29T00:31:41.407927+00:00,16.2,1.16,12.9,30,14,0,1,1,1,1.0,payment,"payment,carts-db,carts,catalogue-db,front-end",1,1,1,1.0,payment,"payment,carts-db,catalogue-db,front-end,carts",1,1,1,1.0,payment,"payment,carts,orders,front-end,catalogue",1,1,1,1.0,payment,"payment,carts,orders,queue-master,front-end",1,1,1,1.0,payment,"payment,carts,front-end,orders,catalogue",1,1,1,1.0,payment,"payment,carts,orders,carts-db,front-end",1,1,1,1.0,payment,"payment,carts-db,session-db,user-db,orders-db",1,1,1,1.0,payment,"payment,carts-db,queue-master,user-db,orders"
sockshop,cpu,user_cpu,1,user,14,2026-08-29T00:31:57.677248+00:00,21.9,1.56,21.1,45,14,0,1,1,1,1.0,user,"user,carts,carts-db,rabbitmq,orders-db",1,1,1,1.0,user,"user,carts-db,carts,rabbitmq,front-end",1,1,1,1.0,user,"user,catalogue-db,rabbitmq,carts,front-end",1,1,1,1.0,user,"user,session-db,catalogue-db,front-end,carts-db",1,1,1,1.0,user,"user,carts,rabbitmq,catalogue-db,carts-db",1,1,1,1.0,user,"user,carts-db,rabbitmq,carts,session-db",1,1,1,1.0,user,"user,carts,payment,orders-db,catalogue",1,1,1,1.0,user,"user,carts,catalogue,payment,orders-db"
sockshop,cpu,user_cpu,2,user,14,2026-08-29T00:32:19.562090+00:00,21.2,1.51,17.1,45,12,2,1,1,1,1.0,user,"user,carts-db,user-db,catalogue,orders-db",1,1,1,1.0,user,"user,carts-db,catalogue,user-db,orders-db",1,1,1,1.0,user,"user,payment,session-db,front-end,user-db",1,1,1,1.0,user,"user,session-db,front-end,catalogue-db,carts",1,1,1,1.0,user,"user,carts-db,payment,session-db,user-db",1,1,1,1.0,user,"user,carts-db,user-db,session-db,catalogue",0,0,1,0.7857,orders,"orders,catalogue,carts,user,payment",0,0,1,0.7857,orders,"orders,carts,catalogue,user,catalogue-db"
sockshop,cpu,user_cpu,3,user,14,2026-08-29T00:32:40.772251+00:00,15.0,1.07,10.7,25,14,0,1,1,1,1.0,user,"user,carts-db,user-db,rabbitmq,payment",1,1,1,1.0,user,"user,carts-db,user-db,rabbitmq,payment",1,1,1,1.0,user,"user,carts,payment,catalogue,catalogue-db",1,1,1,1.0,user,"user,carts,queue-master,orders,catalogue",1,1,1,1.0,user,"user,carts,payment,carts-db,catalogue-db",1,1,1,1.0,user,"user,carts,carts-db,queue-master,user-db",0,1,1,0.9286,rabbitmq,"rabbitmq,user,carts-db,orders-db,session-db",1,1,1,1.0,user,"user,rabbitmq,queue-master,orders,session-db"
sockshop,cpu,user_cpu,4,user,14,2026-08-29T00:32:55.763387+00:00,18.1,1.29,11.8,40,14,0,1,1,1,1.0,user,"user,carts-db,rabbitmq,catalogue-db,queue-master",1,1,1,1.0,user,"user,carts-db,rabbitmq,catalogue-db,session-db",1,1,1,1.0,user,"user,queue-master,carts,orders,catalogue-db",1,1,1,1.0,user,"user,queue-master,carts,orders,catalogue-db",1,1,1,1.0,user,"user,queue-master,carts-db,catalogue-db,carts",1,1,1,1.0,user,"user,queue-master,carts-db,catalogue-db,carts",1,1,1,1.0,user,"user,session-db,front-end,rabbitmq,payment",1,1,1,1.0,user,"user,session-db,queue-master,orders,carts"
sockshop,cpu,user_cpu,5,user,14,2026-08-29T00:33:13.899844+00:00,19.7,1.41,16.8,40,14,0,1,1,1,1.0,user,"user,carts-db,queue-master,user-db,session-db",1,1,1,1.0,user,"user,carts-db,queue-master,carts,user-db",1,1,1,1.0,user,"user,user-db,catalogue,session-db,payment",1,1,1,1.0,user,"user,user-db,carts,front-end,rabbitmq",1,1,1,1.0,user,"user,user-db,carts-db,payment,session-db",1,1,1,1.0,user,"user,user-db,carts-db,queue-master,payment",1,1,1,1.0,user,"user,carts,session-db,orders,catalogue-db",1,1,1,1.0,user,"user,carts,session-db,orders,payment"
sockshop,mem,carts_mem,1,carts,13,2026-08-29T00:33:33.654101+00:00,14.6,1.12,14.2,25,13,0,0,0,0,0.5385,carts-db,"carts-db,catalogue,user-db,orders-db,user",0,0,0,0.5385,carts-db,"carts-db,catalogue,user-db,orders-db,user",1,1,1,1.0,carts,"carts,payment,catalogue,rabbitmq,session-db",1,1,1,1.0,carts,"carts,payment,catalogue,rabbitmq,shipping",1,1,1,1.0,carts,"carts,payment,catalogue,rabbitmq,carts-db",1,1,1,1.0,carts,"carts,payment,catalogue,rabbitmq,carts-db",0,0,0,0.6154,shipping,"shipping,orders,session-db,user,catalogue",0,0,0,0.3846,shipping,"shipping,orders,session-db,user,catalogue"
sockshop,mem,carts_mem,2,carts,14,2026-08-29T00:33:48.301109+00:00,21.1,1.51,20.7,45,14,0,0,0,1,0.7857,carts-db,"carts-db,catalogue-db,user-db,carts,orders-db",0,1,1,0.8571,carts-db,"carts-db,catalogue-db,carts,user-db,orders-db",1,1,1,1.0,carts,"carts,catalogue-db,session-db,front-end,orders",1,1,1,1.0,carts,"carts,catalogue-db,carts-db,shipping,rabbitmq",1,1,1,1.0,carts,"carts,catalogue-db,carts-db,orders-db,user-db",1,1,1,1.0,carts,"carts,catalogue-db,carts-db,user-db,orders-db",0,0,0,0.2857,catalogue-db,"catalogue-db,payment,catalogue,user-db,orders",0,0,0,0.2143,catalogue-db,"catalogue-db,payment,catalogue,user-db,shipping"
sockshop,mem,carts_mem,3,carts,14,2026-08-29T00:34:09.408034+00:00,16.6,1.18,12.5,30,14,0,0,0,0,0.5714,user-db,"user-db,carts-db,catalogue-db,rabbitmq,orders-db",0,0,0,0.6429,user-db,"user-db,carts-db,catalogue-db,rabbitmq,user",1,1,1,1.0,carts,"carts,rabbitmq,shipping,catalogue,front-end",1,1,1,1.0,carts,"carts,rabbitmq,shipping,catalogue,front-end",1,1,1,1.0,carts,"carts,rabbitmq,shipping,catalogue-db,catalogue",1,1,1,1.0,carts,"carts,rabbitmq,shipping,carts-db,catalogue-db",0,0,0,0.1429,catalogue,"catalogue,rabbitmq,catalogue-db,payment,session-db",0,0,0,0.2857,catalogue,"catalogue,rabbitmq,catalogue-db,payment,queue-master"
sockshop,mem,carts_mem,4,carts,14,2026-08-29T00:34:26.020514+00:00,21.1,1.51,18.6,45,13,1,0,0,1,0.7143,carts-db,"carts-db,rabbitmq,catalogue-db,orders-db,carts",0,0,1,0.7143,carts-db,"carts-db,rabbitmq,catalogue-db,orders-db,carts",1,1,1,1.0,carts,"carts,catalogue-db,payment,rabbitmq,session-db",1,1,1,1.0,carts,"carts,catalogue-db,payment,rabbitmq,carts-db",1,1,1,1.0,carts,"carts,catalogue-db,rabbitmq,payment,carts-db",1,1,1,1.0,carts,"carts,catalogue-db,payment,rabbitmq,carts-db",0,0,1,0.7857,shipping,"shipping,user,catalogue-db,carts,catalogue",0,0,0,0.5714,shipping,"shipping,user,catalogue-db,catalogue,orders-db"
sockshop,mem,carts_mem,5,carts,13,2026-08-29T00:34:47.137756+00:00,16.4,1.26,16.5,35,13,0,0,0,1,0.7692,user,"user,orders,orders-db,carts,user-db",0,0,1,0.7692,orders,"orders,user,orders-db,carts,user-db",1,1,1,1.0,carts,"carts,payment,queue-master,carts-db,session-db",1,1,1,1.0,carts,"carts,payment,rabbitmq,queue-master,orders-db",1,1,1,1.0,carts,"carts,payment,carts-db,queue-master,user-db",1,1,1,1.0,carts,"carts,payment,carts-db,queue-master,user-db",0,0,0,0.3077,session-db,"session-db,catalogue,user,shipping,user-db",0,0,0,0.3077,catalogue,"catalogue,user,session-db,payment,orders"
sockshop,mem,catalogue_mem,1,catalogue,13,2026-08-29T00:35:03.570635+00:00,15.2,1.17,13.1,30,13,0,0,0,1,0.7692,rabbitmq,"rabbitmq,payment,carts-db,catalogue,orders-db",0,0,1,0.7692,rabbitmq,"rabbitmq,payment,carts-db,catalogue,orders-db",1,1,1,1.0,catalogue,"catalogue,payment,rabbitmq,session-db,carts",1,1,1,1.0,catalogue,"catalogue,payment,rabbitmq,user,carts-db",1,1,1,1.0,catalogue,"catalogue,payment,rabbitmq,carts,carts-db",1,1,1,1.0,catalogue,"catalogue,payment,rabbitmq,carts-db,carts",0,0,0,0.1538,payment,"payment,user,shipping,session-db,queue-master",0,0,0,0.0769,payment,"payment,user,shipping,session-db,queue-master"
sockshop,mem,catalogue_mem,2,catalogue,14,2026-08-29T00:35:18.806628+00:00,19.2,1.37,16.1,40,14,0,0,1,1,0.9286,user,"user,catalogue,catalogue-db,rabbitmq,payment",0,1,1,0.9286,user,"user,catalogue,rabbitmq,payment,catalogue-db",1,1,1,1.0,catalogue,"catalogue,catalogue-db,queue-master,payment,user",1,1,1,1.0,catalogue,"catalogue,catalogue-db,queue-master,payment,rabbitmq",1,1,1,1.0,catalogue,"catalogue,catalogue-db,payment,user,rabbitmq",1,1,1,1.0,catalogue,"catalogue,catalogue-db,payment,user,rabbitmq",0,0,0,0.5,session-db,"session-db,user,catalogue-db,shipping,queue-master",0,0,0,0.3571,session-db,"session-db,user,shipping,orders,queue-master"
sockshop,mem,catalogue_mem,3,catalogue,13,2026-08-29T00:35:38.060232+00:00,17.0,1.31,18.5,30,13,0,0,0,1,0.7692,carts,"carts,shipping,orders-db,catalogue,user-db",0,1,1,0.8462,carts,"carts,shipping,catalogue,orders-db,user-db",1,1,1,1.0,catalogue,"catalogue,queue-master,carts-db,payment,session-db",1,1,1,1.0,catalogue,"catalogue,carts-db,queue-master,payment,session-db",1,1,1,1.0,catalogue,"catalogue,carts,queue-master,payment,orders-db",1,1,1,1.0,catalogue,"catalogue,carts,payment,queue-master,orders-db",0,0,0,0.6154,session-db,"session-db,rabbitmq,carts-db,shipping,user",0,0,0,0.1538,session-db,"session-db,rabbitmq,user,queue-master,carts"
sockshop,mem,catalogue_mem,4,catalogue,14,2026-08-29T00:35:55.098434+00:00,21.6,1.54,20.4,45,13,1,0,1,1,0.9286,catalogue-db,"catalogue-db,catalogue,payment,carts-db,queue-master",1,1,1,1.0,catalogue,"catalogue,catalogue-db,carts-db,payment,queue-master",1,1,1,1.0,catalogue,"catalogue,catalogue-db,rabbitmq,payment,carts-db",1,1,1,1.0,catalogue,"catalogue,catalogue-db,rabbitmq,payment,carts-db",1,1,1,1.0,catalogue,"catalogue,catalogue-db,rabbitmq,payment,orders-db",1,1,1,1.0,catalogue,"catalogue,catalogue-db,rabbitmq,payment,carts-db",0,0,0,0.6429,session-db,"session-db,catalogue-db,orders,orders-db,queue-master",0,0,0,0.3571,session-db,"session-db,catalogue-db,orders,shipping,queue-master"
sockshop,mem,catalogue_mem,5,catalogue,12,2026-08-29T00:36:16.719265+00:00,15.0,1.25,15.0,35,12,0,1,1,1,1.0,catalogue,"catalogue,queue-master,carts,orders-db,user-db",0,1,1,0.9167,queue-master,"queue-master,catalogue,carts,orders-db,user-db",1,1,1,1.0,catalogue,"catalogue,payment,orders,shipping,front-end",1,1,1,1.0,catalogue,"catalogue,orders,payment,user,queue-master",1,1,1,1.0,catalogue,"catalogue,payment,queue-master,orders,user",1,1,1,1.0,catalogue,"catalogue,queue-master,orders,payment,user",0,1,1,0.8333,queue-master,"queue-master,session-db,catalogue,orders,front-end",0,0,1,0.75,queue-master,"queue-master,orders,front-end,catalogue,user"
sockshop,mem,orders_mem,1,orders,14,2026-08-29T00:36:31.786177+00:00,22.0,1.57,20.4,45,14,0,0,1,1,0.8571,user-db,"user-db,carts,orders,catalogue-db,orders-db",0,1,1,0.8571,user-db,"user-db,carts,orders,shipping,orders-db",1,1,1,1.0,orders,"orders,payment,catalogue-db,rabbitmq,session-db",1,1,1,1.0,orders,"orders,payment,catalogue-db,rabbitmq,user",1,1,1,1.0,orders,"orders,payment,catalogue-db,rabbitmq,user-db",1,1,1,1.0,orders,"orders,payment,catalogue-db,rabbitmq,user-db",0,0,0,0.5714,shipping,"shipping,queue-master,user,session-db,catalogue",0,0,0,0.1429,shipping,"shipping,queue-master,user,rabbitmq,user-db"
sockshop,mem,orders_mem,2,orders,13,2026-08-29T00:36:53.817664+00:00,19.5,1.5,22.7,40,13,0,0,1,1,0.8462,payment,"payment,rabbitmq,orders,user-db,carts",0,1,1,0.8462,payment,"payment,rabbitmq,orders,user-db,carts",1,1,1,1.0,orders,"orders,rabbitmq,front-end,queue-master,user-db",1,1,1,1.0,orders,"orders,user-db,carts-db,user,orders-db",1,1,1,1.0,orders,"orders,rabbitmq,payment,queue-master,user-db",1,1,1,1.0,orders,"orders,rabbitmq,queue-master,payment,front-end",0,0,0,0.2308,user,"user,session-db,payment,shipping,rabbitmq",0,0,1,0.6923,user,"user,session-db,payment,orders-db,orders"
sockshop,mem,orders_mem,3,orders,14,2026-08-29T00:37:13.360358+00:00,17.5,1.25,13.9,35,14,0,0,0,0,0.5714,carts-db,"carts-db,shipping,carts,user-db,catalogue",0,0,0,0.5714,carts-db,"carts-db,shipping,carts,user-db,catalogue",1,1,1,1.0,orders,"orders,payment,shipping,rabbitmq,queue-master",1,1,1,1.0,orders,"orders,payment,shipping,rabbitmq,queue-master",1,1,1,1.0,orders,"orders,payment,shipping,rabbitmq,queue-master",1,1,1,1.0,orders,"orders,payment,shipping,rabbitmq,queue-master",0,0,0,0.5,session-db,"session-db,catalogue-db,user,carts-db,queue-master",0,0,0,0.2857,carts-db,"carts-db,payment,user,rabbitmq,queue-master"
sockshop,mem,orders_mem,4,orders,14,2026-08-29T00:37:30.936604+00:00,21.8,1.56,19.6,45,14,0,0,0,0,0.4286,payment,"payment,catalogue-db,catalogue,carts,user",0,0,0,0.4286,catalogue,"catalogue,payment,carts,user,carts-db",1,1,1,1.0,orders,"orders,payment,catalogue-db,front-end,orders-db",1,1,1,1.0,orders,"orders,payment,catalogue-db,carts-db,user-db",1,1,1,1.0,orders,"orders,payment,catalogue-db,user,orders-db",1,1,1,1.0,orders,"orders,payment,user,orders-db,catalogue-db",0,0,0,0.2143,payment,"payment,catalogue-db,shipping,orders-db,session-db",0,0,0,0.5,payment,"payment,catalogue-db,shipping,session-db,rabbitmq"
sockshop,mem,orders_mem,5,orders,14,2026-08-29T00:37:52.792833+00:00,22.7,1.62,21.8,45,13,1,0,1,1,0.8571,orders-db,"orders-db,user,orders,catalogue-db,carts",0,1,1,0.9286,orders-db,"orders-db,orders,user-db,carts,user",1,1,1,1.0,orders,"orders,catalogue-db,catalogue,user,front-end",1,1,1,1.0,orders,"orders,catalogue-db,carts-db,catalogue,orders-db",1,1,1,1.0,orders,"orders,catalogue-db,catalogue,user,carts",1,1,1,1.0,orders,"orders,catalogue-db,user,catalogue,user-db",0,0,0,0.3571,payment,"payment,user,shipping,rabbitmq,orders-db",0,0,0,0.2857,payment,"payment,user,shipping,rabbitmq,session-db"
sockshop,mem,payment_mem,1,payment,14,2026-08-29T00:38:15.529963+00:00,20.8,1.49,17.1,45,14,0,0,0,0,0.5,orders,"orders,user,shipping,user-db,orders-db",0,0,0,0.4286,orders,"orders,shipping,user,carts,orders-db",1,1,1,1.0,payment,"payment,user,queue-master,shipping,front-end",1,1,1,1.0,payment,"payment,user,queue-master,shipping,orders",1,1,1,1.0,payment,"payment,queue-master,user,shipping,session-db",1,1,1,1.0,payment,"payment,queue-master,user,shipping,carts",0,0,0,0.2143,session-db,"session-db,rabbitmq,catalogue,shipping,catalogue-db",0,0,0,0.5714,catalogue-db,"catalogue-db,catalogue,rabbitmq,session-db,shipping"
sockshop,mem,payment_mem,2,payment,14,2026-08-29T00:38:36.367289+00:00,21.2,1.52,20.7,40,14,0,0,1,1,0.9286,shipping,"shipping,payment,carts,orders-db,carts-db",0,1,1,0.9286,shipping,"shipping,payment,carts,orders-db,orders",1,1,1,1.0,payment,"payment,shipping,catalogue-db,front-end,carts",1,1,1,1.0,payment,"payment,shipping,catalogue-db,orders-db,queue-master",1,1,1,1.0,payment,"payment,shipping,catalogue-db,carts,orders-db",1,1,1,1.0,payment,"payment,shipping,catalogue-db,carts,orders-db",0,0,0,0.2857,shipping,"shipping,rabbitmq,session-db,user,carts-db",0,0,0,0.3571,rabbitmq,"rabbitmq,shipping,carts-db,catalogue-db,orders"
sockshop,mem,payment_mem,3,payment,13,2026-08-29T00:38:57.602474+00:00,16.0,1.23,11.5,35,13,0,0,0,0,0.5385,user,"user,carts-db,user-db,carts,orders-db",0,0,0,0.4615,user,"user,carts-db,user-db,carts,orders-db",1,1,1,1.0,payment,"payment,session-db,user-db,carts-db,queue-master",1,1,1,1.0,payment,"payment,session-db,user-db,carts-db,catalogue",1,1,1,1.0,payment,"payment,session-db,user,carts-db,user-db",1,1,1,1.0,payment,"payment,user,session-db,carts-db,user-db",0,0,0,0.2308,shipping,"shipping,user,rabbitmq,carts-db,carts",0,0,0,0.5385,shipping,"shipping,user,rabbitmq,carts-db,carts"
sockshop,mem,payment_mem,4,payment,13,2026-08-29T00:39:13.629721+00:00,20.0,1.54,23.5,40,13,0,0,0,1,0.6923,orders,"orders,carts,user-db,orders-db,payment",0,0,1,0.7692,orders,"orders,carts,user-db,payment,orders-db",1,1,1,1.0,payment,"payment,carts-db,front-end,orders,carts",1,1,1,1.0,payment,"payment,carts-db,orders-db,user-db,queue-master",1,1,1,1.0,payment,"payment,orders,carts,session-db,user-db",1,1,1,1.0,payment,"payment,orders,carts,user-db,orders-db",0,0,0,0.3846,orders,"orders,user,carts,catalogue,shipping",0,0,0,0.3077,catalogue,"catalogue,shipping,carts,orders,user"
sockshop,mem,payment_mem,5,payment,14,2026-08-29T00:39:33.705249+00:00,18.4,1.31,15.4,35,14,0,0,1,1,0.9286,rabbitmq,"rabbitmq,payment,orders-db,user-db,carts",0,0,1,0.7143,rabbitmq,"rabbitmq,carts,orders-db,user-db,payment",1,1,1,1.0,payment,"payment,session-db,shipping,orders,catalogue",1,1,1,1.0,payment,"payment,shipping,session-db,orders,catalogue",1,1,1,1.0,payment,"payment,session-db,shipping,orders,queue-master",1,1,1,1.0,payment,"payment,shipping,orders,session-db,queue-master",0,0,0,0.2857,rabbitmq,"rabbitmq,catalogue-db,catalogue,carts-db,user",0,0,0,0.4286,rabbitmq,"rabbitmq,catalogue-db,catalogue,user,carts-db"
sockshop,mem,user_mem,1,user,14,2026-08-29T00:39:52.079775+00:00,22.6,1.62,21.8,45,14,0,0,0,0,0.5714,user-db,"user-db,catalogue-db,carts,catalogue,orders",0,0,0,0.6429,user-db,"user-db,carts,catalogue,orders,carts-db",1,1,1,1.0,user,"user,catalogue,rabbitmq,front-end,catalogue-db",1,1,1,1.0,user,"user,catalogue,rabbitmq,front-end,carts-db",1,1,1,1.0,user,"user,catalogue,catalogue-db,rabbitmq,user-db",1,1,1,1.0,user,"user,catalogue,rabbitmq,user-db,catalogue-db",0,0,0,0.6429,catalogue-db,"catalogue-db,catalogue,carts,orders,user-db",0,0,1,0.7143,catalogue-db,"catalogue-db,catalogue,carts,user-db,user"
sockshop,mem,user_mem,2,user,13,2026-08-29T00:40:14.726535+00:00,15.4,1.19,13.8,30,13,0,0,0,0,0.5385,rabbitmq,"rabbitmq,user-db,carts-db,carts,payment",0,0,0,0.5385,rabbitmq,"rabbitmq,user-db,carts-db,carts,orders",1,1,1,1.0,user,"user,payment,orders,front-end,catalogue",1,1,1,1.0,user,"user,payment,orders,front-end,catalogue",1,1,1,1.0,user,"user,payment,carts,orders,user-db",1,1,1,1.0,user,"user,payment,carts,orders,user-db",0,0,0,0.4615,rabbitmq,"rabbitmq,session-db,carts-db,carts,catalogue",0,0,0,0.1538,rabbitmq,"rabbitmq,carts-db,carts,session-db,payment"
sockshop,mem,user_mem,3,user,14,2026-08-29T00:40:30.160756+00:00,22.3,1.59,23.6,40,14,0,0,0,0,0.5714,catalogue,"catalogue,user-db,catalogue-db,carts,orders-db",0,0,0,0.5714,catalogue,"catalogue,user-db,carts,catalogue-db,orders-db",1,1,1,1.0,user,"user,catalogue-db,user-db,rabbitmq,front-end",1,1,1,1.0,user,"user,catalogue-db,rabbitmq,user-db,carts-db",1,1,1,1.0,user,"user,catalogue-db,user-db,carts,catalogue",1,1,1,1.0,user,"user,catalogue-db,user-db,carts,catalogue",0,0,0,0.2857,catalogue-db,"catalogue-db,shipping,carts,queue-master,orders",0,0,0,0.2857,catalogue-db,"catalogue-db,queue-master,carts,shipping,orders"
sockshop,mem,user_mem,4,user,14,2026-08-29T00:40:52.474372+00:00,18.2,1.3,11.4,45,14,0,0,0,0,0.5714,carts,"carts,orders-db,user-db,payment,carts-db",0,0,0,0.5714,carts,"carts,user-db,orders-db,carts-db,payment",1,1,1,1.0,user,"user,catalogue-db,payment,shipping,carts-db",1,1,1,1.0,user,"user,payment,shipping,catalogue-db,carts-db",1,1,1,1.0,user,"user,payment,catalogue-db,shipping,carts-db",1,1,1,1.0,user,"user,payment,shipping,carts-db,carts",0,0,0,0.1429,rabbitmq,"rabbitmq,session-db,user-db,payment,catalogue",0,0,0,0.6429,rabbitmq,"rabbitmq,session-db,orders-db,payment,catalogue"
sockshop,mem,user_mem,5,user,14,2026-08-29T00:41:10.752348+00:00,22.2,1.59,22.1,45,14,0,0,0,1,0.7857,catalogue-db,"catalogue-db,carts-db,user-db,user,orders-db",0,0,1,0.7857,carts-db,"carts-db,user-db,catalogue-db,user,orders-db",0,0,0,0.2143,shipping,"shipping,payment,catalogue-db,user-db,queue-master",0,0,0,0.1429,shipping,"shipping,payment,catalogue-db,user-db,queue-master",0,0,0,0.3571,catalogue-db,"catalogue-db,payment,shipping,user-db,queue-master",0,0,0,0.3571,payment,"payment,catalogue-db,shipping,user-db,queue-master",0,1,1,0.8571,front-end,"front-end,catalogue-db,user,session-db,orders",0,1,1,0.9286,front-end,"front-end,user,shipping,catalogue-db,queue-master"
sockshop,delay,carts_delay,1,carts,8,2026-08-29T00:41:32.983631+00:00,9.5,1.19,15.0,30,8,0,1,1,1,1.0,carts,"carts,orders,front-end,queue-master,user",1,1,1,1.0,carts,"carts,orders,front-end,queue-master,user",0,1,1,0.875,orders,"orders,carts,front-end,queue-master,payment",0,1,1,0.875,orders,"orders,carts,front-end,queue-master,shipping",0,1,1,0.875,orders,"orders,carts,front-end,queue-master,user",0,1,1,0.875,orders,"orders,carts,front-end,queue-master,payment",1,1,1,1.0,carts,"carts,orders,front-end,user,catalogue",1,1,1,1.0,carts,"carts,orders,front-end,queue-master,payment"
sockshop,delay,carts_delay,2,carts,8,2026-08-29T00:41:42.541764+00:00,12.5,1.56,20.0,45,6,2,0,1,1,0.875,orders,"orders,carts,front-end,catalogue,shipping",0,1,1,0.875,orders,"orders,carts,front-end,catalogue,payment",1,1,1,1.0,carts,"carts,front-end,orders,payment,catalogue",1,1,1,1.0,carts,"carts,front-end,orders,shipping,user",1,1,1,1.0,carts,"carts,front-end,orders,payment,catalogue",1,1,1,1.0,carts,"carts,front-end,orders,payment,catalogue",1,1,1,1.0,carts,"carts,orders,front-end,shipping,catalogue",1,1,1,1.0,carts,"carts,orders,front-end,shipping,catalogue"
sockshop,delay,carts_delay,3,carts,8,2026-08-29T00:41:55.053986+00:00,11.9,1.48,18.8,45,6,2,0,1,1,0.875,payment,"payment,carts,orders,front-end,user",0,1,1,0.875,payment,"payment,carts,orders,front-end,user",0,1,1,0.875,orders,"orders,carts,front-end,queue-master,payment",0,1,1,0.875,orders,"orders,carts,front-end,queue-master,catalogue",0,1,1,0.875,orders,"orders,carts,front-end,payment,queue-master",0,1,1,0.875,orders,"orders,carts,front-end,payment,user",1,1,1,1.0,carts,"carts,orders,front-end,payment,user",1,1,1,1.0,carts,"carts,orders,front-end,queue-master,payment"
sockshop,delay,carts_delay,4,carts,7,2026-08-29T00:42:06.961230+00:00,9.8,1.4,12.9,40,7,0,0,1,1,0.7143,orders,"orders,shipping,carts,front-end,catalogue",0,1,1,0.7143,orders,"orders,shipping,carts,front-end,catalogue",1,1,1,1.0,carts,"carts,front-end,orders,shipping,payment",1,1,1,1.0,carts,"carts,front-end,orders,shipping,payment",1,1,1,1.0,carts,"carts,front-end,orders,shipping,payment",1,1,1,1.0,carts,"carts,front-end,orders,shipping,payment",1,1,1,1.0,carts,"carts,orders,front-end,shipping,catalogue",1,1,1,1.0,carts,"carts,orders,front-end,shipping,catalogue"
sockshop,delay,carts_delay,5,carts,8,2026-08-29T00:42:16.803686+00:00,7.5,0.94,6.9,15,8,0,0,1,1,0.875,payment,"payment,carts,front-end,queue-master,orders",0,1,1,0.875,payment,"payment,carts,front-end,orders,queue-master",1,1,1,1.0,carts,"carts,orders,front-end,queue-master,user",1,1,1,1.0,carts,"carts,orders,front-end,queue-master,user",1,1,1,1.0,carts,"carts,orders,front-end,queue-master,payment",1,1,1,1.0,carts,"carts,orders,front-end,queue-master,payment",1,1,1,1.0,carts,"carts,orders,front-end,payment,catalogue",1,1,1,1.0,carts,"carts,orders,front-end,catalogue,payment"
sockshop,delay,catalogue_delay,1,catalogue,8,2026-08-29T00:42:24.318835+00:00,13.0,1.62,26.2,45,7,1,0,1,1,0.875,front-end,"front-end,catalogue,user,carts,orders",0,1,1,0.875,front-end,"front-end,catalogue,user,carts,orders",1,1,1,1.0,catalogue,"catalogue,front-end,payment,carts,queue-master",1,1,1,1.0,catalogue,"catalogue,front-end,payment,orders,queue-master",1,1,1,1.0,catalogue,"catalogue,front-end,user,orders,carts",1,1,1,1.0,catalogue,"catalogue,front-end,user,orders,carts",0,0,1,0.625,orders,"orders,shipping,front-end,catalogue,carts",0,0,1,0.625,orders,"orders,shipping,front-end,catalogue,carts"
sockshop,delay,catalogue_delay,2,catalogue,8,2026-08-29T00:42:37.301709+00:00,12.3,1.54,18.8,45,6,2,0,1,1,0.875,front-end,"front-end,catalogue,carts,shipping,user",0,1,1,0.875,front-end,"front-end,catalogue,carts,shipping,user",1,1,1,1.0,catalogue,"catalogue,front-end,carts,orders,queue-master",1,1,1,1.0,catalogue,"catalogue,front-end,carts,orders,queue-master",1,1,1,1.0,catalogue,"catalogue,front-end,carts,orders,user",1,1,1,1.0,catalogue,"catalogue,front-end,carts,orders,user",0,1,1,0.875,front-end,"front-end,catalogue,queue-master,payment,shipping",0,1,1,0.875,front-end,"front-end,catalogue,shipping,carts,orders"
sockshop,delay,catalogue_delay,3,catalogue,8,2026-08-29T00:42:49.635622+00:00,10.5,1.31,18.8,35,8,0,0,1,1,0.75,front-end,"front-end,carts,catalogue,shipping,queue-master",0,1,1,0.75,front-end,"front-end,carts,catalogue,shipping,queue-master",1,1,1,1.0,catalogue,"catalogue,front-end,payment,shipping,carts",1,1,1,1.0,catalogue,"catalogue,front-end,carts,shipping,payment",1,1,1,1.0,catalogue,"catalogue,front-end,carts,shipping,queue-master",1,1,1,1.0,catalogue,"catalogue,front-end,carts,shipping,payment",0,0,1,0.625,orders,"orders,shipping,front-end,catalogue,user",0,0,1,0.625,orders,"orders,shipping,front-end,catalogue,user"
sockshop,delay,catalogue_delay,4,catalogue,8,2026-08-29T00:43:00.156992+00:00,12.0,1.5,11.9,45,7,1,0,1,1,0.75,front-end,"front-end,carts,catalogue,queue-master,user",0,1,1,0.75,front-end,"front-end,carts,catalogue,queue-master,user",1,1,1,1.0,catalogue,"catalogue,front-end,orders,carts,user",1,1,1,1.0,catalogue,"catalogue,front-end,orders,carts,user",1,1,1,1.0,catalogue,"catalogue,front-end,carts,orders,queue-master",1,1,1,1.0,catalogue,"catalogue,front-end,carts,orders,queue-master",0,1,1,0.875,front-end,"front-end,catalogue,user,payment,shipping",0,1,1,0.875,front-end,"front-end,catalogue,carts,orders,user"
sockshop,delay,catalogue_delay,5,catalogue,8,2026-08-29T00:43:12.147529+00:00,10.9,1.37,18.1,40,8,0,0,0,1,0.625,front-end,"front-end,shipping,user,catalogue,carts",0,1,1,0.75,front-end,"front-end,shipping,catalogue,user,carts",1,1,1,1.0,catalogue,"catalogue,front-end,shipping,payment,user",1,1,1,1.0,catalogue,"catalogue,front-end,shipping,orders,payment",1,1,1,1.0,catalogue,"catalogue,front-end,user,shipping,carts",1,1,1,1.0,catalogue,"catalogue,front-end,user,shipping,carts",0,0,1,0.5,orders,"orders,front-end,shipping,carts,catalogue",0,0,1,0.5,orders,"orders,front-end,shipping,carts,catalogue"
sockshop,delay,orders_delay,1,orders,8,2026-08-29T00:43:23.109916+00:00,10.7,1.34,17.5,40,8,0,1,1,1,1.0,orders,"orders,front-end,payment,shipping,carts",1,1,1,1.0,orders,"orders,front-end,payment,shipping,carts",1,1,1,1.0,orders,"orders,payment,front-end,carts,queue-master",1,1,1,1.0,orders,"orders,payment,front-end,carts,queue-master",1,1,1,1.0,orders,"orders,payment,front-end,carts,shipping",1,1,1,1.0,orders,"orders,payment,front-end,carts,shipping",0,0,1,0.5,front-end,"front-end,catalogue,payment,user,orders",0,0,0,0.125,front-end,"front-end,catalogue,payment,queue-master,user"
sockshop,delay,orders_delay,2,orders,8,2026-08-29T00:43:33.872703+00:00,10.8,1.35,11.9,40,8,0,1,1,1,1.0,orders,"orders,user,front-end,payment,queue-master",1,1,1,1.0,orders,"orders,user,front-end,payment,catalogue",1,1,1,1.0,orders,"orders,payment,front-end,shipping,user",1,1,1,1.0,orders,"orders,payment,front-end,shipping,user",1,1,1,1.0,orders,"orders,payment,front-end,user,catalogue",1,1,1,1.0,orders,"orders,payment,front-end,user,shipping",0,0,0,0.25,user,"user,front-end,queue-master,shipping,payment",0,0,0,0.375,front-end,"front-end,user,shipping,payment,carts"
sockshop,delay,orders_delay,3,orders,8,2026-08-29T00:43:44.725910+00:00,12.1,1.52,13.1,45,7,1,1,1,1,1.0,orders,"orders,front-end,user,carts,payment",1,1,1,1.0,orders,"orders,front-end,user,carts,payment",1,1,1,1.0,orders,"orders,payment,user,queue-master,front-end",1,1,1,1.0,orders,"orders,payment,user,queue-master,front-end",1,1,1,1.0,orders,"orders,payment,user,queue-master,front-end",1,1,1,1.0,orders,"orders,payment,queue-master,front-end,user",0,0,1,0.625,front-end,"front-end,payment,user,orders,shipping",0,0,1,0.625,front-end,"front-end,payment,user,orders,carts"
sockshop,delay,orders_delay,4,orders,8,2026-08-29T00:43:56.905628+00:00,8.8,1.09,11.2,25,8,0,1,1,1,1.0,orders,"orders,front-end,payment,catalogue,shipping",1,1,1,1.0,orders,"orders,front-end,payment,catalogue,shipping",1,1,1,1.0,orders,"orders,payment,front-end,shipping,catalogue",1,1,1,1.0,orders,"orders,payment,front-end,shipping,queue-master",1,1,1,1.0,orders,"orders,payment,front-end,shipping,queue-master",1,1,1,1.0,orders,"orders,payment,front-end,catalogue,carts",0,0,0,0.25,queue-master,"queue-master,front-end,shipping,payment,carts",0,0,0,0.125,queue-master,"queue-master,front-end,payment,shipping,user"
sockshop,delay,orders_delay,5,orders,8,2026-08-29T00:44:05.677546+00:00,11.6,1.45,13.1,45,8,0,1,1,1,1.0,orders,"orders,front-end,payment,queue-master,carts",1,1,1,1.0,orders,"orders,front-end,payment,queue-master,carts",1,1,1,1.0,orders,"orders,payment,front-end,carts,queue-master",1,1,1,1.0,orders,"orders,payment,front-end,carts,queue-master",1,1,1,1.0,orders,"orders,payment,front-end,carts,queue-master",1,1,1,1.0,orders,"orders,payment,front-end,carts,queue-master",0,1,1,0.75,front-end,"front-end,payment,orders,user,shipping",0,0,1,0.625,front-end,"front-end,payment,carts,orders,catalogue"
sockshop,delay,payment_delay,1,payment,7,2026-08-29T00:44:17.311169+00:00,8.1,1.16,8.6,25,7,0,0,0,1,0.5714,shipping,"shipping,orders,front-end,payment,user",0,0,1,0.5714,shipping,"shipping,orders,front-end,payment,user",1,1,1,1.0,payment,"payment,carts,front-end,catalogue,user",1,1,1,1.0,payment,"payment,shipping,carts,front-end,orders",1,1,1,1.0,payment,"payment,orders,front-end,shipping,carts",1,1,1,1.0,payment,"payment,orders,front-end,shipping,carts",0,1,1,0.8571,orders,"orders,payment,shipping,front-end,catalogue",0,1,1,0.8571,orders,"orders,payment,shipping,front-end,catalogue"
sockshop,delay,payment_delay,2,payment,8,2026-08-29T00:44:25.467126+00:00,10.6,1.33,12.5,40,8,0,0,0,1,0.625,orders,"orders,front-end,shipping,payment,user",0,1,1,0.75,orders,"orders,front-end,payment,shipping,user",1,1,1,1.0,payment,"payment,orders,front-end,user,catalogue",1,1,1,1.0,payment,"payment,orders,front-end,user,catalogue",1,1,1,1.0,payment,"payment,orders,front-end,shipping,user",1,1,1,1.0,payment,"payment,front-end,orders,shipping,carts",1,1,1,1.0,payment,"payment,orders,shipping,front-end,queue-master",1,1,1,1.0,payment,"payment,orders,shipping,front-end,user"
sockshop,delay,payment_delay,3,payment,8,2026-08-29T00:44:36.131235+00:00,9.3,1.16,13.1,30,8,0,0,1,1,0.875,front-end,"front-end,payment,queue-master,orders,carts",0,1,1,0.875,front-end,"front-end,payment,queue-master,orders,carts",1,1,1,1.0,payment,"payment,orders,carts,front-end,queue-master",1,1,1,1.0,payment,"payment,orders,carts,front-end,queue-master",1,1,1,1.0,payment,"payment,orders,carts,front-end,queue-master",1,1,1,1.0,payment,"payment,orders,carts,front-end,queue-master",1,1,1,1.0,payment,"payment,orders,front-end,shipping,queue-master",1,1,1,1.0,payment,"payment,orders,front-end,user,catalogue"
sockshop,delay,payment_delay,4,payment,8,2026-08-29T00:44:45.426911+00:00,11.1,1.39,16.9,40,8,0,0,0,1,0.625,shipping,"shipping,orders,front-end,payment,queue-master",0,0,1,0.625,shipping,"shipping,orders,front-end,payment,queue-master",1,1,1,1.0,payment,"payment,orders,front-end,shipping,carts",1,1,1,1.0,payment,"payment,orders,front-end,shipping,queue-master",1,1,1,1.0,payment,"payment,orders,front-end,shipping,carts",1,1,1,1.0,payment,"payment,orders,front-end,shipping,carts",1,1,1,1.0,payment,"payment,orders,shipping,front-end,queue-master",1,1,1,1.0,payment,"payment,orders,shipping,front-end,queue-master"
sockshop,delay,payment_delay,5,payment,8,2026-08-29T00:44:56.594468+00:00,8.2,1.02,8.8,20,8,0,0,0,1,0.625,front-end,"front-end,orders,carts,payment,catalogue",0,1,1,0.75,front-end,"front-end,orders,payment,carts,catalogue",1,1,1,1.0,payment,"payment,orders,front-end,carts,queue-master",1,1,1,1.0,payment,"payment,orders,front-end,carts,queue-master",1,1,1,1.0,payment,"payment,orders,front-end,carts,queue-master",1,1,1,1.0,payment,"payment,orders,front-end,carts,queue-master",1,1,1,1.0,payment,"payment,orders,front-end,user,catalogue",1,1,1,1.0,payment,"payment,orders,front-end,carts,user"
sockshop,delay,user_delay,1,user,8,2026-08-29T00:45:04.766791+00:00,11.5,1.44,11.2,45,8,0,0,0,1,0.625,orders,"orders,front-end,carts,user,catalogue",0,0,1,0.625,orders,"orders,front-end,carts,user,catalogue",1,1,1,1.0,user,"user,orders,front-end,carts,queue-master",1,1,1,1.0,user,"user,orders,front-end,carts,queue-master",1,1,1,1.0,user,"user,orders,front-end,carts,queue-master",1,1,1,1.0,user,"user,orders,front-end,carts,catalogue",0,1,1,0.875,orders,"orders,user,front-end,queue-master,shipping",0,1,1,0.875,orders,"orders,user,front-end,queue-master,shipping"
sockshop,delay,user_delay,2,user,8,2026-08-29T00:45:16.293969+00:00,7.7,0.97,10.0,15,8,0,0,1,1,0.75,orders,"orders,front-end,user,payment,shipping",0,0,1,0.5,orders,"orders,front-end,payment,shipping,user",1,1,1,1.0,user,"user,orders,front-end,shipping,payment",1,1,1,1.0,user,"user,orders,front-end,shipping,queue-master",1,1,1,1.0,user,"user,orders,front-end,shipping,payment",1,1,1,1.0,user,"user,orders,front-end,payment,catalogue",0,1,1,0.875,orders,"orders,user,front-end,shipping,catalogue",0,1,1,0.875,orders,"orders,user,front-end,shipping,catalogue"
sockshop,delay,user_delay,3,user,8,2026-08-29T00:45:24.038072+00:00,11.9,1.48,11.2,45,7,1,0,0,1,0.5,queue-master,"queue-master,orders,carts,front-end,user",0,0,1,0.5,queue-master,"queue-master,orders,carts,front-end,user",1,1,1,1.0,user,"user,orders,front-end,shipping,payment",1,1,1,1.0,user,"user,orders,front-end,shipping,payment",1,1,1,1.0,user,"user,orders,front-end,queue-master,payment",1,1,1,1.0,user,"user,orders,front-end,queue-master,payment",0,1,1,0.875,orders,"orders,user,front-end,carts,payment",0,1,1,0.875,orders,"orders,user,front-end,payment,carts"
sockshop,delay,user_delay,4,user,8,2026-08-29T00:45:35.926635+00:00,9.7,1.22,14.4,30,8,0,0,0,1,0.5,orders,"orders,catalogue,shipping,front-end,user",0,0,1,0.5,orders,"orders,catalogue,shipping,front-end,user",1,1,1,1.0,user,"user,orders,front-end,payment,carts",1,1,1,1.0,user,"user,orders,front-end,queue-master,catalogue",1,1,1,1.0,user,"user,orders,front-end,shipping,catalogue",1,1,1,1.0,user,"user,orders,front-end,catalogue,shipping",0,1,1,0.875,orders,"orders,user,front-end,shipping,queue-master",0,1,1,0.875,orders,"orders,user,front-end,shipping,queue-master"
sockshop,delay,user_delay,5,user,8,2026-08-29T00:45:45.681230+00:00,11.7,1.46,14.4,45,7,1,0,0,1,0.5,orders,"orders,front-end,queue-master,carts,user",0,0,1,0.625,orders,"orders,front-end,queue-master,user,carts",1,1,1,1.0,user,"user,orders,front-end,carts,queue-master",1,1,1,1.0,user,"user,orders,front-end,carts,queue-master",1,1,1,1.0,user,"user,orders,front-end,carts,queue-master",1,1,1,1.0,user,"user,orders,front-end,carts,queue-master",0,1,1,0.875,orders,"orders,user,front-end,shipping,catalogue",0,1,1,0.875,orders,"orders,user,front-end,queue-master,carts"
sockshop,disk,carts_disk,1,carts,8,2026-08-29T00:45:57.349054+00:00,10.4,1.3,12.5,35,8,0,1,1,1,1.0,carts,"carts,catalogue,front-end,orders,payment",1,1,1,1.0,carts,"carts,catalogue,front-end,orders,payment",0,0,1,0.625,catalogue,"catalogue,orders,shipping,carts,user",0,0,1,0.625,catalogue,"catalogue,orders,shipping,carts,user",0,1,1,0.75,catalogue,"catalogue,orders,carts,shipping,user",0,1,1,0.75,catalogue,"catalogue,orders,carts,shipping,user",0,1,1,0.875,queue-master,"queue-master,carts,front-end,payment,catalogue",0,1,1,0.875,queue-master,"queue-master,carts,catalogue,user,front-end"
sockshop,disk,carts_disk,2,carts,8,2026-08-29T00:46:07.800172+00:00,8.1,1.02,8.1,20,8,0,1,1,1,1.0,carts,"carts,front-end,shipping,orders,payment",1,1,1,1.0,carts,"carts,front-end,shipping,orders,payment",0,1,1,0.75,orders,"orders,catalogue,carts,payment,shipping",0,1,1,0.75,orders,"orders,catalogue,carts,front-end,user",0,1,1,0.75,orders,"orders,catalogue,carts,shipping,payment",0,1,1,0.75,orders,"orders,catalogue,carts,shipping,payment",1,1,1,1.0,carts,"carts,queue-master,orders,front-end,payment",0,1,1,0.875,queue-master,"queue-master,carts,catalogue,orders,front-end"
sockshop,disk,carts_disk,3,carts,7,2026-08-29T00:46:15.939070+00:00,6.4,0.92,6.4,10,7,0,0,1,1,0.8571,payment,"payment,carts,orders,shipping,catalogue",0,1,1,0.8571,payment,"payment,carts,catalogue,orders,shipping",0,1,1,0.8571,orders,"orders,carts,catalogue,shipping,payment",0,1,1,0.8571,orders,"orders,carts,catalogue,shipping,payment",0,1,1,0.8571,orders,"orders,carts,catalogue,payment,shipping",0,1,1,0.8571,orders,"orders,carts,catalogue,shipping,payment",0,0,0,0.2857,front-end,"front-end,orders,shipping,payment,user",1,1,1,1.0,carts,"carts,user,orders,front-end,catalogue"
sockshop,disk,carts_disk,4,carts,8,2026-08-29T00:46:22.408261+00:00,8.2,1.03,10.0,20,8,0,0,1,1,0.875,orders,"orders,carts,catalogue,shipping,front-end",0,1,1,0.875,orders,"orders,carts,catalogue,shipping,front-end",0,1,1,0.875,orders,"orders,carts,catalogue,shipping,payment",0,1,1,0.875,orders,"orders,carts,catalogue,shipping,queue-master",0,1,1,0.875,orders,"orders,carts,catalogue,shipping,payment",0,1,1,0.875,orders,"orders,carts,catalogue,shipping,payment",0,1,1,0.875,orders,"orders,carts,front-end,queue-master,catalogue",0,1,1,0.875,orders,"orders,carts,catalogue,user,payment"
sockshop,disk,carts_disk,5,carts,8,2026-08-29T00:46:30.681923+00:00,9.1,1.13,10.6,25,8,0,1,1,1,1.0,carts,"carts,shipping,orders,payment,front-end",1,1,1,1.0,carts,"carts,shipping,orders,payment,front-end",0,1,1,0.875,orders,"orders,carts,catalogue,shipping,front-end",0,1,1,0.875,orders,"orders,carts,catalogue,shipping,queue-master",0,1,1,0.875,orders,"orders,carts,catalogue,shipping,front-end",0,1,1,0.875,orders,"orders,carts,catalogue,shipping,front-end",1,1,1,1.0,carts,"carts,orders,queue-master,front-end,shipping",1,1,1,1.0,carts,"carts,orders,catalogue,shipping,payment"
sockshop,disk,catalogue_disk,1,catalogue,8,2026-08-29T00:46:39.783736+00:00,9.2,1.15,9.4,30,8,0,0,1,1,0.875,orders,"orders,catalogue,user,queue-master,payment",0,1,1,0.875,orders,"orders,catalogue,user,payment,shipping",1,1,1,1.0,catalogue,"catalogue,user,payment,queue-master,front-end",1,1,1,1.0,catalogue,"catalogue,user,queue-master,payment,orders",1,1,1,1.0,catalogue,"catalogue,user,orders,queue-master,payment",1,1,1,1.0,catalogue,"catalogue,user,orders,payment,queue-master",1,1,1,1.0,catalogue,"catalogue,queue-master,shipping,orders,front-end",1,1,1,1.0,catalogue,"catalogue,queue-master,shipping,user,payment"
sockshop,disk,catalogue_disk,2,catalogue,8,2026-08-29T00:46:49.020097+00:00,12.3,1.54,24.4,45,5,3,1,1,1,1.0,catalogue,"catalogue,orders,queue-master,carts,payment",1,1,1,1.0,catalogue,"catalogue,orders,queue-master,carts,payment",1,1,1,1.0,catalogue,"catalogue,orders,queue-master,carts,shipping",1,1,1,1.0,catalogue,"catalogue,orders,carts,shipping,payment",1,1,1,1.0,catalogue,"catalogue,orders,queue-master,carts,shipping",1,1,1,1.0,catalogue,"catalogue,orders,carts,queue-master,shipping",1,1,1,1.0,catalogue,"catalogue,front-end,user,queue-master,payment",1,1,1,1.0,catalogue,"catalogue,carts,orders,user,shipping"
sockshop,disk,catalogue_disk,3,catalogue,8,2026-08-29T00:47:01.359508+00:00,8.7,1.09,10.6,25,8,0,1,1,1,1.0,catalogue,"catalogue,orders,shipping,queue-master,user",1,1,1,1.0,catalogue,"catalogue,orders,shipping,queue-master,payment",1,1,1,1.0,catalogue,"catalogue,payment,carts,front-end,user",1,1,1,1.0,catalogue,"catalogue,payment,carts,orders,queue-master",1,1,1,1.0,catalogue,"catalogue,payment,orders,queue-master,shipping",1,1,1,1.0,catalogue,"catalogue,payment,orders,shipping,carts",1,1,1,1.0,catalogue,"catalogue,shipping,queue-master,orders,payment",1,1,1,1.0,catalogue,"catalogue,shipping,carts,front-end,user"
sockshop,disk,catalogue_disk,4,catalogue,8,2026-08-29T00:47:10.105344+00:00,12.0,1.49,18.1,45,7,1,0,0,1,0.625,shipping,"shipping,queue-master,orders,catalogue,payment",0,0,1,0.5,shipping,"shipping,orders,queue-master,payment,catalogue",0,1,1,0.75,shipping,"shipping,queue-master,catalogue,carts,orders",0,1,1,0.75,queue-master,"queue-master,shipping,catalogue,orders,payment",0,1,1,0.75,shipping,"shipping,queue-master,catalogue,orders,carts",0,1,1,0.75,queue-master,"queue-master,shipping,catalogue,orders,payment",0,0,0,0.125,front-end,"front-end,orders,carts,payment,user",0,0,0,0.125,front-end,"front-end,orders,carts,payment,user"
sockshop,disk,catalogue_disk,5,catalogue,8,2026-08-29T00:47:22.089723+00:00,8.8,1.1,12.5,25,8,0,0,1,1,0.875,front-end,"front-end,catalogue,user,carts,shipping",0,1,1,0.75,front-end,"front-end,user,catalogue,carts,shipping",1,1,1,1.0,catalogue,"catalogue,carts,front-end,orders,user",1,1,1,1.0,catalogue,"catalogue,front-end,carts,orders,queue-master",1,1,1,1.0,catalogue,"catalogue,carts,front-end,user,orders",1,1,1,1.0,catalogue,"catalogue,carts,user,queue-master,shipping",0,0,0,0.25,queue-master,"queue-master,front-end,user,orders,payment",0,0,0,0.125,front-end,"front-end,queue-master,user,payment,carts"
sockshop,disk,orders_disk,1,orders,8,2026-08-29T00:47:30.925410+00:00,10.5,1.31,15.0,35,8,0,1,1,1,1.0,orders,"orders,catalogue,queue-master,carts,front-end",1,1,1,1.0,orders,"orders,catalogue,queue-master,carts,front-end",0,1,1,0.875,catalogue,"catalogue,orders,queue-master,front-end,carts",0,1,1,0.875,catalogue,"catalogue,orders,queue-master,carts,payment",1,1,1,1.0,orders,"orders,catalogue,queue-master,carts,front-end",1,1,1,1.0,orders,"orders,catalogue,queue-master,front-end,carts",1,1,1,1.0,orders,"orders,carts,payment,queue-master,front-end",1,1,1,1.0,orders,"orders,catalogue,carts,user,payment"
sockshop,disk,orders_disk,2,orders,7,2026-08-29T00:47:41.450262+00:00,11.0,1.57,16.4,45,6,1,0,1,1,0.8571,front-end,"front-end,orders,payment,shipping,catalogue",0,1,1,0.8571,front-end,"front-end,orders,payment,catalogue,shipping",1,1,1,1.0,orders,"orders,payment,catalogue,shipping,front-end",1,1,1,1.0,orders,"orders,payment,catalogue,carts,front-end",1,1,1,1.0,orders,"orders,payment,catalogue,front-end,shipping",1,1,1,1.0,orders,"orders,payment,catalogue,front-end,shipping",0,0,1,0.5714,front-end,"front-end,carts,shipping,orders,user",0,0,0,0.2857,front-end,"front-end,payment,catalogue,carts,user"
sockshop,disk,orders_disk,3,orders,8,2026-08-29T00:47:52.467480+00:00,11.7,1.47,18.8,45,7,1,0,1,1,0.875,front-end,"front-end,orders,payment,catalogue,shipping",0,1,1,0.875,front-end,"front-end,orders,payment,catalogue,shipping",1,1,1,1.0,orders,"orders,catalogue,payment,shipping,queue-master",1,1,1,1.0,orders,"orders,catalogue,payment,queue-master,carts",1,1,1,1.0,orders,"orders,catalogue,payment,front-end,shipping",1,1,1,1.0,orders,"orders,catalogue,payment,front-end,shipping",1,1,1,1.0,orders,"orders,front-end,shipping,queue-master,carts",1,1,1,1.0,orders,"orders,front-end,catalogue,payment,carts"
sockshop,disk,orders_disk,4,orders,8,2026-08-29T00:48:04.231868+00:00,12.0,1.5,20.6,45,7,1,0,1,1,0.875,front-end,"front-end,orders,payment,catalogue,queue-master",0,1,1,0.75,front-end,"front-end,payment,orders,catalogue,queue-master",1,1,1,1.0,orders,"orders,payment,catalogue,shipping,carts",1,1,1,1.0,orders,"orders,payment,catalogue,queue-master,shipping",1,1,1,1.0,orders,"orders,payment,catalogue,front-end,carts",1,1,1,1.0,orders,"orders,payment,catalogue,front-end,carts",0,1,1,0.75,queue-master,"queue-master,front-end,orders,shipping,carts",0,0,0,0.375,front-end,"front-end,queue-master,payment,catalogue,carts"
sockshop,disk,orders_disk,5,orders,8,2026-08-29T00:48:16.273567+00:00,12.1,1.51,14.4,45,7,1,0,1,1,0.75,front-end,"front-end,payment,orders,catalogue,queue-master",0,1,1,0.75,payment,"payment,front-end,orders,catalogue,user",1,1,1,1.0,orders,"orders,catalogue,payment,front-end,carts",1,1,1,1.0,orders,"orders,catalogue,payment,front-end,queue-master",1,1,1,1.0,orders,"orders,catalogue,payment,front-end,carts",1,1,1,1.0,orders,"orders,catalogue,payment,front-end,carts",1,1,1,1.0,orders,"orders,queue-master,front-end,shipping,payment",1,1,1,1.0,orders,"orders,queue-master,catalogue,front-end,payment"
sockshop,disk,payment_disk,1,payment,8,2026-08-29T00:48:28.388374+00:00,11.8,1.47,16.9,45,7,1,0,1,1,0.75,shipping,"shipping,orders,payment,catalogue,carts",0,1,1,0.875,shipping,"shipping,payment,orders,catalogue,carts",1,1,1,1.0,payment,"payment,orders,shipping,carts,front-end",1,1,1,1.0,payment,"payment,orders,shipping,carts,user",1,1,1,1.0,payment,"payment,orders,shipping,carts,front-end",1,1,1,1.0,payment,"payment,orders,shipping,carts,front-end",0,1,1,0.875,orders,"orders,payment,front-end,user,queue-master",0,0,1,0.5,orders,"orders,carts,user,catalogue,payment"
sockshop,disk,payment_disk,2,payment,8,2026-08-29T00:48:40.208978+00:00,10.4,1.3,13.8,35,8,0,0,1,1,0.75,front-end,"front-end,orders,payment,carts,user",0,1,1,0.875,front-end,"front-end,payment,orders,carts,user",1,1,1,1.0,payment,"payment,orders,front-end,catalogue,user",1,1,1,1.0,payment,"payment,orders,front-end,queue-master,catalogue",1,1,1,1.0,payment,"payment,orders,front-end,catalogue,queue-master",1,1,1,1.0,payment,"payment,orders,front-end,catalogue,carts",1,1,1,1.0,payment,"payment,user,orders,carts,front-end",1,1,1,1.0,payment,"payment,user,orders,carts,catalogue"
sockshop,disk,payment_disk,3,payment,8,2026-08-29T00:48:50.592543+00:00,10.9,1.36,10.6,40,8,0,0,1,1,0.75,orders,"orders,front-end,payment,user,shipping",0,1,1,0.75,orders,"orders,front-end,payment,shipping,user",1,1,1,1.0,payment,"payment,orders,front-end,catalogue,carts",1,1,1,1.0,payment,"payment,orders,front-end,catalogue,carts",1,1,1,1.0,payment,"payment,orders,front-end,catalogue,carts",1,1,1,1.0,payment,"payment,orders,front-end,catalogue,carts",0,1,1,0.875,queue-master,"queue-master,payment,front-end,user,catalogue",0,0,0,0.125,queue-master,"queue-master,user,carts,front-end,orders"
sockshop,disk,payment_disk,4,payment,8,2026-08-29T00:49:01.511687+00:00,8.2,1.02,8.8,20,8,0,0,1,1,0.75,user,"user,front-end,payment,orders,queue-master",0,1,1,0.75,user,"user,front-end,payment,orders,carts",1,1,1,1.0,payment,"payment,orders,front-end,catalogue,queue-master",1,1,1,1.0,payment,"payment,orders,front-end,catalogue,queue-master",1,1,1,1.0,payment,"payment,orders,front-end,user,queue-master",1,1,1,1.0,payment,"payment,orders,front-end,user,catalogue",0,1,1,0.875,queue-master,"queue-master,payment,shipping,orders,user",0,1,1,0.875,queue-master,"queue-master,payment,orders,user,carts"
sockshop,disk,payment_disk,5,payment,8,2026-08-29T00:49:09.699993+00:00,11.1,1.38,13.8,40,8,0,0,1,1,0.875,front-end,"front-end,payment,orders,user,shipping",0,1,1,0.75,front-end,"front-end,orders,payment,user,shipping",1,1,1,1.0,payment,"payment,orders,shipping,catalogue,user",1,1,1,1.0,payment,"payment,orders,shipping,catalogue,carts",1,1,1,1.0,payment,"payment,orders,shipping,user,front-end",1,1,1,1.0,payment,"payment,orders,shipping,user,front-end",1,1,1,1.0,payment,"payment,orders,front-end,user,catalogue",1,1,1,1.0,payment,"payment,orders,shipping,front-end,user"
sockshop,disk,user_disk,1,user,8,2026-08-29T00:49:20.780360+00:00,8.6,1.08,8.8,25,8,0,0,1,1,0.75,orders,"orders,front-end,user,payment,catalogue",0,1,1,0.875,orders,"orders,user,front-end,payment,catalogue",1,1,1,1.0,user,"user,orders,front-end,catalogue,payment",1,1,1,1.0,user,"user,orders,front-end,catalogue,payment",1,1,1,1.0,user,"user,orders,front-end,catalogue,payment",1,1,1,1.0,user,"user,orders,front-end,catalogue,payment",1,1,1,1.0,user,"user,queue-master,carts,front-end,orders",1,1,1,1.0,user,"user,queue-master,payment,front-end,carts"
sockshop,disk,user_disk,2,user,8,2026-08-29T00:49:29.416331+00:00,9.3,1.16,11.2,30,8,0,0,1,1,0.75,orders,"orders,front-end,user,payment,catalogue",0,1,1,0.75,orders,"orders,front-end,user,payment,catalogue",1,1,1,1.0,user,"user,front-end,payment,catalogue,carts",1,1,1,1.0,user,"user,front-end,payment,catalogue,carts",1,1,1,1.0,user,"user,front-end,payment,catalogue,carts",1,1,1,1.0,user,"user,front-end,payment,catalogue,carts",1,1,1,1.0,user,"user,front-end,orders,queue-master,shipping",1,1,1,1.0,user,"user,queue-master,payment,carts,catalogue"
sockshop,disk,user_disk,3,user,7,2026-08-29T00:49:38.744429+00:00,8.7,1.24,11.4,30,7,0,0,1,1,0.7143,front-end,"front-end,orders,user,payment,catalogue",0,1,1,0.8571,front-end,"front-end,user,orders,payment,catalogue",1,1,1,1.0,user,"user,front-end,orders,catalogue,payment",1,1,1,1.0,user,"user,front-end,orders,catalogue,payment",1,1,1,1.0,user,"user,front-end,orders,catalogue,payment",1,1,1,1.0,user,"user,front-end,orders,catalogue,payment",1,1,1,1.0,user,"user,front-end,orders,carts,payment",1,1,1,1.0,user,"user,front-end,catalogue,carts,payment"
sockshop,disk,user_disk,4,user,7,2026-08-29T00:49:47.446550+00:00,11.2,1.61,22.9,45,6,1,0,1,1,0.7143,front-end,"front-end,payment,user,catalogue,shipping",0,1,1,0.7143,front-end,"front-end,payment,user,catalogue,shipping",1,1,1,1.0,user,"user,catalogue,payment,front-end,carts",1,1,1,1.0,user,"user,catalogue,payment,front-end,carts",1,1,1,1.0,user,"user,catalogue,payment,front-end,carts",1,1,1,1.0,user,"user,catalogue,payment,front-end,shipping",1,1,1,1.0,user,"user,front-end,shipping,orders,carts",1,1,1,1.0,user,"user,front-end,orders,shipping,catalogue"
sockshop,disk,user_disk,5,user,8,2026-08-29T00:49:58.711296+00:00,8.7,1.08,9.4,25,8,0,0,1,1,0.875,front-end,"front-end,user,payment,orders,shipping",0,1,1,0.875,front-end,"front-end,user,payment,orders,shipping",1,1,1,1.0,user,"user,catalogue,payment,shipping,orders",1,1,1,1.0,user,"user,catalogue,payment,queue-master,carts",1,1,1,1.0,user,"user,catalogue,payment,front-end,shipping",1,1,1,1.0,user,"user,catalogue,payment,front-end,shipping",1,1,1,1.0,user,"user,front-end,orders,carts,queue-master",1,1,1,1.0,user,"user,front-end,queue-master,catalogue,carts"
sockshop,loss,carts_loss,1,carts,8,2026-08-29T00:50:07.394964+00:00,10.1,1.26,13.8,35,8,0,0,0,1,0.625,payment,"payment,user,front-end,carts,orders",0,0,1,0.625,payment,"payment,user,front-end,carts,orders",1,1,1,1.0,carts,"carts,orders,front-end,payment,shipping",1,1,1,1.0,carts,"carts,orders,front-end,payment,user",1,1,1,1.0,carts,"carts,orders,front-end,payment,user",1,1,1,1.0,carts,"carts,orders,front-end,payment,user",1,1,1,1.0,carts,"carts,front-end,orders,payment,user",1,1,1,1.0,carts,"carts,front-end,orders,payment,user"
sockshop,loss,carts_loss,2,carts,8,2026-08-29T00:50:17.468480+00:00,9.7,1.22,13.1,30,8,0,0,0,1,0.625,orders,"orders,front-end,shipping,carts,user",0,0,1,0.625,front-end,"front-end,orders,shipping,carts,user",1,1,1,1.0,carts,"carts,front-end,orders,shipping,payment",1,1,1,1.0,carts,"carts,front-end,orders,shipping,catalogue",1,1,1,1.0,carts,"carts,front-end,orders,shipping,payment",1,1,1,1.0,carts,"carts,front-end,orders,payment,user",0,1,1,0.875,shipping,"shipping,carts,user,orders,front-end",0,1,1,0.75,shipping,"shipping,user,carts,catalogue,orders"
sockshop,loss,carts_loss,3,carts,8,2026-08-29T00:50:27.209669+00:00,12.2,1.52,20.0,45,6,2,0,1,1,0.875,front-end,"front-end,carts,orders,queue-master,shipping",0,1,1,0.875,front-end,"front-end,carts,orders,queue-master,shipping",0,1,1,0.875,orders,"orders,carts,front-end,shipping,payment",0,1,1,0.875,orders,"orders,carts,front-end,shipping,user",0,1,1,0.875,orders,"orders,carts,front-end,shipping,queue-master",0,1,1,0.875,orders,"orders,carts,front-end,shipping,queue-master",0,1,1,0.875,front-end,"front-end,carts,payment,orders,catalogue",0,1,1,0.875,front-end,"front-end,carts,shipping,queue-master,orders"
sockshop,loss,carts_loss,4,carts,8,2026-08-29T00:50:39.431459+00:00,11.2,1.4,22.5,40,8,0,0,1,1,0.75,orders,"orders,front-end,carts,shipping,queue-master",0,1,1,0.75,orders,"orders,front-end,carts,shipping,queue-master",1,1,1,1.0,carts,"carts,front-end,orders,user,payment",1,1,1,1.0,carts,"carts,front-end,orders,shipping,queue-master",1,1,1,1.0,carts,"carts,front-end,orders,shipping,queue-master",1,1,1,1.0,carts,"carts,front-end,orders,shipping,user",0,1,1,0.875,shipping,"shipping,carts,orders,front-end,catalogue",0,0,1,0.625,shipping,"shipping,orders,front-end,carts,payment"
sockshop,loss,carts_loss,5,carts,8,2026-08-29T00:50:50.697443+00:00,11.8,1.47,16.2,45,7,1,0,1,1,0.75,front-end,"front-end,orders,carts,queue-master,catalogue",0,1,1,0.875,orders,"orders,carts,front-end,catalogue,user",1,1,1,1.0,carts,"carts,orders,front-end,payment,shipping",1,1,1,1.0,carts,"carts,orders,front-end,shipping,queue-master",1,1,1,1.0,carts,"carts,orders,front-end,queue-master,catalogue",1,1,1,1.0,carts,"carts,orders,front-end,catalogue,user",0,0,1,0.625,queue-master,"queue-master,orders,front-end,carts,catalogue",0,1,1,0.75,queue-master,"queue-master,orders,carts,front-end,catalogue"
sockshop,loss,catalogue_loss,1,catalogue,8,2026-08-29T00:51:02.482728+00:00,10.9,1.36,11.2,40,8,0,0,1,1,0.75,front-end,"front-end,carts,catalogue,queue-master,user",0,1,1,0.875,front-end,"front-end,catalogue,carts,queue-master,user",1,1,1,1.0,catalogue,"catalogue,front-end,carts,queue-master,user",1,1,1,1.0,catalogue,"catalogue,front-end,carts,queue-master,user",1,1,1,1.0,catalogue,"catalogue,front-end,carts,queue-master,shipping",1,1,1,1.0,catalogue,"catalogue,front-end,carts,queue-master,user",1,1,1,1.0,catalogue,"catalogue,front-end,payment,shipping,user",1,1,1,1.0,catalogue,"catalogue,front-end,shipping,queue-master,carts"
sockshop,loss,catalogue_loss,2,catalogue,8,2026-08-29T00:51:13.381640+00:00,9.5,1.18,13.1,30,8,0,0,1,1,0.75,front-end,"front-end,carts,catalogue,shipping,user",0,1,1,0.75,front-end,"front-end,carts,catalogue,shipping,user",1,1,1,1.0,catalogue,"catalogue,shipping,front-end,user,payment",1,1,1,1.0,catalogue,"catalogue,shipping,front-end,user,orders",1,1,1,1.0,catalogue,"catalogue,front-end,shipping,user,carts",1,1,1,1.0,catalogue,"catalogue,front-end,carts,shipping,orders",0,1,1,0.75,orders,"orders,shipping,catalogue,carts,front-end",0,0,1,0.5,orders,"orders,front-end,shipping,carts,catalogue"
sockshop,loss,catalogue_loss,3,catalogue,8,2026-08-29T00:51:22.891320+00:00,6.9,0.87,5.6,10,8,0,0,1,1,0.75,front-end,"front-end,carts,catalogue,shipping,queue-master",0,1,1,0.875,front-end,"front-end,catalogue,carts,shipping,queue-master",1,1,1,1.0,catalogue,"catalogue,orders,user,front-end,carts",1,1,1,1.0,catalogue,"catalogue,orders,user,front-end,carts",1,1,1,1.0,catalogue,"catalogue,front-end,user,carts,orders",1,1,1,1.0,catalogue,"catalogue,front-end,user,carts,orders",1,1,1,1.0,catalogue,"catalogue,front-end,payment,shipping,queue-master",1,1,1,1.0,catalogue,"catalogue,front-end,carts,orders,shipping"
sockshop,loss,catalogue_loss,4,catalogue,8,2026-08-29T00:51:29.851784+00:00,9.4,1.17,15.0,25,8,0,0,0,1,0.5,front-end,"front-end,carts,shipping,orders,catalogue",0,0,1,0.5,front-end,"front-end,carts,shipping,orders,catalogue",1,1,1,1.0,catalogue,"catalogue,front-end,carts,queue-master,shipping",1,1,1,1.0,catalogue,"catalogue,front-end,queue-master,carts,payment",1,1,1,1.0,catalogue,"catalogue,carts,front-end,shipping,orders",1,1,1,1.0,catalogue,"catalogue,front-end,carts,orders,payment",0,0,1,0.625,orders,"orders,shipping,user,catalogue,front-end",0,0,1,0.625,orders,"orders,shipping,user,catalogue,front-end"
sockshop,loss,catalogue_loss,5,catalogue,8,2026-08-29T00:51:39.250714+00:00,6.9,0.86,6.2,10,8,0,0,1,1,0.875,front-end,"front-end,catalogue,carts,orders,queue-master",0,1,1,0.875,front-end,"front-end,catalogue,carts,orders,queue-master",1,1,1,1.0,catalogue,"catalogue,user,carts,front-end,orders",1,1,1,1.0,catalogue,"catalogue,user,carts,front-end,orders",1,1,1,1.0,catalogue,"catalogue,carts,front-end,user,orders",1,1,1,1.0,catalogue,"catalogue,carts,front-end,user,orders",1,1,1,1.0,catalogue,"catalogue,front-end,payment,shipping,orders",1,1,1,1.0,catalogue,"catalogue,front-end,user,queue-master,carts"
sockshop,loss,orders_loss,1,orders,8,2026-08-29T00:51:46.178975+00:00,6.3,0.79,5.0,5,8,0,0,0,0,0.375,carts,"carts,front-end,shipping,user,payment",0,0,0,0.375,carts,"carts,front-end,shipping,user,payment",1,1,1,1.0,orders,"orders,shipping,payment,front-end,catalogue",1,1,1,1.0,orders,"orders,shipping,payment,front-end,user",1,1,1,1.0,orders,"orders,shipping,payment,front-end,user",1,1,1,1.0,orders,"orders,shipping,payment,front-end,user",1,1,1,1.0,orders,"orders,carts,front-end,payment,user",1,1,1,1.0,orders,"orders,carts,front-end,shipping,payment"
sockshop,loss,orders_loss,2,orders,8,2026-08-29T00:51:52.557618+00:00,10.0,1.25,11.2,35,8,0,0,0,0,0.25,user,"user,carts,front-end,catalogue,shipping",0,0,0,0.25,user,"user,carts,front-end,catalogue,payment",1,1,1,1.0,orders,"orders,payment,shipping,front-end,carts",1,1,1,1.0,orders,"orders,payment,shipping,front-end,carts",1,1,1,1.0,orders,"orders,payment,shipping,front-end,carts",1,1,1,1.0,orders,"orders,payment,shipping,front-end,carts",0,0,0,0.125,queue-master,"queue-master,front-end,carts,user,payment",0,0,0,0.25,queue-master,"queue-master,front-end,carts,user,payment"
sockshop,loss,orders_loss,3,orders,8,2026-08-29T00:52:02.546735+00:00,11.0,1.38,13.1,45,8,0,0,0,1,0.5,carts,"carts,front-end,user,payment,orders",0,0,1,0.5,carts,"carts,user,front-end,payment,orders",0,1,1,0.875,payment,"payment,orders,shipping,user,front-end",0,1,1,0.875,payment,"payment,orders,shipping,user,front-end",1,1,1,1.0,orders,"orders,payment,user,front-end,shipping",1,1,1,1.0,orders,"orders,payment,user,front-end,shipping",0,1,1,0.875,carts,"carts,orders,front-end,user,catalogue",0,1,1,0.75,carts,"carts,front-end,orders,user,shipping"
sockshop,loss,orders_loss,4,orders,8,2026-08-29T00:52:13.585261+00:00,11.5,1.44,11.9,45,7,1,0,1,1,0.875,front-end,"front-end,orders,carts,payment,shipping",0,1,1,0.875,front-end,"front-end,orders,carts,payment,shipping",0,1,1,0.875,payment,"payment,orders,shipping,front-end,queue-master",0,1,1,0.875,payment,"payment,orders,shipping,front-end,user",0,1,1,0.875,payment,"payment,orders,shipping,front-end,carts",0,1,1,0.875,payment,"payment,orders,shipping,front-end,carts",0,1,1,0.75,front-end,"front-end,carts,orders,queue-master,catalogue",0,1,1,0.75,front-end,"front-end,carts,orders,payment,user"
sockshop,loss,orders_loss,5,orders,8,2026-08-29T00:52:25.100073+00:00,7.6,0.95,6.2,15,8,0,0,0,1,0.625,front-end,"front-end,user,carts,orders,payment",0,0,1,0.5,front-end,"front-end,carts,payment,user,orders",1,1,1,1.0,orders,"orders,shipping,payment,carts,user",1,1,1,1.0,orders,"orders,shipping,payment,carts,user",1,1,1,1.0,orders,"orders,shipping,payment,carts,front-end",1,1,1,1.0,orders,"orders,shipping,payment,carts,front-end",0,1,1,0.75,front-end,"front-end,user,orders,carts,catalogue",0,0,0,0.375,shipping,"shipping,catalogue,queue-master,front-end,payment"
sockshop,loss,payment_loss,1,payment,8,2026-08-29T00:52:32.678797+00:00,10.1,1.26,14.4,35,8,0,1,1,1,1.0,payment,"payment,front-end,carts,shipping,orders",1,1,1,1.0,payment,"payment,carts,front-end,shipping,orders",0,1,1,0.75,orders,"orders,carts,payment,front-end,shipping",0,1,1,0.75,orders,"orders,carts,payment,front-end,catalogue",0,1,1,0.875,orders,"orders,payment,front-end,carts,shipping",0,1,1,0.875,orders,"orders,payment,carts,front-end,shipping",0,1,1,0.75,carts,"carts,front-end,payment,queue-master,shipping",0,1,1,0.75,orders,"orders,front-end,payment,queue-master,catalogue"
sockshop,loss,payment_loss,2,payment,8,2026-08-29T00:52:42.827552+00:00,12.6,1.57,25.0,45,6,2,1,1,1,1.0,payment,"payment,orders,user,queue-master,catalogue",1,1,1,1.0,payment,"payment,orders,user,queue-master,catalogue",0,1,1,0.875,queue-master,"queue-master,payment,orders,catalogue,shipping",0,1,1,0.875,queue-master,"queue-master,payment,orders,carts,user",0,1,1,0.875,queue-master,"queue-master,payment,orders,user,catalogue",1,1,1,1.0,payment,"payment,queue-master,orders,shipping,catalogue",0,0,1,0.625,queue-master,"queue-master,orders,carts,payment,user",0,0,1,0.5,orders,"orders,carts,catalogue,user,payment"
sockshop,loss,payment_loss,3,payment,8,2026-08-29T00:52:55.437588+00:00,12.2,1.53,20.0,45,7,1,0,0,1,0.625,front-end,"front-end,user,orders,payment,shipping",0,0,1,0.625,front-end,"front-end,user,orders,payment,shipping",1,1,1,1.0,payment,"payment,orders,user,shipping,carts",1,1,1,1.0,payment,"payment,orders,user,shipping,queue-master",1,1,1,1.0,payment,"payment,orders,user,front-end,shipping",1,1,1,1.0,payment,"payment,orders,user,front-end,carts",0,0,0,0.375,front-end,"front-end,orders,shipping,catalogue,user",0,0,0,0.25,front-end,"front-end,shipping,orders,user,catalogue"
sockshop,loss,payment_loss,4,payment,8,2026-08-29T00:53:07.683984+00:00,12.9,1.61,26.2,45,6,2,1,1,1,1.0,payment,"payment,carts,shipping,front-end,orders",1,1,1,1.0,payment,"payment,shipping,front-end,orders,carts",0,1,1,0.875,orders,"orders,payment,carts,front-end,catalogue",0,1,1,0.875,orders,"orders,payment,carts,queue-master,user",1,1,1,1.0,payment,"payment,orders,carts,shipping,front-end",1,1,1,1.0,payment,"payment,orders,carts,front-end,shipping",0,1,1,0.875,shipping,"shipping,payment,carts,orders,queue-master",0,0,0,0.25,shipping,"shipping,catalogue,front-end,carts,orders"
sockshop,loss,payment_loss,5,payment,8,2026-08-29T00:53:20.621178+00:00,12.1,1.52,23.1,45,7,1,1,1,1,1.0,payment,"payment,orders,queue-master,shipping,carts",1,1,1,1.0,payment,"payment,orders,queue-master,shipping,carts",0,1,1,0.875,orders,"orders,payment,queue-master,shipping,user",0,1,1,0.875,orders,"orders,payment,shipping,carts,user",0,1,1,0.875,orders,"orders,payment,queue-master,shipping,carts",0,1,1,0.875,orders,"orders,payment,queue-master,carts,shipping",0,1,1,0.875,shipping,"shipping,payment,front-end,queue-master,user",0,0,1,0.625,shipping,"shipping,orders,front-end,payment,queue-master"
sockshop,loss,user_loss,1,user,8,2026-08-29T00:53:32.794698+00:00,8.9,1.11,13.1,25,8,0,0,1,1,0.75,orders,"orders,front-end,user,payment,queue-master",0,1,1,0.75,orders,"orders,front-end,user,payment,queue-master",1,1,1,1.0,user,"user,front-end,queue-master,orders,payment",1,1,1,1.0,user,"user,front-end,queue-master,orders,payment",1,1,1,1.0,user,"user,front-end,orders,queue-master,payment",1,1,1,1.0,user,"user,front-end,orders,queue-master,payment",1,1,1,1.0,user,"user,orders,front-end,catalogue,carts",1,1,1,1.0,user,"user,front-end,catalogue,carts,orders"
sockshop,loss,user_loss,2,user,8,2026-08-29T00:53:41.729532+00:00,12.4,1.55,17.5,45,7,1,0,1,1,0.875,orders,"orders,user,front-end,carts,queue-master",1,1,1,1.0,user,"user,front-end,orders,carts,shipping",1,1,1,1.0,user,"user,front-end,orders,carts,catalogue",1,1,1,1.0,user,"user,front-end,orders,carts,catalogue",1,1,1,1.0,user,"user,front-end,orders,carts,queue-master",1,1,1,1.0,user,"user,front-end,orders,carts,shipping",1,1,1,1.0,user,"user,carts,shipping,orders,queue-master",1,1,1,1.0,user,"user,carts,shipping,orders,payment"
sockshop,loss,user_loss,3,user,8,2026-08-29T00:53:54.130935+00:00,12.2,1.53,13.8,45,7,1,1,1,1,1.0,user,"user,carts,front-end,orders,queue-master",1,1,1,1.0,user,"user,front-end,carts,orders,queue-master",1,1,1,1.0,user,"user,orders,front-end,payment,catalogue",1,1,1,1.0,user,"user,orders,front-end,payment,catalogue",1,1,1,1.0,user,"user,orders,front-end,carts,queue-master",1,1,1,1.0,user,"user,orders,front-end,carts,queue-master",1,1,1,1.0,user,"user,orders,front-end,queue-master,carts",1,1,1,1.0,user,"user,orders,front-end,queue-master,carts"
sockshop,loss,user_loss,4,user,8,2026-08-29T00:54:06.376878+00:00,7.7,0.96,8.1,15,8,0,0,0,1,0.5,shipping,"shipping,orders,carts,front-end,user",0,0,1,0.5,shipping,"shipping,carts,orders,front-end,user",1,1,1,1.0,user,"user,front-end,orders,payment,shipping",1,1,1,1.0,user,"user,front-end,orders,payment,shipping",1,1,1,1.0,user,"user,front-end,orders,shipping,payment",1,1,1,1.0,user,"user,front-end,orders,shipping,payment",0,1,1,0.875,shipping,"shipping,user,orders,carts,queue-master",0,1,1,0.875,shipping,"shipping,user,orders,carts,front-end"
sockshop,loss,user_loss,5,user,8,2026-08-29T00:54:14.091118+00:00,11.7,1.46,15.6,45,8,0,0,0,1,0.625,front-end,"front-end,orders,carts,user,shipping",0,0,1,0.625,orders,"orders,front-end,carts,user,shipping",1,1,1,1.0,user,"user,queue-master,front-end,catalogue,shipping",1,1,1,1.0,user,"user,queue-master,front-end,catalogue,payment",1,1,1,1.0,user,"user,front-end,orders,queue-master,carts",1,1,1,1.0,user,"user,front-end,orders,carts,shipping",1,1,1,1.0,user,"user,orders,front-end,queue-master,shipping",1,1,1,1.0,user,"user,orders,front-end,queue-master,payment"
