case,true,nsigma_seconds,nsigma_error,nsigma_acc@1,nsigma_acc@3,nsigma_acc@5,nsigma_top1,nsigma_top5,baro_seconds,baro_error,baro_acc@1,baro_acc@3,baro_acc@5,baro_top1,baro_top5,rcd_seconds,rcd_error,rcd_acc@1,rcd_acc@3,rcd_acc@5,rcd_top1,rcd_top5,circa_seconds,circa_error,circa_acc@1,circa_acc@3,circa_acc@5,circa_top1,circa_top5,rcg_seconds,rcg_error,rcg_acc@1,rcg_acc@3,rcg_acc@5,rcg_top1,rcg_top5,nsigma_AC@1,nsigma_Avg@1,nsigma_AC@3,nsigma_Avg@3,nsigma_AC@5,nsigma_Avg@5,nsigma_PRR,baro_AC@1,baro_Avg@1,baro_AC@3,baro_Avg@3,baro_AC@5,baro_Avg@5,baro_PRR,rcd_AC@1,rcd_Avg@1,rcd_AC@3,rcd_Avg@3,rcd_AC@5,rcd_Avg@5,rcd_PRR,circa_AC@1,circa_Avg@1,circa_AC@3,circa_Avg@3,circa_AC@5,circa_Avg@5,circa_PRR,rcg_AC@1,rcg_Avg@1,rcg_AC@3,rcg_Avg@3,rcg_AC@5,rcg_Avg@5,rcg_PRR
uniform_blue_mid.csv,blue,2.87,,0,0,1,current,"current,vis_2,vis_1,vis_3,blue",2.85,,0,0,0,current,"current,vis_2,vis_3,vis_1,ir_3",4.68,,1,1,1,blue,"blue,vis_2,vis_1,l_32,ir_2",3.01,,0,0,1,ir_3,"ir_3,vis_3,angle_1,blue,vis_2",3.34,,1,1,1,blue,"blue,angle_1,vis_2,vis_1,ir_2",0.0,0.0,0.0,0.0,1.0,0.2,0.0,0.0,0.0,0.0,0.0,0.0,0.0,0.0,1.0,1.0,1.0,1.0,1.0,1.0,1.0,0.0,0.0,0.0,0.0,1.0,0.4,0.0,1.0,1.0,1.0,1.0,1.0,1.0,1.0
uniform_blue_strong.csv,blue,2.81,,0,1,1,vis_3,"vis_3,vis_2,blue,vis_1,current",2.79,,0,0,1,vis_3,"vis_3,vis_2,vis_1,current,blue",3.64,,1,1,1,blue,blue,3.02,,1,1,1,blue,"blue,angle_1,vis_2,vis_3,ir_3",3.3,,1,1,1,blue,"blue,angle_1,angle_2,l_12,l_22",0.0,0.0,1.0,0.3333333333333333,1.0,0.6,0.0,0.0,0.0,0.0,0.0,1.0,0.2,0.0,1.0,1.0,1.0,1.0,1.0,1.0,1.0,1.0,1.0,1.0,1.0,1.0,1.0,1.0,1.0,1.0,1.0,1.0,1.0,1.0,1.0
uniform_diode_ir_1_mid.csv,diode_ir_1,2.86,,0,0,0,current,"current,ir_3,ir_2,vis_2,vis_3",2.91,,0,0,0,current,"current,ir_3,ir_2,vis_3,vis_2",3.34,,1,1,1,diode_ir_1,diode_ir_1,3.01,,0,0,0,ir_1,"ir_1,vis_2,angle_1,vis_3,ir_3",3.46,,1,1,1,diode_ir_1,"diode_ir_1,vis_1,vis_2,ir_2,current",0.0,0.0,0.0,0.0,0.0,0.0,0.0,0.0,0.0,0.0,0.0,0.0,0.0,0.0,1.0,1.0,1.0,1.0,1.0,1.0,1.0,0.0,0.0,0.0,0.0,0.0,0.0,0.0,1.0,1.0,1.0,1.0,1.0,1.0,1.0
uniform_diode_ir_1_strong.csv,diode_ir_1,2.88,,0,0,0,current,"current,ir_2,ir_3,vis_3,vis_2",3.06,,0,0,0,current,"current,ir_2,ir_3,vis_3,vis_2",3.61,,1,1,1,diode_ir_1,diode_ir_1,3.44,,0,0,0,ir_1,"ir_1,angle_2,ir_2,vis_2,current",3.75,,1,1,1,diode_ir_1,"diode_ir_1,ir_2,vis_1,vis_2,current",0.0,0.0,0.0,0.0,0.0,0.0,0.0,0.0,0.0,0.0,0.0,0.0,0.0,0.0,1.0,1.0,1.0,1.0,1.0,1.0,1.0,0.0,0.0,0.0,0.0,0.0,0.0,0.0,1.0,1.0,1.0,1.0,1.0,1.0,1.0
uniform_diode_ir_2_mid.csv,diode_ir_2,3.19,,0,0,0,current,"current,vis_1,vis_2,ir_1,vis_3",3.26,,0,0,0,current,"current,vis_1,vis_2,ir_1,vis_3",3.75,,1,1,1,diode_ir_2,diode_ir_2,3.31,,0,0,0,ir_2,"ir_2,ir_3,vis_2,vis_3,ir_1",3.68,,1,1,1,diode_ir_2,"diode_ir_2,vis_2,ir_1,vis_1,current",0.0,0.0,0.0,0.0,0.0,0.0,0.0,0.0,0.0,0.0,0.0,0.0,0.0,0.0,1.0,1.0,1.0,1.0,1.0,1.0,1.0,0.0,0.0,0.0,0.0,0.0,0.0,0.0,1.0,1.0,1.0,1.0,1.0,1.0,1.0
uniform_diode_ir_2_strong.csv,diode_ir_2,3.1,,0,0,0,current,"current,vis_2,ir_1,vis_1,vis_3",2.89,,0,0,0,current,"current,vis_2,ir_1,ir_3,vis_3",3.55,,1,1,1,diode_ir_2,diode_ir_2,3.1,,0,0,1,ir_2,"ir_2,angle_1,ir_3,diode_ir_2,angle_2",3.38,,1,1,1,diode_ir_2,"diode_ir_2,vis_1,ir_1,vis_2,current",0.0,0.0,0.0,0.0,0.0,0.0,0.0,0.0,0.0,0.0,0.0,0.0,0.0,0.0,1.0,1.0,1.0,1.0,1.0,1.0,1.0,0.0,0.0,0.0,0.0,1.0,0.4,0.0,1.0,1.0,1.0,1.0,1.0,1.0,1.0
uniform_diode_ir_3_mid.csv,diode_ir_3,3.06,,0,0,0,current,"current,vis_1,ir_1,ir_2,vis_3",3.18,,0,0,0,current,"current,ir_1,vis_1,ir_2,vis_3",3.58,,1,1,1,diode_ir_3,diode_ir_3,3.37,,0,0,0,ir_3,"ir_3,angle_2,vis_1,vis_3,ir_2",3.56,,1,1,1,diode_ir_3,"diode_ir_3,ir_2,ir_1,vis_1,vis_2",0.0,0.0,0.0,0.0,0.0,0.0,0.0,0.0,0.0,0.0,0.0,0.0,0.0,0.0,1.0,1.0,1.0,1.0,1.0,1.0,1.0,0.0,0.0,0.0,0.0,0.0,0.0,0.0,1.0,1.0,1.0,1.0,1.0,1.0,1.0
uniform_diode_ir_3_strong.csv,diode_ir_3,3.17,,0,0,0,current,"current,vis_3,ir_2,vis_1,vis_2",3.08,,0,0,0,current,"current,vis_3,ir_2,vis_1,vis_2",3.87,,1,1,1,diode_ir_3,diode_ir_3,3.31,,0,0,0,ir_3,"ir_3,angle_1,angle_2,vis_2,ir_2",3.65,,1,1,1,diode_ir_3,"diode_ir_3,ir_2,vis_1,vis_2,ir_1",0.0,0.0,0.0,0.0,0.0,0.0,0.0,0.0,0.0,0.0,0.0,0.0,0.0,0.0,1.0,1.0,1.0,1.0,1.0,1.0,1.0,0.0,0.0,0.0,0.0,0.0,0.0,0.0,1.0,1.0,1.0,1.0,1.0,1.0,1.0
uniform_diode_vis_1_mid.csv,diode_vis_1,2.97,,0,0,0,current,"current,vis_3,ir_3,vis_2,ir_1",2.92,,0,0,0,current,"current,vis_3,ir_3,vis_2,ir_1",3.5,,1,1,1,diode_vis_1,diode_vis_1,3.06,,0,0,0,vis_1,"vis_1,angle_2,ir_2,vis_2,angle_1",3.46,,1,1,1,diode_vis_1,"diode_vis_1,ir_1,vis_2,ir_2,angle_2",0.0,0.0,0.0,0.0,0.0,0.0,0.0,0.0,0.0,0.0,0.0,0.0,0.0,0.0,1.0,1.0,1.0,1.0,1.0,1.0,1.0,0.0,0.0,0.0,0.0,0.0,0.0,0.0,1.0,1.0,1.0,1.0,1.0,1.0,1.0
uniform_diode_vis_2_mid.csv,diode_vis_2,3.13,,0,0,0,current,"current,ir_1,ir_3,ir_2,vis_1",3.12,,0,0,0,current,"current,ir_1,ir_3,ir_2,vis_1",3.49,,1,1,1,diode_vis_2,diode_vis_2,3.05,,0,0,0,vis_2,"vis_2,angle_2,ir_1,ir_2,vis_1",3.33,,1,1,1,diode_vis_2,"diode_vis_2,vis_1,ir_1,ir_2,current",0.0,0.0,0.0,0.0,0.0,0.0,0.0,0.0,0.0,0.0,0.0,0.0,0.0,0.0,1.0,1.0,1.0,1.0,1.0,1.0,1.0,0.0,0.0,0.0,0.0,0.0,0.0,0.0,1.0,1.0,1.0,1.0,1.0,1.0,1.0
uniform_diode_vis_3_mid.csv,diode_vis_3,2.95,,0,0,0,current,"current,ir_1,vis_1,ir_3,ir_2",2.92,,0,0,0,current,"current,ir_1,ir_3,vis_1,ir_2",3.67,,1,1,1,diode_vis_3,diode_vis_3,3.33,,0,0,0,vis_3,"vis_3,ir_2,vis_2,vis_1,ir_1",3.66,,1,1,1,diode_vis_3,"diode_vis_3,ir_1,vis_2,ir_2,vis_1",0.0,0.0,0.0,0.0,0.0,0.0,0.0,0.0,0.0,0.0,0.0,0.0,0.0,0.0,1.0,1.0,1.0,1.0,1.0,1.0,1.0,0.0,0.0,0.0,0.0,0.0,0.0,0.0,1.0,1.0,1.0,1.0,1.0,1.0,1.0
uniform_green_mid.csv,green,3.19,,0,1,1,current,"current,ir_1,green,vis_3,ir_3",3.14,,0,0,0,current,"current,ir_1,ir_3,vis_3,vis_1",4.7,,1,1,1,green,"green,vis_3,ir_3,vis_1,current",3.38,,0,1,1,angle_1,"angle_1,ir_3,green,current,vis_3",3.7,,1,1,1,green,"green,angle_1,vis_2,ir_2,ir_1",0.0,0.0,1.0,0.3333333333333333,1.0,0.6,0.0,0.0,0.0,0.0,0.0,0.0,0.0,0.0,1.0,1.0,1.0,1.0,1.0,1.0,1.0,0.0,0.0,1.0,0.3333333333333333,1.0,0.6,0.0,1.0,1.0,1.0,1.0,1.0,1.0,1.0
uniform_green_strong.csv,green,3.14,,1,1,1,green,"green,current,ir_3,vis_3,ir_1",3.06,,0,1,1,current,"current,green,ir_3,vis_3,ir_1",3.66,,1,1,1,green,green,3.08,,1,1,1,green,"green,vis_3,ir_3,angle_1,ir_1",3.4,,1,1,1,green,"green,angle_1,angle_2,l_11,pol_2",1.0,1.0,1.0,1.0,1.0,1.0,1.0,0.0,0.0,1.0,0.6666666666666666,1.0,0.8,0.0,1.0,1.0,1.0,1.0,1.0,1.0,1.0,1.0,1.0,1.0,1.0,1.0,1.0,1.0,1.0,1.0,1.0,1.0,1.0,1.0,1.0
uniform_l_11_mid.csv,l_11,2.96,,0,1,1,current,"current,ir_3,l_11,vis_3,ir_2",3.11,,0,0,0,current,"current,ir_3,vis_3,ir_2,vis_1",3.82,,1,1,1,l_11,"l_11,l_22,ir_2,l_32",3.4,,1,1,1,l_11,"l_11,vis_2,current,vis_1,angle_2",3.67,,1,1,1,l_11,"l_11,ir_2,vis_2,current,ir_1",0.0,0.0,1.0,0.3333333333333333,1.0,0.6,0.0,0.0,0.0,0.0,0.0,0.0,0.0,0.0,1.0,1.0,1.0,1.0,1.0,1.0,1.0,1.0,1.0,1.0,1.0,1.0,1.0,1.0,1.0,1.0,1.0,1.0,1.0,1.0,1.0
uniform_l_12_mid.csv,l_12,3.27,,0,0,1,current,"current,vis_2,ir_3,l_12,vis_3",3.25,,0,0,0,current,"current,vis_2,ir_3,vis_3,ir_2",3.81,,1,1,1,l_12,"l_12,current,l_11",3.35,,0,1,1,ir_3,"ir_3,l_12,vis_1,vis_3,angle_1",3.76,,1,1,1,l_12,"l_12,ir_2,vis_2,current,vis_1",0.0,0.0,0.0,0.0,1.0,0.4,0.0,0.0,0.0,0.0,0.0,0.0,0.0,0.0,1.0,1.0,1.0,1.0,1.0,1.0,1.0,0.0,0.0,1.0,0.6666666666666666,1.0,0.8,0.0,1.0,1.0,1.0,1.0,1.0,1.0,1.0
uniform_l_21_mid.csv,l_21,3.19,,0,0,1,current,"current,ir_3,ir_2,vis_3,l_21",2.96,,0,0,0,current,"current,ir_3,ir_2,vis_3,vis_2",3.76,,1,1,1,l_21,"l_21,l_31,ir_2,ir_3,ir_1",3.11,,1,1,1,l_21,"l_21,vis_2,ir_2,ir_3,vis_3",3.41,,1,1,1,l_21,"l_21,vis_1,ir_1,current,ir_2",0.0,0.0,0.0,0.0,1.0,0.2,0.0,0.0,0.0,0.0,0.0,0.0,0.0,0.0,1.0,1.0,1.0,1.0,1.0,1.0,1.0,1.0,1.0,1.0,1.0,1.0,1.0,1.0,1.0,1.0,1.0,1.0,1.0,1.0,1.0
uniform_l_22_mid.csv,l_22,3.07,,0,0,1,vis_1,"vis_1,ir_2,current,l_22,vis_2",3.05,,0,0,0,current,"current,ir_2,vis_1,vis_2,ir_1",3.67,,1,1,1,l_22,l_22,3.35,,0,1,1,angle_1,"angle_1,l_22,vis_2,vis_1,ir_2",3.79,,1,1,1,l_22,"l_22,vis_1,ir_1,current,ir_2",0.0,0.0,0.0,0.0,1.0,0.4,0.0,0.0,0.0,0.0,0.0,0.0,0.0,0.0,1.0,1.0,1.0,1.0,1.0,1.0,1.0,0.0,0.0,1.0,0.6666666666666666,1.0,0.8,0.0,1.0,1.0,1.0,1.0,1.0,1.0,1.0
uniform_l_31_mid.csv,l_31,3.19,,0,1,1,current,"current,vis_3,l_31,ir_1,ir_3",3.13,,0,0,0,current,"current,vis_3,ir_1,ir_3,vis_2",3.66,,1,1,1,l_31,l_31,3.31,,0,1,1,angle_1,"angle_1,l_31,vis_2,ir_3,current",3.73,,1,1,1,l_31,"l_31,ir_2,vis_1,vis_2,ir_1",0.0,0.0,1.0,0.3333333333333333,1.0,0.6,0.0,0.0,0.0,0.0,0.0,0.0,0.0,0.0,1.0,1.0,1.0,1.0,1.0,1.0,1.0,0.0,0.0,1.0,0.6666666666666666,1.0,0.8,0.0,1.0,1.0,1.0,1.0,1.0,1.0,1.0
uniform_l_32_mid.csv,l_32,3.65,,0,0,0,current,"current,ir_3,vis_1,vis_3,ir_1",3.49,,0,0,0,current,"current,ir_3,vis_3,vis_1,ir_1",4.06,,1,1,1,l_32,"l_32,ir_2,blue,red",3.42,,0,1,1,vis_3,"vis_3,l_32,vis_1,ir_3,ir_1",3.83,,1,1,1,l_32,"l_32,ir_1,vis_1,ir_2,vis_2",0.0,0.0,0.0,0.0,0.0,0.0,0.0,0.0,0.0,0.0,0.0,0.0,0.0,0.0,1.0,1.0,1.0,1.0,1.0,1.0,1.0,0.0,0.0,1.0,0.6666666666666666,1.0,0.8,0.0,1.0,1.0,1.0,1.0,1.0,1.0,1.0
uniform_osr_c_mid.csv,osr_c,4.24,,0,0,0,vis_3,"vis_3,vis_1,ir_1,ir_2,ir_3",5.21,,1,1,1,osr_c,"osr_c,vis_3,ir_1,vis_1,ir_3",3.63,,1,1,1,osr_c,osr_c,3.36,,0,1,1,angle_1,"angle_1,angle_2,osr_c,ir_1,vis_3",3.73,,1,1,1,osr_c,"osr_c,ir_1,vis_1,ir_2,vis_2",0.0,0.0,0.0,0.0,0.0,0.0,0.0,1.0,1.0,1.0,1.0,1.0,1.0,1.0,1.0,1.0,1.0,1.0,1.0,1.0,1.0,0.0,0.0,1.0,0.3333333333333333,1.0,0.6,0.0,1.0,1.0,1.0,1.0,1.0,1.0,1.0
uniform_osr_c_strong.csv,osr_c,3.17,,1,1,1,osr_c,"osr_c,vis_2,vis_3,ir_1,ir_3",3.19,,1,1,1,osr_c,"osr_c,vis_2,ir_3,vis_3,ir_1",4.15,,1,1,1,osr_c,osr_c,3.32,,1,1,1,osr_c,"osr_c,angle_2,ir_1,ir_3,pol_2",3.79,,1,1,1,osr_c,"osr_c,ir_2,vis_1,vis_2,ir_1",1.0,1.0,1.0,1.0,1.0,1.0,1.0,1.0,1.0,1.0,1.0,1.0,1.0,1.0,1.0,1.0,1.0,1.0,1.0,1.0,1.0,1.0,1.0,1.0,1.0,1.0,1.0,1.0,1.0,1.0,1.0,1.0,1.0,1.0,1.0
uniform_osr_c_weak.csv,osr_c,3.06,,0,0,0,current,"current,ir_1,vis_1,vis_3,vis_2",3.09,,0,0,0,current,"current,ir_1,vis_3,ir_2,vis_1",3.61,,1,1,1,osr_c,osr_c,3.31,,0,0,0,current,"current,angle_1,ir_2,vis_1,pol_2",3.59,,1,1,1,osr_c,"osr_c,vis_2,vis_1,ir_2,ir_1",0.0,0.0,0.0,0.0,0.0,0.0,0.0,0.0,0.0,0.0,0.0,0.0,0.0,0.0,1.0,1.0,1.0,1.0,1.0,1.0,1.0,0.0,0.0,0.0,0.0,0.0,0.0,0.0,1.0,1.0,1.0,1.0,1.0,1.0,1.0
uniform_pol_1_mid.csv,pol_1,3.1,,0,1,1,angle_1,"angle_1,pol_1,current,vis_2,ir_2",3.13,,0,1,1,current,"current,pol_1,angle_1,vis_2,ir_2",3.72,,0,1,1,angle_1,"angle_1,pol_1,l_21",3.35,,1,1,1,pol_1,"pol_1,ir_3,angle_1,vis_3,angle_2",3.58,,1,1,1,pol_1,"pol_1,vis_2,ir_2,ir_1,vis_1",0.0,0.0,1.0,0.6666666666666666,1.0,0.8,0.0,0.0,0.0,1.0,0.6666666666666666,1.0,0.8,0.0,0.0,0.0,1.0,0.6666666666666666,1.0,0.8,0.0,1.0,1.0,1.0,1.0,1.0,1.0,1.0,1.0,1.0,1.0,1.0,1.0,1.0,1.0
uniform_pol_1_strong.csv,pol_1,3.31,,0,1,1,angle_1,"angle_1,pol_1,current,ir_1,vis_1",3.61,,1,1,1,pol_1,"pol_1,angle_1,current,ir_1,vis_1",4.85,,0,0,0,angle_1,angle_1,4.98,,0,1,1,ir_3,"ir_3,pol_1,vis_3,angle_2,angle_1",3.64,,1,1,1,pol_1,"pol_1,vis_1,ir_2,ir_1,vis_2",0.0,0.0,1.0,0.6666666666666666,1.0,0.8,0.0,1.0,1.0,1.0,1.0,1.0,1.0,1.0,0.0,0.0,0.0,0.0,0.0,0.0,0.0,0.0,0.0,1.0,0.6666666666666666,1.0,0.8,0.0,1.0,1.0,1.0,1.0,1.0,1.0,1.0
uniform_pol_2_mid.csv,pol_2,3.06,,0,1,1,angle_2,"angle_2,current,pol_2,ir_1,vis_2",3.15,,0,1,1,current,"current,angle_2,pol_2,ir_1,vis_2",3.69,,0,0,0,angle_2,"angle_2,vis_3,ir_3,l_21",3.3,,0,0,1,angle_2,"angle_2,vis_3,ir_3,pol_2,angle_1",3.64,,1,1,1,pol_2,"pol_2,ir_2,ir_1,vis_1,vis_2",0.0,0.0,1.0,0.3333333333333333,1.0,0.6,0.0,0.0,0.0,1.0,0.3333333333333333,1.0,0.6,0.0,0.0,0.0,0.0,0.0,0.0,0.0,0.0,0.0,0.0,0.0,0.0,1.0,0.4,0.0,1.0,1.0,1.0,1.0,1.0,1.0,1.0
uniform_pol_2_strong.csv,pol_2,3.05,,0,1,1,angle_2,"angle_2,pol_2,current,ir_1,vis_2",3.08,,0,1,1,angle_2,"angle_2,pol_2,current,ir_1,vis_2",3.6,,1,1,1,pol_2,pol_2,3.28,,0,1,1,ir_3,"ir_3,vis_3,pol_2,angle_2,angle_1",3.57,,1,1,1,pol_2,"pol_2,vis_1,ir_2,ir_1,vis_2",0.0,0.0,1.0,0.6666666666666666,1.0,0.8,0.0,0.0,0.0,1.0,0.6666666666666666,1.0,0.8,0.0,1.0,1.0,1.0,1.0,1.0,1.0,1.0,0.0,0.0,1.0,0.3333333333333333,1.0,0.6,0.0,1.0,1.0,1.0,1.0,1.0,1.0,1.0
uniform_red_mid.csv,red,3.13,,0,0,1,ir_3,"ir_3,ir_1,ir_2,red,current",3.08,,0,0,1,ir_3,"ir_3,ir_1,ir_2,current,red",5.1,,1,1,1,red,"red,ir_1,vis_3,vis_2,current",3.32,,0,1,1,ir_2,"ir_2,vis_2,red,current,angle_1",3.84,,1,1,1,red,"red,ir_1,ir_2,vis_2,vis_1",0.0,0.0,0.0,0.0,1.0,0.4,0.0,0.0,0.0,0.0,0.0,1.0,0.2,0.0,1.0,1.0,1.0,1.0,1.0,1.0,1.0,0.0,0.0,1.0,0.3333333333333333,1.0,0.6,0.0,1.0,1.0,1.0,1.0,1.0,1.0,1.0
uniform_red_strong.csv,red,3.58,,1,1,1,red,"red,ir_3,ir_1,ir_2,current",3.42,,0,0,1,ir_3,"ir_3,ir_1,current,ir_2,red",6.24,,1,1,1,red,red,3.53,,1,1,1,red,"red,angle_1,current,ir_3,ir_2",3.62,,1,1,1,red,"red,angle_1,angle_2,l_12,l_22",1.0,1.0,1.0,1.0,1.0,1.0,1.0,0.0,0.0,0.0,0.0,1.0,0.2,0.0,1.0,1.0,1.0,1.0,1.0,1.0,1.0,1.0,1.0,1.0,1.0,1.0,1.0,1.0,1.0,1.0,1.0,1.0,1.0,1.0,1.0
uniform_t_ir_1_mid.csv,t_ir_1,3.14,,0,0,0,current,"current,ir_2,vis_1,ir_3,vis_3",3.13,,0,0,0,current,"current,ir_2,vis_1,ir_3,vis_3",3.75,,1,1,1,t_ir_1,t_ir_1,3.32,,0,0,0,ir_1,"ir_1,angle_1,angle_2,vis_2,current",3.62,,1,1,1,t_ir_1,"t_ir_1,ir_2,vis_1,vis_2,current",0.0,0.0,0.0,0.0,0.0,0.0,0.0,0.0,0.0,0.0,0.0,0.0,0.0,0.0,1.0,1.0,1.0,1.0,1.0,1.0,1.0,0.0,0.0,0.0,0.0,0.0,0.0,0.0,1.0,1.0,1.0,1.0,1.0,1.0,1.0
uniform_t_ir_1_strong.csv,t_ir_1,3.1,,0,0,0,current,"current,vis_1,ir_3,ir_2,vis_3",3.12,,0,0,0,current,"current,vis_1,ir_3,ir_2,vis_3",3.56,,1,1,1,t_ir_1,t_ir_1,3.35,,0,0,1,ir_1,"ir_1,angle_1,current,t_ir_1,ir_3",3.69,,1,1,1,t_ir_1,"t_ir_1,vis_1,vis_2,ir_2,current",0.0,0.0,0.0,0.0,0.0,0.0,0.0,0.0,0.0,0.0,0.0,0.0,0.0,0.0,1.0,1.0,1.0,1.0,1.0,1.0,1.0,0.0,0.0,0.0,0.0,1.0,0.4,0.0,1.0,1.0,1.0,1.0,1.0,1.0,1.0
uniform_t_ir_1_weak.csv,t_ir_1,3.23,,0,0,0,current,"current,ir_2,vis_2,ir_3,vis_1",3.36,,0,0,0,current,"current,ir_2,vis_2,ir_3,vis_1",4.18,,1,1,1,t_ir_1,t_ir_1,3.42,,0,0,0,ir_1,"ir_1,ir_3,vis_3,angle_1,vis_1",4.36,,1,1,1,t_ir_1,"t_ir_1,vis_2,vis_1,ir_2,current",0.0,0.0,0.0,0.0,0.0,0.0,0.0,0.0,0.0,0.0,0.0,0.0,0.0,0.0,1.0,1.0,1.0,1.0,1.0,1.0,1.0,0.0,0.0,0.0,0.0,0.0,0.0,0.0,1.0,1.0,1.0,1.0,1.0,1.0,1.0
uniform_t_ir_2_mid.csv,t_ir_2,4.23,,0,0,0,current,"current,ir_1,vis_3,ir_3,vis_1",3.15,,0,0,0,current,"current,ir_1,vis_3,ir_3,vis_1",3.73,,1,1,1,t_ir_2,t_ir_2,3.36,,0,1,1,ir_2,"ir_2,t_ir_2,pol_2,ir_1,angle_2",3.63,,1,1,1,t_ir_2,"t_ir_2,vis_2,ir_1,vis_1,current",0.0,0.0,0.0,0.0,0.0,0.0,0.0,0.0,0.0,0.0,0.0,0.0,0.0,0.0,1.0,1.0,1.0,1.0,1.0,1.0,1.0,0.0,0.0,1.0,0.6666666666666666,1.0,0.8,0.0,1.0,1.0,1.0,1.0,1.0,1.0,1.0
uniform_t_ir_2_strong.csv,t_ir_2,3.09,,0,0,0,ir_1,"ir_1,vis_3,vis_1,current,ir_3",3.1,,0,0,0,current,"current,ir_1,vis_3,vis_1,ir_3",3.6,,1,1,1,t_ir_2,t_ir_2,3.29,,0,1,1,ir_2,"ir_2,t_ir_2,angle_1,ir_3,current",3.66,,1,1,1,t_ir_2,"t_ir_2,ir_1,vis_2,vis_1,current",0.0,0.0,0.0,0.0,0.0,0.0,0.0,0.0,0.0,0.0,0.0,0.0,0.0,0.0,1.0,1.0,1.0,1.0,1.0,1.0,1.0,0.0,0.0,1.0,0.6666666666666666,1.0,0.8,0.0,1.0,1.0,1.0,1.0,1.0,1.0,1.0
uniform_t_ir_2_weak.csv,t_ir_2,3.14,,0,0,0,current,"current,ir_3,vis_3,vis_1,ir_1",3.15,,0,0,0,current,"current,ir_3,vis_3,ir_1,vis_1",3.61,,1,1,1,t_ir_2,t_ir_2,3.49,,0,0,0,ir_2,"ir_2,angle_2,vis_2,ir_1,vis_1",3.97,,1,1,1,t_ir_2,"t_ir_2,vis_2,ir_1,vis_1,angle_2",0.0,0.0,0.0,0.0,0.0,0.0,0.0,0.0,0.0,0.0,0.0,0.0,0.0,0.0,1.0,1.0,1.0,1.0,1.0,1.0,1.0,0.0,0.0,0.0,0.0,0.0,0.0,0.0,1.0,1.0,1.0,1.0,1.0,1.0,1.0
uniform_t_ir_3_mid.csv,t_ir_3,3.3,,0,0,0,current,"current,ir_1,ir_2,vis_1,vis_3",3.77,,0,0,0,current,"current,ir_1,ir_2,vis_3,vis_1",4.92,,1,1,1,t_ir_3,t_ir_3,3.4,,0,0,0,ir_3,"ir_3,ir_2,angle_1,angle_2,vis_2",3.61,,1,1,1,t_ir_3,"t_ir_3,ir_1,vis_1,vis_2,ir_2",0.0,0.0,0.0,0.0,0.0,0.0,0.0,0.0,0.0,0.0,0.0,0.0,0.0,0.0,1.0,1.0,1.0,1.0,1.0,1.0,1.0,0.0,0.0,0.0,0.0,0.0,0.0,0.0,1.0,1.0,1.0,1.0,1.0,1.0,1.0
uniform_t_ir_3_strong.csv,t_ir_3,3.17,,0,0,0,current,"current,vis_3,ir_2,vis_2,vis_1",3.17,,0,0,0,current,"current,vis_3,ir_2,vis_2,vis_1",3.61,,1,1,1,t_ir_3,t_ir_3,3.4,,0,1,1,ir_3,"ir_3,angle_1,t_ir_3,ir_1,angle_2",3.73,,1,1,1,t_ir_3,"t_ir_3,vis_1,ir_1,ir_2,vis_2",0.0,0.0,0.0,0.0,0.0,0.0,0.0,0.0,0.0,0.0,0.0,0.0,0.0,0.0,1.0,1.0,1.0,1.0,1.0,1.0,1.0,0.0,0.0,1.0,0.3333333333333333,1.0,0.6,0.0,1.0,1.0,1.0,1.0,1.0,1.0,1.0
uniform_t_ir_3_weak.csv,t_ir_3,3.12,,0,0,0,current,"current,ir_1,vis_1,vis_2,ir_2",3.11,,0,0,0,current,"current,ir_1,vis_1,vis_2,ir_2",3.65,,1,1,1,t_ir_3,t_ir_3,3.51,,0,0,0,ir_3,"ir_3,vis_1,ir_1,angle_1,angle_2",4.0,,1,1,1,t_ir_3,"t_ir_3,ir_2,ir_1,vis_2,vis_1",0.0,0.0,0.0,0.0,0.0,0.0,0.0,0.0,0.0,0.0,0.0,0.0,0.0,0.0,1.0,1.0,1.0,1.0,1.0,1.0,1.0,0.0,0.0,0.0,0.0,0.0,0.0,0.0,1.0,1.0,1.0,1.0,1.0,1.0,1.0
uniform_t_vis_1_mid.csv,t_vis_1,3.4,,0,0,0,current,"current,ir_1,vis_2,ir_3,ir_2",3.31,,0,0,0,current,"current,ir_1,ir_3,vis_2,ir_2",4.51,,1,1,1,t_vis_1,t_vis_1,3.59,,0,0,1,vis_1,"vis_1,angle_1,angle_2,ir_1,t_vis_1",3.72,,1,1,1,t_vis_1,"t_vis_1,vis_2,ir_1,ir_2,current",0.0,0.0,0.0,0.0,0.0,0.0,0.0,0.0,0.0,0.0,0.0,0.0,0.0,0.0,1.0,1.0,1.0,1.0,1.0,1.0,1.0,0.0,0.0,0.0,0.0,1.0,0.2,0.0,1.0,1.0,1.0,1.0,1.0,1.0,1.0
uniform_t_vis_1_strong.csv,t_vis_1,3.15,,0,0,0,current,"current,vis_3,ir_3,ir_2,ir_1",3.15,,0,0,0,current,"current,vis_3,ir_3,ir_2,ir_1",3.58,,1,1,1,t_vis_1,t_vis_1,3.34,,0,0,0,vis_1,"vis_1,vis_2,ir_2,current,vis_3",3.67,,1,1,1,t_vis_1,"t_vis_1,vis_2,ir_1,ir_2,current",0.0,0.0,0.0,0.0,0.0,0.0,0.0,0.0,0.0,0.0,0.0,0.0,0.0,0.0,1.0,1.0,1.0,1.0,1.0,1.0,1.0,0.0,0.0,0.0,0.0,0.0,0.0,0.0,1.0,1.0,1.0,1.0,1.0,1.0,1.0
uniform_t_vis_1_weak.csv,t_vis_1,3.18,,0,0,0,current,"current,ir_3,ir_2,vis_3,vis_2",3.11,,0,0,0,current,"current,ir_3,ir_2,vis_3,ir_1",3.61,,1,1,1,t_vis_1,t_vis_1,3.31,,0,0,0,vis_1,"vis_1,vis_2,angle_1,ir_1,angle_2",3.82,,1,1,1,t_vis_1,"t_vis_1,ir_2,vis_2,ir_1,current",0.0,0.0,0.0,0.0,0.0,0.0,0.0,0.0,0.0,0.0,0.0,0.0,0.0,0.0,1.0,1.0,1.0,1.0,1.0,1.0,1.0,0.0,0.0,0.0,0.0,0.0,0.0,0.0,1.0,1.0,1.0,1.0,1.0,1.0,1.0
uniform_t_vis_2_mid.csv,t_vis_2,3.53,,0,0,0,current,"current,ir_1,vis_1,vis_3,ir_3",3.24,,0,0,0,current,"current,ir_1,vis_3,vis_1,ir_3",4.45,,1,1,1,t_vis_2,t_vis_2,4.0,,0,0,0,vis_2,"vis_2,ir_1,ir_3,vis_1,angle_2",3.82,,1,1,1,t_vis_2,"t_vis_2,ir_2,vis_1,ir_1,current",0.0,0.0,0.0,0.0,0.0,0.0,0.0,0.0,0.0,0.0,0.0,0.0,0.0,0.0,1.0,1.0,1.0,1.0,1.0,1.0,1.0,0.0,0.0,0.0,0.0,0.0,0.0,0.0,1.0,1.0,1.0,1.0,1.0,1.0,1.0
uniform_t_vis_2_strong.csv,t_vis_2,3.16,,0,0,0,vis_3,"vis_3,vis_1,current,ir_3,ir_1",3.12,,0,0,0,current,"current,vis_3,ir_3,vis_1,ir_1",3.73,,1,1,1,t_vis_2,t_vis_2,3.3,,0,1,1,vis_2,"vis_2,current,t_vis_2,ir_2,ir_3",3.61,,1,1,1,t_vis_2,"t_vis_2,ir_1,ir_2,vis_1,current",0.0,0.0,0.0,0.0,0.0,0.0,0.0,0.0,0.0,0.0,0.0,0.0,0.0,0.0,1.0,1.0,1.0,1.0,1.0,1.0,1.0,0.0,0.0,1.0,0.3333333333333333,1.0,0.6,0.0,1.0,1.0,1.0,1.0,1.0,1.0,1.0
uniform_t_vis_2_weak.csv,t_vis_2,3.16,,0,0,0,vis_3,"vis_3,ir_1,current,vis_1,ir_3",3.19,,0,0,0,current,"current,ir_1,vis_3,ir_3,vis_1",3.62,,1,1,1,t_vis_2,t_vis_2,3.38,,0,0,0,vis_2,"vis_2,ir_1,vis_1,ir_3,ir_2",4.0,,1,1,1,t_vis_2,"t_vis_2,ir_2,vis_1,ir_1,current",0.0,0.0,0.0,0.0,0.0,0.0,0.0,0.0,0.0,0.0,0.0,0.0,0.0,0.0,1.0,1.0,1.0,1.0,1.0,1.0,1.0,0.0,0.0,0.0,0.0,0.0,0.0,0.0,1.0,1.0,1.0,1.0,1.0,1.0,1.0
uniform_t_vis_3_mid.csv,t_vis_3,3.39,,0,0,0,current,"current,ir_1,ir_2,ir_3,vis_1",3.33,,0,0,0,current,"current,ir_1,ir_2,ir_3,vis_1",4.49,,1,1,1,t_vis_3,t_vis_3,3.62,,0,0,1,vis_3,"vis_3,angle_2,angle_1,t_vis_3,pol_2",3.58,,1,1,1,t_vis_3,"t_vis_3,ir_1,vis_1,vis_2,ir_2",0.0,0.0,0.0,0.0,0.0,0.0,0.0,0.0,0.0,0.0,0.0,0.0,0.0,0.0,1.0,1.0,1.0,1.0,1.0,1.0,1.0,0.0,0.0,0.0,0.0,1.0,0.4,0.0,1.0,1.0,1.0,1.0,1.0,1.0,1.0
uniform_t_vis_3_strong.csv,t_vis_3,3.12,,0,0,0,current,"current,ir_3,vis_2,ir_2,vis_1",3.14,,0,0,0,current,"current,ir_3,vis_2,ir_2,vis_1",3.69,,1,1,1,t_vis_3,t_vis_3,3.32,,0,1,1,vis_3,"vis_3,t_vis_3,vis_2,angle_1,pol_2",3.61,,1,1,1,t_vis_3,"t_vis_3,vis_1,vis_2,ir_2,ir_1",0.0,0.0,0.0,0.0,0.0,0.0,0.0,0.0,0.0,0.0,0.0,0.0,0.0,0.0,1.0,1.0,1.0,1.0,1.0,1.0,1.0,0.0,0.0,1.0,0.6666666666666666,1.0,0.8,0.0,1.0,1.0,1.0,1.0,1.0,1.0,1.0
uniform_t_vis_3_weak.csv,t_vis_3,3.06,,0,0,0,current,"current,ir_3,vis_1,ir_1,ir_2",3.12,,0,0,0,current,"current,ir_3,ir_1,vis_1,ir_2",3.87,,1,1,1,t_vis_3,t_vis_3,3.43,,0,0,0,vis_3,"vis_3,ir_3,vis_2,angle_2,angle_1",4.26,,1,1,1,t_vis_3,"t_vis_3,vis_2,vis_1,ir_1,ir_2",0.0,0.0,0.0,0.0,0.0,0.0,0.0,0.0,0.0,0.0,0.0,0.0,0.0,0.0,1.0,1.0,1.0,1.0,1.0,1.0,1.0,0.0,0.0,0.0,0.0,0.0,0.0,0.0,1.0,1.0,1.0,1.0,1.0,1.0,1.0
uniform_v_angle_1_mid.csv,v_angle_1,3.21,,0,0,0,angle_1,"angle_1,current,vis_3,vis_1,vis_2",3.06,,0,0,0,angle_1,"angle_1,current,vis_3,vis_1,vis_2",3.59,,0,0,0,angle_1,angle_1,3.31,,0,1,1,angle_1,"angle_1,v_angle_1,angle_2,l_22,green",3.66,,1,1,1,v_angle_1,"v_angle_1,vis_1,ir_2,vis_2,ir_1",0.0,0.0,0.0,0.0,0.0,0.0,0.0,0.0,0.0,0.0,0.0,0.0,0.0,0.0,0.0,0.0,0.0,0.0,0.0,0.0,0.0,0.0,0.0,1.0,0.6666666666666666,1.0,0.8,0.0,1.0,1.0,1.0,1.0,1.0,1.0,1.0
uniform_v_angle_1_strong.csv,v_angle_1,3.16,,0,0,0,angle_1,"angle_1,ir_3,vis_3,vis_2,current",3.17,,0,0,0,angle_1,"angle_1,ir_3,current,vis_3,ir_2",4.08,,1,1,1,v_angle_1,"v_angle_1,angle_1",3.57,,0,1,1,angle_1,"angle_1,v_angle_1,ir_2,vis_2,current",3.73,,1,1,1,v_angle_1,"v_angle_1,vis_1,ir_1,ir_2,vis_2",0.0,0.0,0.0,0.0,0.0,0.0,0.0,0.0,0.0,0.0,0.0,0.0,0.0,0.0,1.0,1.0,1.0,1.0,1.0,1.0,1.0,0.0,0.0,1.0,0.6666666666666666,1.0,0.8,0.0,1.0,1.0,1.0,1.0,1.0,1.0,1.0
uniform_v_angle_2_mid.csv,v_angle_2,3.54,,0,0,0,angle_2,"angle_2,current,vis_2,ir_3,vis_3",3.36,,0,0,0,angle_2,"angle_2,current,vis_2,ir_3,vis_3",3.66,,1,1,1,v_angle_2,"v_angle_2,angle_2",3.35,,0,0,1,angle_2,"angle_2,ir_3,ir_2,v_angle_2,angle_1",3.69,,1,1,1,v_angle_2,"v_angle_2,ir_1,ir_2,vis_1,vis_2",0.0,0.0,0.0,0.0,0.0,0.0,0.0,0.0,0.0,0.0,0.0,0.0,0.0,0.0,1.0,1.0,1.0,1.0,1.0,1.0,1.0,0.0,0.0,0.0,0.0,1.0,0.4,0.0,1.0,1.0,1.0,1.0,1.0,1.0,1.0
uniform_v_angle_2_strong.csv,v_angle_2,3.15,,0,0,0,angle_2,"angle_2,current,ir_3,vis_3,vis_2",3.22,,0,0,0,angle_2,"angle_2,current,ir_3,vis_3,ir_2",3.84,,0,0,0,angle_2,angle_2,3.35,,0,1,1,angle_2,"angle_2,v_angle_2,current,angle_1,vis_3",3.9,,1,1,1,v_angle_2,"v_angle_2,ir_1,ir_2,vis_1,vis_2",0.0,0.0,0.0,0.0,0.0,0.0,0.0,0.0,0.0,0.0,0.0,0.0,0.0,0.0,0.0,0.0,0.0,0.0,0.0,0.0,0.0,0.0,0.0,1.0,0.6666666666666666,1.0,0.8,0.0,1.0,1.0,1.0,1.0,1.0,1.0,1.0
uniform_v_c_mid.csv,v_c,3.52,,0,0,0,current,"current,vis_3,ir_3,ir_2,vis_1",3.06,,0,0,0,current,"current,vis_3,ir_3,ir_2,vis_1",3.79,,1,1,1,v_c,v_c,3.35,,0,0,1,current,"current,angle_1,angle_2,vis_1,v_c",3.57,,1,1,1,v_c,"v_c,vis_2,vis_1,ir_2,ir_1",0.0,0.0,0.0,0.0,0.0,0.0,0.0,0.0,0.0,0.0,0.0,0.0,0.0,0.0,1.0,1.0,1.0,1.0,1.0,1.0,1.0,0.0,0.0,0.0,0.0,1.0,0.2,0.0,1.0,1.0,1.0,1.0,1.0,1.0,1.0
uniform_v_c_strong.csv,v_c,3.24,,0,0,0,current,"current,vis_2,ir_2,ir_3,vis_3",3.18,,0,0,0,current,"current,vis_2,ir_3,ir_2,vis_3",3.73,,1,1,1,v_c,"v_c,current",3.38,,0,0,1,current,"current,angle_1,angle_2,v_c,ir_1",3.81,,1,1,1,v_c,"v_c,vis_2,ir_1,vis_1,ir_2",0.0,0.0,0.0,0.0,0.0,0.0,0.0,0.0,0.0,0.0,0.0,0.0,0.0,0.0,1.0,1.0,1.0,1.0,1.0,1.0,1.0,0.0,0.0,0.0,0.0,1.0,0.4,0.0,1.0,1.0,1.0,1.0,1.0,1.0,1.0
