case,true,n_nodes,seconds,wasserstein_add_acc@1,wasserstein_add_AC@1,wasserstein_add_Avg@1,wasserstein_add_acc@3,wasserstein_add_AC@3,wasserstein_add_Avg@3,wasserstein_add_acc@5,wasserstein_add_AC@5,wasserstein_add_Avg@5,wasserstein_add_PRR,top1,top5
uniform_blue_mid.csv,blue,38,1110.1,1,1.0,1.0,1,1.0,1.0,1,1.0,1.0,1.0,blue,"blue,ir_3,angle_2,pol_2,current"
uniform_blue_strong.csv,blue,38,1138.0,1,1.0,1.0,1,1.0,1.0,1,1.0,1.0,1.0,blue,"blue,vis_3,current,vis_1,vis_2"
uniform_diode_ir_1_mid.csv,diode_ir_1,38,1168.9,1,1.0,1.0,1,1.0,1.0,1,1.0,1.0,1.0,diode_ir_1,"diode_ir_1,vis_1,l_21,ir_3,current"
uniform_diode_ir_1_strong.csv,diode_ir_1,38,1198.7,1,1.0,1.0,1,1.0,1.0,1,1.0,1.0,1.0,diode_ir_1,"diode_ir_1,current,vis_1,vis_3,green"
uniform_diode_ir_2_mid.csv,diode_ir_2,38,1022.1,1,1.0,1.0,1,1.0,1.0,1,1.0,1.0,1.0,diode_ir_2,"diode_ir_2,pol_1,angle_1,current,vis_2"
uniform_diode_ir_2_strong.csv,diode_ir_2,38,788.3,1,1.0,1.0,1,1.0,1.0,1,1.0,1.0,1.0,diode_ir_2,"diode_ir_2,current,pol_1,angle_2,angle_1"
uniform_diode_ir_3_mid.csv,diode_ir_3,38,1247.1,1,1.0,1.0,1,1.0,1.0,1,1.0,1.0,1.0,diode_ir_3,"diode_ir_3,vis_1,vis_3,current,ir_1"
uniform_diode_ir_3_strong.csv,diode_ir_3,38,1209.8,1,1.0,1.0,1,1.0,1.0,1,1.0,1.0,1.0,diode_ir_3,"diode_ir_3,pol_1,angle_2,l_22,angle_1"
uniform_diode_vis_1_mid.csv,diode_vis_1,38,1174.2,1,1.0,1.0,1,1.0,1.0,1,1.0,1.0,1.0,diode_vis_1,"diode_vis_1,ir_3,l_22,ir_2,ir_1"
uniform_diode_vis_2_mid.csv,diode_vis_2,38,983.4,1,1.0,1.0,1,1.0,1.0,1,1.0,1.0,1.0,diode_vis_2,"diode_vis_2,ir_1,angle_2,vis_3,current"
uniform_diode_vis_3_mid.csv,diode_vis_3,38,1186.9,1,1.0,1.0,1,1.0,1.0,1,1.0,1.0,1.0,diode_vis_3,"diode_vis_3,current,ir_2,ir_3,vis_1"
uniform_green_mid.csv,green,38,969.7,1,1.0,1.0,1,1.0,1.0,1,1.0,1.0,1.0,green,"green,vis_2,ir_1,current,vis_3"
uniform_green_strong.csv,green,38,1081.7,1,1.0,1.0,1,1.0,1.0,1,1.0,1.0,1.0,green,"green,current,l_11,l_21,l_32"
uniform_l_11_mid.csv,l_11,38,820.3,1,1.0,1.0,1,1.0,1.0,1,1.0,1.0,1.0,l_11,"l_11,l_31,ir_3,l_12,current"
uniform_l_12_mid.csv,l_12,38,1105.4,1,1.0,1.0,1,1.0,1.0,1,1.0,1.0,1.0,l_12,"l_12,current,red,l_22,angle_1"
uniform_l_21_mid.csv,l_21,38,980.8,1,1.0,1.0,1,1.0,1.0,1,1.0,1.0,1.0,l_21,"l_21,ir_2,current,ir_3,l_32"
uniform_l_22_mid.csv,l_22,38,769.3,1,1.0,1.0,1,1.0,1.0,1,1.0,1.0,1.0,l_22,"l_22,current,pol_1,vis_3,angle_2"
uniform_l_31_mid.csv,l_31,38,728.0,1,1.0,1.0,1,1.0,1.0,1,1.0,1.0,1.0,l_31,"l_31,ir_1,ir_3,current,l_12"
uniform_l_32_mid.csv,l_32,38,831.9,1,1.0,1.0,1,1.0,1.0,1,1.0,1.0,1.0,l_32,"l_32,vis_2,current,ir_3,vis_3"
uniform_osr_c_mid.csv,osr_c,38,1242.3,1,1.0,1.0,1,1.0,1.0,1,1.0,1.0,1.0,osr_c,"osr_c,pol_2,ir_2,pol_1,current"
uniform_osr_c_strong.csv,osr_c,38,930.1,1,1.0,1.0,1,1.0,1.0,1,1.0,1.0,1.0,osr_c,"osr_c,current,red,vis_1,ir_3"
uniform_osr_c_weak.csv,osr_c,38,866.5,1,1.0,1.0,1,1.0,1.0,1,1.0,1.0,1.0,osr_c,"osr_c,vis_1,l_22,ir_1,l_11"
uniform_pol_1_mid.csv,pol_1,38,870.4,1,1.0,1.0,1,1.0,1.0,1,1.0,1.0,1.0,pol_1,"pol_1,ir_2,angle_1,l_31,l_21"
uniform_pol_1_strong.csv,pol_1,38,768.1,1,1.0,1.0,1,1.0,1.0,1,1.0,1.0,1.0,pol_1,"pol_1,angle_1,vis_1,current,vis_3"
uniform_pol_2_mid.csv,pol_2,38,985.1,1,1.0,1.0,1,1.0,1.0,1,1.0,1.0,1.0,pol_2,"pol_2,vis_1,vis_2,current,angle_2"
uniform_pol_2_strong.csv,pol_2,38,950.6,1,1.0,1.0,1,1.0,1.0,1,1.0,1.0,1.0,pol_2,"pol_2,ir_3,angle_2,current,ir_2"
uniform_red_mid.csv,red,38,1114.3,1,1.0,1.0,1,1.0,1.0,1,1.0,1.0,1.0,red,"red,ir_2,ir_3,angle_1,vis_2"
uniform_red_strong.csv,red,38,799.4,1,1.0,1.0,1,1.0,1.0,1,1.0,1.0,1.0,red,"red,l_12,angle_1,ir_3,current"
uniform_t_ir_1_mid.csv,t_ir_1,38,808.1,1,1.0,1.0,1,1.0,1.0,1,1.0,1.0,1.0,t_ir_1,"t_ir_1,angle_1,l_22,green,blue"
uniform_t_ir_1_strong.csv,t_ir_1,38,759.1,1,1.0,1.0,1,1.0,1.0,1,1.0,1.0,1.0,t_ir_1,"t_ir_1,ir_2,angle_1,current,l_31"
uniform_t_ir_1_weak.csv,t_ir_1,38,935.4,1,1.0,1.0,1,1.0,1.0,1,1.0,1.0,1.0,t_ir_1,"t_ir_1,current,l_21,pol_2,l_11"
uniform_t_ir_2_mid.csv,t_ir_2,38,1178.7,1,1.0,1.0,1,1.0,1.0,1,1.0,1.0,1.0,t_ir_2,"t_ir_2,vis_3,ir_3,l_21,pol_2"
uniform_t_ir_2_strong.csv,t_ir_2,38,924.9,1,1.0,1.0,1,1.0,1.0,1,1.0,1.0,1.0,t_ir_2,"t_ir_2,vis_2,l_12,pol_2,vis_3"
uniform_t_ir_2_weak.csv,t_ir_2,38,1163.0,1,1.0,1.0,1,1.0,1.0,1,1.0,1.0,1.0,t_ir_2,"t_ir_2,l_31,current,blue,angle_2"
uniform_t_ir_3_mid.csv,t_ir_3,38,1165.1,1,1.0,1.0,1,1.0,1.0,1,1.0,1.0,1.0,t_ir_3,"t_ir_3,red,ir_1,vis_3,l_32"
uniform_t_ir_3_strong.csv,t_ir_3,38,1230.6,1,1.0,1.0,1,1.0,1.0,1,1.0,1.0,1.0,t_ir_3,"t_ir_3,current,vis_3,ir_1,angle_2"
uniform_t_ir_3_weak.csv,t_ir_3,38,964.6,1,1.0,1.0,1,1.0,1.0,1,1.0,1.0,1.0,t_ir_3,"t_ir_3,pol_2,current,pol_1,ir_1"
uniform_t_vis_1_mid.csv,t_vis_1,38,816.8,1,1.0,1.0,1,1.0,1.0,1,1.0,1.0,1.0,t_vis_1,"t_vis_1,l_12,pol_2,angle_2,current"
uniform_t_vis_1_strong.csv,t_vis_1,38,1087.2,1,1.0,1.0,1,1.0,1.0,1,1.0,1.0,1.0,t_vis_1,"t_vis_1,blue,l_31,l_21,current"
uniform_t_vis_1_weak.csv,t_vis_1,38,695.6,1,1.0,1.0,1,1.0,1.0,1,1.0,1.0,1.0,t_vis_1,"t_vis_1,pol_1,vis_3,ir_3,l_12"
uniform_t_vis_2_mid.csv,t_vis_2,38,704.5,1,1.0,1.0,1,1.0,1.0,1,1.0,1.0,1.0,t_vis_2,"t_vis_2,ir_2,current,ir_3,angle_1"
uniform_t_vis_2_strong.csv,t_vis_2,38,917.5,1,1.0,1.0,1,1.0,1.0,1,1.0,1.0,1.0,t_vis_2,"t_vis_2,green,ir_2,ir_3,current"
uniform_t_vis_2_weak.csv,t_vis_2,38,1001.2,1,1.0,1.0,1,1.0,1.0,1,1.0,1.0,1.0,t_vis_2,"t_vis_2,angle_2,l_11,blue,current"
uniform_t_vis_3_mid.csv,t_vis_3,38,754.1,1,1.0,1.0,1,1.0,1.0,1,1.0,1.0,1.0,t_vis_3,"t_vis_3,current,vis_1,vis_2,ir_3"
uniform_t_vis_3_strong.csv,t_vis_3,38,1213.4,1,1.0,1.0,1,1.0,1.0,1,1.0,1.0,1.0,t_vis_3,"t_vis_3,ir_2,l_22,ir_1,angle_1"
uniform_t_vis_3_weak.csv,t_vis_3,38,1212.2,1,1.0,1.0,1,1.0,1.0,1,1.0,1.0,1.0,t_vis_3,"t_vis_3,green,current,vis_3,blue"
uniform_v_angle_1_mid.csv,v_angle_1,38,776.8,0,0.0,0.0,1,1.0,0.6666666666666666,1,1.0,0.8,0.0,angle_1,"angle_1,v_angle_1,ir_2,ir_1,ir_3"
uniform_v_angle_1_strong.csv,v_angle_1,38,813.0,0,0.0,0.0,1,1.0,0.6666666666666666,1,1.0,0.8,0.0,angle_1,"angle_1,v_angle_1,angle_2,green,ir_1"
uniform_v_angle_2_mid.csv,v_angle_2,38,864.5,0,0.0,0.0,1,1.0,0.6666666666666666,1,1.0,0.8,0.0,angle_2,"angle_2,v_angle_2,vis_1,l_22,ir_2"
uniform_v_angle_2_strong.csv,v_angle_2,38,1198.8,0,0.0,0.0,1,1.0,0.6666666666666666,1,1.0,0.8,0.0,angle_2,"angle_2,v_angle_2,vis_2,green,current"
uniform_v_c_mid.csv,v_c,38,884.9,0,0.0,0.0,1,1.0,0.6666666666666666,1,1.0,0.8,0.0,current,"current,v_c,l_32,l_22,angle_1"
uniform_v_c_strong.csv,v_c,38,705.7,0,0.0,0.0,1,1.0,0.6666666666666666,1,1.0,0.8,0.0,current,"current,v_c,angle_2,l_12,ir_2"
