condition,method,k,n,perfect_recovery,ci_lo,ci_hi,outcomes
no confounder,NSigma,3,52,0.0577,0.0198,0.1564,0000000000001000000010000001000000000000000000000000
no confounder,BARO,3,52,0.0577,0.0198,0.1564,0000000000000000000110010000000000000000000000000000
no confounder,CIRCA,7,52,0.1346,0.0668,0.2527,0100000000001101000010100001000000000000000000000000
no confounder,RCD,47,52,0.9038,0.7939,0.9582,1111111111111111111111000111111111111111111111011011
no confounder,RCG,52,52,1.0,0.9312,1.0,1111111111111111111111111111111111111111111111111111
no confounder,RCA-DCM,46,52,0.8846,0.7703,0.946,1111111111111111111111111111111111111111111111000000
with confounder,NSigma,7,52,0.1346,0.0668,0.2527,0000000000000000000001000000000000000000000000111111
with confounder,BARO,7,52,0.1346,0.0668,0.2527,0000000000000000000001000000000000000000000000111111
with confounder,CIRCA,38,52,0.7308,0.5975,0.8323,0011111111100000000001111100111111111111111111111111
with confounder,RCD,36,52,0.6923,0.5573,0.8009,0011111111100000000111000000111111111111111111111111
with confounder,RCG,26,52,0.5,0.3689,0.6311,0011110011000000000000010100111111000111111000111111
with confounder,RCA-DCM,45,52,0.8654,0.7473,0.9332,1111111111111000000110111111111111111111111111111111
