lam,method,k,n,perfect_recovery,ci_lo,ci_hi,outcomes
3,RCA-DCM,99,100,0.99,0.9455,0.9982,1111111111111111111111111111111111111111111111111111111111111111111111111111111111111111111110111111
3,NSigma,86,100,0.86,0.7786,0.9147,1111111110110111101111101111011111011111111111111111101111001110111111111110111011111111111111011011
3,BARO,91,100,0.91,0.8377,0.9519,1111111110110111111111101111011111111111111111111111101111111110111111111110111011111111111111111011
3,CIRCA,62,100,0.62,0.5221,0.709,0111000010000110111111110111101011110101010111111010011010100010011001000010111011111101111111011011
3,RCD,74,100,0.74,0.6463,0.816,1111111110110110101111101111111111010111111110111111111100011110011001111010111000101111111011001001
3,RCG,85,100,0.85,0.7672,0.9069,1111100111110111111111111111111111110111111111111111111110111110001111010110111011101101111111011111
3,RCA-DCM (mmd),99,100,0.99,0.9455,0.9982,1111111111111111111111111111111111111111111110111111111111111111111111111111111111111111111111111111
3,RCA-DCM (flow),91,100,0.91,0.8377,0.9519,1111111111111111111111111011110110011011111100111111111111101111111111111111111111111111111111101111
10,RCA-DCM,88,100,0.88,0.8019,0.93,1111110011101111111111111101111110111111111111111111111111111110111110110111111111111111110101101011
10,NSigma,62,100,0.62,0.5221,0.709,1101101000111111101011111001010110110110010110110011011101111100101011110101110111001010100011110010
10,BARO,65,100,0.65,0.5525,0.7364,1101001100111111101011111001010111110110010110111011011111111000101001110101110111101010111010110010
10,CIRCA,38,100,0.38,0.291,0.4779,0011100100010000111101000101000000000000100100100010001110111010100010011110111100001000100010100010
10,RCD,59,100,0.59,0.492,0.6813,0101101100101111011111011101000100011110111011110111111100100010101011010101011111001110100000001011
10,RCG,39,100,0.39,0.3002,0.488,0101101100001011110110100100001001000100100000000010111100100000100010110001100111001111000000000011
10,RCA-DCM (mmd),90,100,0.9,0.8256,0.9448,1111111111111111111111111100011110111111111111111111111111111010111110110111111111111111111101111011
10,RCA-DCM (flow),43,100,0.43,0.3373,0.5278,0110000001101101001001001000110110010001010100011110011101100010001101000000101110101010001010101010
10,RCA-DCM (rca_in_lit_ run),84,100,0.84,0.7558,0.899,1111111010111111101111111100011110111111111011111111111111111010111110110111111111111011111101101011
