sort_key,r1_node,r2_node,r3_node,r4_node,r5_node,r6_node,r1_score,r2_score,r3_score,r4_score,r5_score,r6_score
mmd_add,X4,X2,X6,X3,X5,X1,0.023030,0.015800,0.009480,0.004720,0.002010,0.001750
mmd_sub,X6,X4,X3,X2,X1,X5,0.001960,0.001450,0.001220,0.000400,0.000170,0.000010
mmd_nrm,X4,X2,X6,X3,X5,X1,0.012240,0.008100,0.005720,0.001750,0.001010,0.000960
mmd_anm,X4,X2,X6,X3,X5,X1,0.010790,0.007700,0.003760,0.002970,0.001000,0.000790
flow_add,X4,X2,X1,X6,X5,X3,1.860706,1.699665,1.480792,1.453315,0.316809,-1.796119
flow_sub,X4,X3,X2,X6,X5,X1,0.215374,0.145388,0.066564,0.060884,0.041800,0.001267
flow_nrm,X4,X2,X1,X6,X5,X3,0.822666,0.816551,0.739762,0.696215,0.137504,-0.825365
flow_anm,X4,X2,X6,X1,X5,X3,1.038040,0.883115,0.757099,0.741029,0.179305,-0.970754
wasserstein_add,X4,X2,X6,X3,X5,X1,0.247400,0.189820,0.153900,0.122400,0.084800,0.083630
wasserstein_sub,X3,X6,X4,X1,X2,X5,0.025060,0.009040,0.004400,0.001630,0.000940,0.000160
wasserstein_nrm,X4,X2,X6,X3,X1,X5,0.125900,0.094440,0.081470,0.048670,0.042630,0.042320
wasserstein_anm,X4,X2,X3,X6,X5,X1,0.121500,0.095380,0.073730,0.072430,0.042480,0.041000
baro_add,X1,X4,X6,X3,X5,X2,6.216890,5.480090,5.133010,4.823730,4.125220,2.941330
baro_sub,X4,X6,X5,X2,X3,X1,1.523310,0.998410,0.835620,0.553430,0.391910,0.117450
baro_nrm,X4,X1,X6,X3,X2,X5,3.501700,3.167170,3.065710,2.607820,1.747380,1.644800
baro_anm,X1,X5,X3,X6,X4,X2,3.049720,2.480420,2.215910,2.067300,1.978390,1.193950
