iter,mode,frac,k,n_true_edges,n_true_bidirected,n_changed,wasserstein,mmd,flow
0,true,0.0,3,7,4,0,1,1,0
1,true,0.0,3,7,4,0,1,1,1
2,true,0.0,3,7,4,0,1,1,1
3,true,0.0,3,7,4,0,1,1,0
4,true,0.0,3,7,4,0,1,1,0
5,true,0.0,3,7,4,0,1,1,0
6,true,0.0,3,7,4,0,0,0,0
7,true,0.0,3,7,4,0,0,1,0
8,true,0.0,3,7,4,0,1,1,0
9,true,0.0,3,7,4,0,1,1,1
10,true,0.0,3,7,4,0,1,1,1
11,true,0.0,3,7,4,0,0,0,0
12,true,0.0,3,7,4,0,1,1,1
13,true,0.0,3,7,4,0,1,1,1
14,true,0.0,3,7,4,0,1,1,0
15,true,0.0,3,7,4,0,1,1,1
16,true,0.0,3,7,4,0,1,1,0
17,true,0.0,3,7,4,0,1,1,1
18,true,0.0,3,7,4,0,1,1,1
19,true,0.0,3,7,4,0,1,1,0
20,true,0.0,3,7,4,0,1,1,0
21,true,0.0,3,7,4,0,1,1,1
22,true,0.0,3,7,4,0,1,1,0
23,true,0.0,3,7,4,0,1,1,0
24,true,0.0,3,7,4,0,1,1,1
25,true,0.0,3,7,4,0,1,1,0
26,true,0.0,3,7,4,0,0,0,0
27,true,0.0,3,7,4,0,1,1,0
28,true,0.0,3,7,4,0,1,1,1
29,true,0.0,3,7,4,0,1,1,1
30,true,0.0,3,7,4,0,1,1,0
31,true,0.0,3,7,4,0,1,1,1
32,true,0.0,3,7,4,0,1,1,1
33,true,0.0,3,7,4,0,0,0,0
34,true,0.0,3,7,4,0,1,1,0
35,true,0.0,3,7,4,0,1,1,1
36,true,0.0,3,7,4,0,1,1,0
37,true,0.0,3,7,4,0,1,1,0
38,true,0.0,3,7,4,0,1,1,0
39,true,0.0,3,7,4,0,1,1,1
40,true,0.0,3,7,4,0,1,1,0
41,true,0.0,3,7,4,0,1,1,1
42,true,0.0,3,7,4,0,1,1,0
43,true,0.0,3,7,4,0,1,1,1
44,true,0.0,3,7,4,0,1,1,0
45,true,0.0,3,7,4,0,1,1,0
46,true,0.0,3,7,4,0,1,1,0
47,true,0.0,3,7,4,0,1,1,1
48,true,0.0,3,7,4,0,1,1,1
49,true,0.0,3,7,4,0,1,1,1
50,true,0.0,3,7,4,0,1,1,1
51,true,0.0,3,7,4,0,1,1,0
52,true,0.0,3,7,4,0,1,1,0
53,true,0.0,3,7,4,0,1,1,1
54,true,0.0,3,7,4,0,1,1,1
55,true,0.0,3,7,4,0,1,1,1
56,true,0.0,3,7,4,0,1,1,1
57,true,0.0,3,7,4,0,1,1,1
58,true,0.0,3,7,4,0,1,1,1
59,true,0.0,3,7,4,0,1,1,0
60,true,0.0,3,7,4,0,1,1,0
61,true,0.0,3,7,4,0,1,1,0
62,true,0.0,3,7,4,0,1,1,1
63,true,0.0,3,7,4,0,0,0,0
64,true,0.0,3,7,4,0,1,1,0
65,true,0.0,3,7,4,0,1,1,0
66,true,0.0,3,7,4,0,1,1,1
67,true,0.0,3,7,4,0,1,1,1
68,true,0.0,3,7,4,0,1,1,0
69,true,0.0,3,7,4,0,0,0,1
70,true,0.0,3,7,4,0,1,1,0
71,true,0.0,3,7,4,0,1,1,0
72,true,0.0,3,7,4,0,0,0,0
73,true,0.0,3,7,4,0,1,1,0
74,true,0.0,3,7,4,0,1,1,0
75,true,0.0,3,7,4,0,1,1,0
76,true,0.0,3,7,4,0,1,1,1
77,true,0.0,3,7,4,0,1,1,0
78,true,0.0,3,7,4,0,1,1,1
79,true,0.0,3,7,4,0,1,1,1
80,true,0.0,3,7,4,0,1,1,1
81,true,0.0,3,7,4,0,1,1,0
82,true,0.0,3,7,4,0,1,1,1
83,true,0.0,3,7,4,0,1,1,0
84,true,0.0,3,7,4,0,1,1,1
85,true,0.0,3,7,4,0,1,1,0
86,true,0.0,3,7,4,0,1,1,1
87,true,0.0,3,7,4,0,1,1,0
88,true,0.0,3,7,4,0,1,1,0
89,true,0.0,3,7,4,0,1,1,0
90,true,0.0,3,7,4,0,0,0,1
91,true,0.0,3,7,4,0,1,1,1
92,true,0.0,3,7,4,0,0,1,1
93,true,0.0,3,7,4,0,1,1,0
94,true,0.0,3,7,4,0,1,1,1
95,true,0.0,3,7,4,0,0,0,0
96,true,0.0,3,7,4,0,1,1,1
97,true,0.0,3,7,4,0,0,0,0
98,true,0.0,3,7,4,0,1,1,1
99,true,0.0,3,7,4,0,1,1,0
