node,mmd_nrm,mmd_anm,mmd_add,mmd_sub,flow_nrm,flow_anm,flow_add,flow_sub,wasserstein_nrm,wasserstein_anm,wasserstein_add,wasserstein_sub,baro_nrm,baro_anm,baro_add,baro_sub
carts,0.0208,1.076,1.0968,1.0552000000000001,0.7233317494392395,29.8577880859375,30.58111983537674,29.13445633649826,0.2299,7.1496,7.3795,6.919700000000001,3.0759,741.8167,744.8926,738.7407999999999
catalogue-db,0.0558,0.1685,0.2243,0.11270000000000001,7.253751754760742,4.600137233734131,11.853888988494873,2.6536145210266113,1.4187,1.2471,2.6658,0.17159999999999997,3.5042,2.6603,6.1645,0.8439000000000001
session-db,0.02,0.1717,0.19169999999999998,0.1517,2.8324191570281982,2.184028148651123,5.016447305679321,0.6483910083770752,0.5179,1.0082,1.5261,0.49029999999999996,3.3576,4.6632,8.0208,1.3055999999999996
rabbitmq,0.0114,0.102,0.1134,0.09059999999999999,1.4004510641098022,1.2917115688323975,2.6921626329421997,0.10873949527740479,0.2343,0.6555,0.8897999999999999,0.42119999999999996,2.551,3.1796,5.730600000000001,0.6286
front-end,0.0026,0.0314,0.033999999999999996,0.0288,1.9559123516082764,2.9705240726470947,4.926436424255371,1.0146117210388184,0.3685,0.6985,1.067,0.33,3.2083,1.805,5.0133,1.4033
orders-db,0.0354,0.1077,0.1431,0.0723,4.264853477478027,3.0551018714904785,7.319955348968506,1.2097516059875488,0.8199,0.9327,1.7526,0.11280000000000001,3.1497,1.4401,4.5898,1.7096000000000002
user-db,0.0145,0.0199,0.0344,0.0054,1.5238010883331299,1.7176607847213745,3.2414618730545044,0.19385969638824463,0.4201,0.3781,0.7982,0.04199999999999998,4.2158,5.032,9.2478,0.8162000000000003
orders,0.0167,0.097,0.1137,0.08030000000000001,0.49225836992263794,-0.29203885793685913,0.2002195119857788,0.7842972278594971,0.197,0.3761,0.5730999999999999,0.17909999999999998,3.0846,9.3795,12.4641,6.2949
catalogue,0.0095,0.0239,0.0334,0.014400000000000001,1.9331309795379639,0.86185222864151,2.794983208179474,1.0712787508964539,0.404,0.3841,0.7881,0.01990000000000003,2.8594,10.4558,13.3152,7.5964
user,0.0161,0.0905,0.1066,0.0744,2.680065155029297,3.1412999629974365,5.821365118026733,0.46123480796813965,0.665,1.2285,1.8935,0.5634999999999999,2.7414,2.9964,5.7378,0.2549999999999999
queue-master,0.0061,0.0505,0.056600000000000004,0.0444,0.6726233959197998,0.31190454959869385,0.9845279455184937,0.36071884632110596,0.1311,0.2679,0.399,0.13680000000000003,2.8535,6.977,9.8305,4.1235
payment,0.0138,0.0044,0.0182,0.009399999999999999,7.996239185333252,5.643286228179932,13.639525413513184,2.3529529571533203,1.3629,0.9187,2.2816,0.44420000000000004,2.2927,2.3946,4.6873000000000005,0.1019000000000001
shipping,0.0049,0.0681,0.073,0.06319999999999999,0.8676307201385498,0.6501074433326721,1.517738163471222,0.21752327680587769,0.1461,0.4082,0.5543,0.2621,3.3676,2.7639,6.1315,0.6036999999999999
carts-db,0.0082,0.4862,0.4944,0.47800000000000004,0.6004051566123962,0.7940374612808228,1.394442617893219,0.1936323046684265,0.175,1.4474,1.6224,1.2724,2.7165,3.8317,6.5482,1.1152000000000002
