sort_key,r1_node,r2_node,r3_node,r4_node,r5_node,r6_node,r7_node,r8_node,r9_node,r10_node,r11_node,r12_node,r13_node,r14_node,r1_score,r2_score,r3_score,r4_score,r5_score,r6_score,r7_score,r8_score,r9_score,r10_score,r11_score,r12_score,r13_score,r14_score
mmd_add,carts,carts-db,catalogue-db,session-db,orders-db,orders,rabbitmq,user,shipping,queue-master,user-db,front-end,catalogue,payment,1.096800,0.494400,0.224300,0.191700,0.143100,0.113700,0.113400,0.106600,0.073000,0.056600,0.034400,0.034000,0.033400,0.018200
mmd_sub,carts,carts-db,session-db,catalogue-db,rabbitmq,orders,user,orders-db,shipping,queue-master,front-end,catalogue,payment,user-db,1.055200,0.478000,0.151700,0.112700,0.090600,0.080300,0.074400,0.072300,0.063200,0.044400,0.028800,0.014400,0.009400,0.005400
mmd_nrm,catalogue-db,orders-db,carts,session-db,orders,user,user-db,payment,rabbitmq,catalogue,carts-db,queue-master,shipping,front-end,0.055800,0.035400,0.020800,0.020000,0.016700,0.016100,0.014500,0.013800,0.011400,0.009500,0.008200,0.006100,0.004900,0.002600
mmd_anm,carts,carts-db,session-db,catalogue-db,orders-db,rabbitmq,orders,user,shipping,queue-master,front-end,catalogue,user-db,payment,1.076000,0.486200,0.171700,0.168500,0.107700,0.102000,0.097000,0.090500,0.068100,0.050500,0.031400,0.023900,0.019900,0.004400
flow_add,carts,payment,catalogue-db,orders-db,user,session-db,front-end,user-db,catalogue,rabbitmq,shipping,carts-db,queue-master,orders,30.581120,13.639525,11.853889,7.319955,5.821365,5.016447,4.926436,3.241462,2.794983,2.692163,1.517738,1.394443,0.984528,0.200220
flow_sub,carts,catalogue-db,payment,orders-db,catalogue,front-end,orders,session-db,user,queue-master,shipping,user-db,carts-db,rabbitmq,29.134456,2.653615,2.352953,1.209752,1.071279,1.014612,0.784297,0.648391,0.461235,0.360719,0.217523,0.193860,0.193632,0.108739
flow_nrm,payment,catalogue-db,orders-db,session-db,user,front-end,catalogue,user-db,rabbitmq,shipping,carts,queue-master,carts-db,orders,7.996239,7.253752,4.264853,2.832419,2.680065,1.955912,1.933131,1.523801,1.400451,0.867631,0.723332,0.672623,0.600405,0.492258
flow_anm,carts,payment,catalogue-db,user,orders-db,front-end,session-db,user-db,rabbitmq,catalogue,carts-db,shipping,queue-master,orders,29.857788,5.643286,4.600137,3.141300,3.055102,2.970524,2.184028,1.717661,1.291712,0.861852,0.794037,0.650107,0.311905,-0.292039
wasserstein_add,carts,catalogue-db,payment,user,orders-db,carts-db,session-db,front-end,rabbitmq,user-db,catalogue,orders,shipping,queue-master,7.379500,2.665800,2.281600,1.893500,1.752600,1.622400,1.526100,1.067000,0.889800,0.798200,0.788100,0.573100,0.554300,0.399000
wasserstein_sub,carts,carts-db,user,session-db,payment,rabbitmq,front-end,shipping,orders,catalogue-db,queue-master,orders-db,user-db,catalogue,6.919700,1.272400,0.563500,0.490300,0.444200,0.421200,0.330000,0.262100,0.179100,0.171600,0.136800,0.112800,0.042000,0.019900
wasserstein_nrm,catalogue-db,payment,orders-db,user,session-db,user-db,catalogue,front-end,rabbitmq,carts,orders,carts-db,shipping,queue-master,1.418700,1.362900,0.819900,0.665000,0.517900,0.420100,0.404000,0.368500,0.234300,0.229900,0.197000,0.175000,0.146100,0.131100
wasserstein_anm,carts,carts-db,catalogue-db,user,session-db,orders-db,payment,front-end,rabbitmq,shipping,catalogue,user-db,orders,queue-master,7.149600,1.447400,1.247100,1.228500,1.008200,0.932700,0.918700,0.698500,0.655500,0.408200,0.384100,0.378100,0.376100,0.267900
baro_add,carts,catalogue,orders,queue-master,user-db,session-db,carts-db,catalogue-db,shipping,user,rabbitmq,front-end,payment,orders-db,744.892600,13.315200,12.464100,9.830500,9.247800,8.020800,6.548200,6.164500,6.131500,5.737800,5.730600,5.013300,4.687300,4.589800
baro_sub,carts,catalogue,orders,queue-master,orders-db,front-end,session-db,carts-db,catalogue-db,user-db,rabbitmq,shipping,user,payment,738.740800,7.596400,6.294900,4.123500,1.709600,1.403300,1.305600,1.115200,0.843900,0.816200,0.628600,0.603700,0.255000,0.101900
baro_nrm,user-db,catalogue-db,shipping,session-db,front-end,orders-db,orders,carts,catalogue,queue-master,user,carts-db,rabbitmq,payment,4.215800,3.504200,3.367600,3.357600,3.208300,3.149700,3.084600,3.075900,2.859400,2.853500,2.741400,2.716500,2.551000,2.292700
baro_anm,carts,catalogue,orders,queue-master,user-db,session-db,carts-db,rabbitmq,user,shipping,catalogue-db,payment,front-end,orders-db,741.816700,10.455800,9.379500,6.977000,5.032000,4.663200,3.831700,3.179600,2.996400,2.763900,2.660300,2.394600,1.805000,1.440100
