num_vars,method,k,n,perfect_recovery,ci_lo,ci_hi,outcomes
5,RCA-DCM,98,100,0.98,0.93,0.9945,1111111111111111111111111111111111111111111111111111111011111111111111111111111111111111011111111111
5,NSigma,65,100,0.65,0.5525,0.7364,1111010010110001000110101001110111111011011100111111111010001101111101011011111110111100001101111001
5,BARO,66,100,0.66,0.5628,0.7454,1111010010110001000111101001110111111011111100111111111010001100101111011011111110111100001101111001
5,CIRCA,85,100,0.85,0.7672,0.9069,1111010110111011111101111101111111101011111101111111111111011111111111011111111110111011101111111011
5,RCD,65,100,0.65,0.5525,0.7364,0111001100111111010101101101110101101011011111011101101011001111101110010000111111101010001111011101
5,RCG,88,100,0.88,0.8019,0.93,1111111111011011110111111101111111111111111111011101111011111111111111011011111111111110011111011111
5,RCA-DCM (mmd),99,100,0.99,0.9455,0.9982,1111111111111111111111111111111111111111111111111111111111111111111111111111111111111111011111111111
5,RCA-DCM (flow),84,100,0.84,0.7558,0.899,1111110011111011101011011110100111111111111111111110111101111011111111111111101101111011011111111111
10,RCA-DCM,54,100,0.54,0.4426,0.6344,1110111000001010111110110000011111001000110011111000010111101010001110101100010111000100110101101011
10,NSigma,14,100,0.14,0.0853,0.2214,0000001010100000100000100000000010000100000000010010000000000000001000010000000101000000000001000000
10,BARO,14,100,0.14,0.0853,0.2214,0000001010100000100000100000000010000100000000010010000000000000001000010000000101000000000001000000
10,CIRCA,34,100,0.34,0.2546,0.4372,1010001110001000001100011001011010010000000000100111000000001100101110010110001000000000011100100100
10,RCD,28,100,0.28,0.2014,0.3749,0000011010100100110000000001000000001001010001100101100000000000000001000000000001100100011101101011
10,RCG,36,100,0.36,0.2727,0.4576,1001111100100110010000111000000100000001000001000101110000001011101001100000011000100101010001000011
10,RCA-DCM (mmd),57,100,0.57,0.4722,0.6627,1100111100001110010110111000011011001100111111111000010011101010011000111100011111000110011101101011
10,RCA-DCM (flow),33,100,0.33,0.2456,0.4269,0101110110100110000010011001000100000111010000100000011000100110001001100001011000000000000010000110
